vuln_class,sweep_axis,config,trial,time_to_first_hit_ms,hits,probes_sent,final_corpus,hits_per_1000
sqli,gen_ratio,gen=0.0,0,27,248,300,249,826.67
sqli,gen_ratio,gen=0.0,1,26,244,300,244,813.33
sqli,gen_ratio,gen=0.0,2,27,244,300,245,813.33
sqli,gen_ratio,gen=0.0,3,33,257,300,258,856.67
sqli,gen_ratio,gen=0.0,4,28,254,300,255,846.67
sqli,gen_ratio,gen=0.0,5,25,238,300,239,793.33
sqli,gen_ratio,gen=0.0,6,23,241,300,242,803.33
sqli,gen_ratio,gen=0.0,7,32,239,300,240,796.67
sqli,gen_ratio,gen=0.0,8,32,241,300,242,803.33
sqli,gen_ratio,gen=0.0,9,31,273,300,274,910.00
sqli,gen_ratio,gen=0.0,10,33,259,300,260,863.33
sqli,gen_ratio,gen=0.0,11,28,243,300,244,810.00
sqli,gen_ratio,gen=0.0,12,26,241,300,242,803.33
sqli,gen_ratio,gen=0.0,13,27,255,300,256,850.00
sqli,gen_ratio,gen=0.0,14,38,237,300,238,790.00
sqli,gen_ratio,gen=0.0,15,39,240,300,241,800.00
sqli,gen_ratio,gen=0.0,16,25,237,300,238,790.00
sqli,gen_ratio,gen=0.0,17,33,244,300,245,813.33
sqli,gen_ratio,gen=0.0,18,34,253,300,254,843.33
sqli,gen_ratio,gen=0.0,19,55,263,300,264,876.67
sqli,gen_ratio,gen=0.1,0,23,251,300,252,836.67
sqli,gen_ratio,gen=0.1,1,30,233,300,234,776.67
sqli,gen_ratio,gen=0.1,2,28,236,300,236,786.67
sqli,gen_ratio,gen=0.1,3,29,263,300,264,876.67
sqli,gen_ratio,gen=0.1,4,25,236,300,237,786.67
sqli,gen_ratio,gen=0.1,5,34,251,300,252,836.67
sqli,gen_ratio,gen=0.1,6,36,216,300,217,720.00
sqli,gen_ratio,gen=0.1,7,31,235,300,236,783.33
sqli,gen_ratio,gen=0.1,8,23,228,300,229,760.00
sqli,gen_ratio,gen=0.1,9,25,265,300,266,883.33
sqli,gen_ratio,gen=0.1,10,26,232,300,233,773.33
sqli,gen_ratio,gen=0.1,11,26,236,300,237,786.67
sqli,gen_ratio,gen=0.1,12,23,238,300,239,793.33
sqli,gen_ratio,gen=0.1,13,22,272,300,273,906.67
sqli,gen_ratio,gen=0.1,14,24,228,300,229,760.00
sqli,gen_ratio,gen=0.1,15,24,233,300,234,776.67
sqli,gen_ratio,gen=0.1,16,25,230,300,231,766.67
sqli,gen_ratio,gen=0.1,17,24,246,300,247,820.00
sqli,gen_ratio,gen=0.1,18,23,244,300,245,813.33
sqli,gen_ratio,gen=0.1,19,44,264,300,265,880.00
sqli,gen_ratio,gen=0.2,0,27,259,300,260,863.33
sqli,gen_ratio,gen=0.2,1,24,240,300,241,800.00
sqli,gen_ratio,gen=0.2,2,25,249,300,249,830.00
sqli,gen_ratio,gen=0.2,3,23,235,300,236,783.33
sqli,gen_ratio,gen=0.2,4,23,226,300,227,753.33
sqli,gen_ratio,gen=0.2,5,26,262,300,263,873.33
sqli,gen_ratio,gen=0.2,6,26,246,300,247,820.00
sqli,gen_ratio,gen=0.2,7,24,244,300,245,813.33
sqli,gen_ratio,gen=0.2,8,23,248,300,249,826.67
sqli,gen_ratio,gen=0.2,9,23,250,300,251,833.33
sqli,gen_ratio,gen=0.2,10,22,242,300,243,806.67
sqli,gen_ratio,gen=0.2,11,25,240,300,241,800.00
sqli,gen_ratio,gen=0.2,12,25,241,300,242,803.33
sqli,gen_ratio,gen=0.2,13,21,250,300,251,833.33
sqli,gen_ratio,gen=0.2,14,26,240,300,241,800.00
sqli,gen_ratio,gen=0.2,15,23,245,300,246,816.67
sqli,gen_ratio,gen=0.2,16,23,261,300,262,870.00
sqli,gen_ratio,gen=0.2,17,28,245,300,246,816.67
sqli,gen_ratio,gen=0.2,18,23,239,300,240,796.67
sqli,gen_ratio,gen=0.2,19,30,251,300,252,836.67
sqli,gen_ratio,gen=0.3,0,26,251,300,252,836.67
sqli,gen_ratio,gen=0.3,1,23,245,300,246,816.67
sqli,gen_ratio,gen=0.3,2,25,256,300,257,853.33
sqli,gen_ratio,gen=0.3,3,25,208,300,209,693.33
sqli,gen_ratio,gen=0.3,4,25,249,300,250,830.00
sqli,gen_ratio,gen=0.3,5,33,231,300,232,770.00
sqli,gen_ratio,gen=0.3,6,32,239,300,240,796.67
sqli,gen_ratio,gen=0.3,7,27,234,300,235,780.00
sqli,gen_ratio,gen=0.3,8,28,219,300,220,730.00
sqli,gen_ratio,gen=0.3,9,33,263,300,263,876.67
sqli,gen_ratio,gen=0.3,10,30,253,300,254,843.33
sqli,gen_ratio,gen=0.3,11,26,260,300,261,866.67
sqli,gen_ratio,gen=0.3,12,23,244,300,245,813.33
sqli,gen_ratio,gen=0.3,13,32,243,300,244,810.00
sqli,gen_ratio,gen=0.3,14,37,245,300,246,816.67
sqli,gen_ratio,gen=0.3,15,33,238,300,239,793.33
sqli,gen_ratio,gen=0.3,16,26,259,300,260,863.33
sqli,gen_ratio,gen=0.3,17,28,236,300,237,786.67
sqli,gen_ratio,gen=0.3,18,23,251,300,252,836.67
sqli,gen_ratio,gen=0.3,19,37,249,300,250,830.00
sqli,gen_ratio,gen=0.4,0,38,243,300,244,810.00
sqli,gen_ratio,gen=0.4,1,26,235,300,236,783.33
sqli,gen_ratio,gen=0.4,2,23,234,300,235,780.00
sqli,gen_ratio,gen=0.4,3,25,242,300,243,806.67
sqli,gen_ratio,gen=0.4,4,27,240,300,241,800.00
sqli,gen_ratio,gen=0.4,5,24,233,300,234,776.67
sqli,gen_ratio,gen=0.4,6,24,227,300,228,756.67
sqli,gen_ratio,gen=0.4,7,29,241,300,241,803.33
sqli,gen_ratio,gen=0.4,8,24,240,300,241,800.00
sqli,gen_ratio,gen=0.4,9,29,247,300,248,823.33
sqli,gen_ratio,gen=0.4,10,27,239,300,240,796.67
sqli,gen_ratio,gen=0.4,11,30,258,300,259,860.00
sqli,gen_ratio,gen=0.4,12,25,254,300,255,846.67
sqli,gen_ratio,gen=0.4,13,27,235,300,236,783.33
sqli,gen_ratio,gen=0.4,14,28,242,300,243,806.67
sqli,gen_ratio,gen=0.4,15,23,232,300,233,773.33
sqli,gen_ratio,gen=0.4,16,24,223,300,224,743.33
sqli,gen_ratio,gen=0.4,17,31,230,300,231,766.67
sqli,gen_ratio,gen=0.4,18,22,255,300,256,850.00
sqli,gen_ratio,gen=0.4,19,30,247,300,248,823.33
sqli,gen_ratio,gen=0.5,0,37,244,300,245,813.33
sqli,gen_ratio,gen=0.5,1,25,245,300,246,816.67
sqli,gen_ratio,gen=0.5,2,29,231,300,232,770.00
sqli,gen_ratio,gen=0.5,3,32,242,300,243,806.67
sqli,gen_ratio,gen=0.5,4,29,240,300,241,800.00
sqli,gen_ratio,gen=0.5,5,26,250,300,251,833.33
sqli,gen_ratio,gen=0.5,6,25,249,300,250,830.00
sqli,gen_ratio,gen=0.5,7,25,254,300,255,846.67
sqli,gen_ratio,gen=0.5,8,33,219,300,220,730.00
sqli,gen_ratio,gen=0.5,9,29,235,300,236,783.33
sqli,gen_ratio,gen=0.5,10,27,248,300,249,826.67
sqli,gen_ratio,gen=0.5,11,32,260,300,261,866.67
sqli,gen_ratio,gen=0.5,12,23,244,300,245,813.33
sqli,gen_ratio,gen=0.5,13,24,241,300,242,803.33
sqli,gen_ratio,gen=0.5,14,28,258,300,259,860.00
sqli,gen_ratio,gen=0.5,15,30,227,300,228,756.67
sqli,gen_ratio,gen=0.5,16,29,247,300,248,823.33
sqli,gen_ratio,gen=0.5,17,34,235,300,236,783.33
sqli,gen_ratio,gen=0.5,18,34,253,300,254,843.33
sqli,gen_ratio,gen=0.5,19,27,248,300,249,826.67
sqli,gen_ratio,gen=0.6,0,31,251,300,252,836.67
sqli,gen_ratio,gen=0.6,1,24,251,300,252,836.67
sqli,gen_ratio,gen=0.6,2,25,242,300,243,806.67
sqli,gen_ratio,gen=0.6,3,30,231,300,232,770.00
sqli,gen_ratio,gen=0.6,4,26,246,300,247,820.00
sqli,gen_ratio,gen=0.6,5,32,234,300,235,780.00
sqli,gen_ratio,gen=0.6,6,25,236,300,237,786.67
sqli,gen_ratio,gen=0.6,7,27,245,300,246,816.67
sqli,gen_ratio,gen=0.6,8,32,231,300,232,770.00
sqli,gen_ratio,gen=0.6,9,36,235,300,236,783.33
sqli,gen_ratio,gen=0.6,10,28,251,300,252,836.67
sqli,gen_ratio,gen=0.6,11,31,244,300,245,813.33
sqli,gen_ratio,gen=0.6,12,23,244,300,245,813.33
sqli,gen_ratio,gen=0.6,13,26,250,300,251,833.33
sqli,gen_ratio,gen=0.6,14,37,257,300,258,856.67
sqli,gen_ratio,gen=0.6,15,27,243,300,244,810.00
sqli,gen_ratio,gen=0.6,16,24,242,300,243,806.67
sqli,gen_ratio,gen=0.6,17,28,229,300,230,763.33
sqli,gen_ratio,gen=0.6,18,28,249,300,250,830.00
sqli,gen_ratio,gen=0.6,19,25,242,300,243,806.67
sqli,gen_ratio,gen=0.7,0,32,240,300,241,800.00
sqli,gen_ratio,gen=0.7,1,24,241,300,242,803.33
sqli,gen_ratio,gen=0.7,2,29,262,300,263,873.33
sqli,gen_ratio,gen=0.7,3,26,238,300,239,793.33
sqli,gen_ratio,gen=0.7,4,31,235,300,236,783.33
sqli,gen_ratio,gen=0.7,5,26,246,300,247,820.00
sqli,gen_ratio,gen=0.7,6,24,237,300,238,790.00
sqli,gen_ratio,gen=0.7,7,27,242,300,243,806.67
sqli,gen_ratio,gen=0.7,8,28,247,300,248,823.33
sqli,gen_ratio,gen=0.7,9,34,236,300,237,786.67
sqli,gen_ratio,gen=0.7,10,25,240,300,241,800.00
sqli,gen_ratio,gen=0.7,11,31,243,300,244,810.00
sqli,gen_ratio,gen=0.7,12,24,233,300,234,776.67
sqli,gen_ratio,gen=0.7,13,26,232,300,233,773.33
sqli,gen_ratio,gen=0.7,14,32,245,300,246,816.67
sqli,gen_ratio,gen=0.7,15,34,252,300,253,840.00
sqli,gen_ratio,gen=0.7,16,25,237,300,238,790.00
sqli,gen_ratio,gen=0.7,17,24,215,300,216,716.67
sqli,gen_ratio,gen=0.7,18,22,242,300,243,806.67
sqli,gen_ratio,gen=0.7,19,22,245,300,246,816.67
sqli,gen_ratio,gen=0.8,0,33,245,300,246,816.67
sqli,gen_ratio,gen=0.8,1,28,243,300,244,810.00
sqli,gen_ratio,gen=0.8,2,28,251,300,251,836.67
sqli,gen_ratio,gen=0.8,3,36,242,300,242,806.67
sqli,gen_ratio,gen=0.8,4,28,246,300,247,820.00
sqli,gen_ratio,gen=0.8,5,28,254,300,255,846.67
sqli,gen_ratio,gen=0.8,6,30,238,300,239,793.33
sqli,gen_ratio,gen=0.8,7,33,248,300,249,826.67
sqli,gen_ratio,gen=0.8,8,34,247,300,248,823.33
sqli,gen_ratio,gen=0.8,9,28,241,300,242,803.33
sqli,gen_ratio,gen=0.8,10,33,238,300,239,793.33
sqli,gen_ratio,gen=0.8,11,30,251,300,252,836.67
sqli,gen_ratio,gen=0.8,12,26,239,300,239,796.67
sqli,gen_ratio,gen=0.8,13,25,245,300,246,816.67
sqli,gen_ratio,gen=0.8,14,43,249,300,250,830.00
sqli,gen_ratio,gen=0.8,15,35,256,300,257,853.33
sqli,gen_ratio,gen=0.8,16,29,238,300,239,793.33
sqli,gen_ratio,gen=0.8,17,32,236,300,237,786.67
sqli,gen_ratio,gen=0.8,18,38,244,300,244,813.33
sqli,gen_ratio,gen=0.8,19,27,253,300,254,843.33
sqli,gen_ratio,gen=0.9,0,33,234,300,235,780.00
sqli,gen_ratio,gen=0.9,1,29,262,300,263,873.33
sqli,gen_ratio,gen=0.9,2,26,248,300,249,826.67
sqli,gen_ratio,gen=0.9,3,26,239,300,239,796.67
sqli,gen_ratio,gen=0.9,4,28,248,300,249,826.67
sqli,gen_ratio,gen=0.9,5,26,262,300,263,873.33
sqli,gen_ratio,gen=0.9,6,28,250,300,251,833.33
sqli,gen_ratio,gen=0.9,7,24,251,300,252,836.67
sqli,gen_ratio,gen=0.9,8,35,248,300,249,826.67
sqli,gen_ratio,gen=0.9,9,29,249,300,250,830.00
sqli,gen_ratio,gen=0.9,10,25,247,300,248,823.33
sqli,gen_ratio,gen=0.9,11,32,255,300,256,850.00
sqli,gen_ratio,gen=0.9,12,31,261,300,262,870.00
sqli,gen_ratio,gen=0.9,13,27,237,300,238,790.00
sqli,gen_ratio,gen=0.9,14,33,252,300,253,840.00
sqli,gen_ratio,gen=0.9,15,29,251,300,252,836.67
sqli,gen_ratio,gen=0.9,16,28,249,300,250,830.00
sqli,gen_ratio,gen=0.9,17,34,243,300,244,810.00
sqli,gen_ratio,gen=0.9,18,29,258,300,259,860.00
sqli,gen_ratio,gen=0.9,19,30,255,300,256,850.00
sqli,gen_ratio,gen=1.0,0,32,240,300,241,800.00
sqli,gen_ratio,gen=1.0,1,26,250,300,251,833.33
sqli,gen_ratio,gen=1.0,2,31,247,300,248,823.33
sqli,gen_ratio,gen=1.0,3,32,252,300,253,840.00
sqli,gen_ratio,gen=1.0,4,40,255,300,256,850.00
sqli,gen_ratio,gen=1.0,5,29,261,300,262,870.00
sqli,gen_ratio,gen=1.0,6,32,260,300,261,866.67
sqli,gen_ratio,gen=1.0,7,26,258,300,259,860.00
sqli,gen_ratio,gen=1.0,8,25,255,300,256,850.00
sqli,gen_ratio,gen=1.0,9,27,240,300,241,800.00
sqli,gen_ratio,gen=1.0,10,25,250,300,251,833.33
sqli,gen_ratio,gen=1.0,11,32,262,300,263,873.33
sqli,gen_ratio,gen=1.0,12,37,258,300,259,860.00
sqli,gen_ratio,gen=1.0,13,39,244,300,245,813.33
sqli,gen_ratio,gen=1.0,14,43,256,300,257,853.33
sqli,gen_ratio,gen=1.0,15,30,253,300,254,843.33
sqli,gen_ratio,gen=1.0,16,33,245,300,246,816.67
sqli,gen_ratio,gen=1.0,17,44,249,300,250,830.00
sqli,gen_ratio,gen=1.0,18,29,257,300,258,856.67
sqli,gen_ratio,gen=1.0,19,34,255,300,256,850.00
sqli,length,len=short,0,36,266,300,263,886.67
sqli,length,len=short,1,25,269,300,270,896.67
sqli,length,len=short,2,23,258,300,257,860.00
sqli,length,len=short,3,30,262,300,261,873.33
sqli,length,len=short,4,32,270,300,269,900.00
sqli,length,len=short,5,21,264,300,262,880.00
sqli,length,len=short,6,21,269,300,266,896.67
sqli,length,len=short,7,31,266,300,264,886.67
sqli,length,len=short,8,23,269,300,270,896.67
sqli,length,len=short,9,20,262,300,262,873.33
sqli,length,len=short,10,21,270,300,270,900.00
sqli,length,len=short,11,21,262,300,262,873.33
sqli,length,len=short,12,20,269,300,264,896.67
sqli,length,len=short,13,21,258,300,257,860.00
sqli,length,len=short,14,23,264,300,263,880.00
sqli,length,len=short,15,20,266,300,266,886.67
sqli,length,len=short,16,25,263,300,261,876.67
sqli,length,len=short,17,23,259,300,258,863.33
sqli,length,len=short,18,21,247,300,248,823.33
sqli,length,len=short,19,20,263,300,264,876.67
sqli,length,len=medium,0,32,240,300,241,800.00
sqli,length,len=medium,1,27,241,300,242,803.33
sqli,length,len=medium,2,28,262,300,263,873.33
sqli,length,len=medium,3,25,238,300,239,793.33
sqli,length,len=medium,4,25,235,300,236,783.33
sqli,length,len=medium,5,24,246,300,247,820.00
sqli,length,len=medium,6,25,237,300,238,790.00
sqli,length,len=medium,7,24,242,300,243,806.67
sqli,length,len=medium,8,28,247,300,248,823.33
sqli,length,len=medium,9,30,236,300,237,786.67
sqli,length,len=medium,10,29,240,300,241,800.00
sqli,length,len=medium,11,31,243,300,244,810.00
sqli,length,len=medium,12,24,233,300,234,776.67
sqli,length,len=medium,13,26,232,300,233,773.33
sqli,length,len=medium,14,35,245,300,246,816.67
sqli,length,len=medium,15,33,252,300,253,840.00
sqli,length,len=medium,16,32,237,300,238,790.00
sqli,length,len=medium,17,25,215,300,216,716.67
sqli,length,len=medium,18,23,242,300,243,806.67
sqli,length,len=medium,19,23,245,300,246,816.67
sqli,length,len=long,0,43,231,300,232,770.00
sqli,length,len=long,1,34,213,300,214,710.00
sqli,length,len=long,2,43,206,300,207,686.67
sqli,length,len=long,3,48,213,300,214,710.00
sqli,length,len=long,4,36,236,300,237,786.67
sqli,length,len=long,5,48,236,300,237,786.67
sqli,length,len=long,6,36,210,300,211,700.00
sqli,length,len=long,7,43,222,300,223,740.00
sqli,length,len=long,8,43,221,300,222,736.67
sqli,length,len=long,9,58,233,300,234,776.67
sqli,length,len=long,10,51,216,300,217,720.00
sqli,length,len=long,11,58,213,300,214,710.00
sqli,length,len=long,12,47,224,300,225,746.67
sqli,length,len=long,13,38,213,300,214,710.00
sqli,length,len=long,14,38,216,300,217,720.00
sqli,length,len=long,15,36,220,300,221,733.33
sqli,length,len=long,16,49,231,300,232,770.00
sqli,length,len=long,17,35,203,300,204,676.67
sqli,length,len=long,18,36,238,300,239,793.33
sqli,length,len=long,19,34,221,300,222,736.67
sqli,havoc,havoc=default,0,33,240,300,241,800.00
sqli,havoc,havoc=default,1,26,241,300,242,803.33
sqli,havoc,havoc=default,2,27,262,300,263,873.33
sqli,havoc,havoc=default,3,25,238,300,239,793.33
sqli,havoc,havoc=default,4,25,235,300,236,783.33
sqli,havoc,havoc=default,5,24,246,300,247,820.00
sqli,havoc,havoc=default,6,23,237,300,238,790.00
sqli,havoc,havoc=default,7,25,242,300,243,806.67
sqli,havoc,havoc=default,8,27,247,300,248,823.33
sqli,havoc,havoc=default,9,32,236,300,237,786.67
sqli,havoc,havoc=default,10,30,240,300,241,800.00
sqli,havoc,havoc=default,11,32,243,300,244,810.00
sqli,havoc,havoc=default,12,27,233,300,234,776.67
sqli,havoc,havoc=default,13,34,232,300,233,773.33
sqli,havoc,havoc=default,14,32,245,300,246,816.67
sqli,havoc,havoc=default,15,29,252,300,253,840.00
sqli,havoc,havoc=default,16,24,237,300,238,790.00
sqli,havoc,havoc=default,17,25,215,300,216,716.67
sqli,havoc,havoc=default,18,23,242,300,243,806.67
sqli,havoc,havoc=default,19,23,245,300,246,816.67
sqli,havoc,havoc=structural,0,33,251,300,252,836.67
sqli,havoc,havoc=structural,1,28,235,300,236,783.33
sqli,havoc,havoc=structural,2,24,240,300,241,800.00
sqli,havoc,havoc=structural,3,27,232,300,233,773.33
sqli,havoc,havoc=structural,4,37,271,300,272,903.33
sqli,havoc,havoc=structural,5,29,239,300,240,796.67
sqli,havoc,havoc=structural,6,24,243,300,244,810.00
sqli,havoc,havoc=structural,7,27,244,300,245,813.33
sqli,havoc,havoc=structural,8,34,246,300,247,820.00
sqli,havoc,havoc=structural,9,32,239,300,240,796.67
sqli,havoc,havoc=structural,10,25,240,300,241,800.00
sqli,havoc,havoc=structural,11,29,237,300,238,790.00
sqli,havoc,havoc=structural,12,29,234,300,235,780.00
sqli,havoc,havoc=structural,13,31,250,300,251,833.33
sqli,havoc,havoc=structural,14,31,239,300,240,796.67
sqli,havoc,havoc=structural,15,39,248,300,249,826.67
sqli,havoc,havoc=structural,16,32,242,300,243,806.67
sqli,havoc,havoc=structural,17,26,225,300,226,750.00
sqli,havoc,havoc=structural,18,33,236,300,237,786.67
sqli,havoc,havoc=structural,19,27,243,300,244,810.00
sqli,havoc,havoc=destructive,0,52,233,300,234,776.67
sqli,havoc,havoc=destructive,1,35,228,300,229,760.00
sqli,havoc,havoc=destructive,2,32,238,300,239,793.33
sqli,havoc,havoc=destructive,3,40,229,300,230,763.33
sqli,havoc,havoc=destructive,4,40,233,300,234,776.67
sqli,havoc,havoc=destructive,5,32,223,300,224,743.33
sqli,havoc,havoc=destructive,6,32,228,300,229,760.00
sqli,havoc,havoc=destructive,7,30,233,300,234,776.67
sqli,havoc,havoc=destructive,8,59,226,300,227,753.33
sqli,havoc,havoc=destructive,9,33,219,300,220,730.00
sqli,havoc,havoc=destructive,10,33,226,300,227,753.33
sqli,havoc,havoc=destructive,11,32,235,300,236,783.33
sqli,havoc,havoc=destructive,12,43,234,300,235,780.00
sqli,havoc,havoc=destructive,13,47,221,300,222,736.67
sqli,havoc,havoc=destructive,14,28,226,300,227,753.33
sqli,havoc,havoc=destructive,15,50,241,300,242,803.33
sqli,havoc,havoc=destructive,16,38,224,300,225,746.67
sqli,havoc,havoc=destructive,17,85,223,300,224,743.33
sqli,havoc,havoc=destructive,18,30,223,300,224,743.33
sqli,havoc,havoc=destructive,19,25,231,300,232,770.00
sqli,havoc,havoc=encoding,0,35,245,300,246,816.67
sqli,havoc,havoc=encoding,1,24,238,300,239,793.33
sqli,havoc,havoc=encoding,2,29,254,300,255,846.67
sqli,havoc,havoc=encoding,3,30,244,300,245,813.33
sqli,havoc,havoc=encoding,4,38,266,300,267,886.67
sqli,havoc,havoc=encoding,5,34,237,300,238,790.00
sqli,havoc,havoc=encoding,6,37,240,300,241,800.00
sqli,havoc,havoc=encoding,7,31,254,300,255,846.67
sqli,havoc,havoc=encoding,8,28,249,300,250,830.00
sqli,havoc,havoc=encoding,9,27,237,300,238,790.00
sqli,havoc,havoc=encoding,10,36,250,300,251,833.33
sqli,havoc,havoc=encoding,11,29,249,300,250,830.00
sqli,havoc,havoc=encoding,12,26,248,300,249,826.67
sqli,havoc,havoc=encoding,13,35,249,300,250,830.00
sqli,havoc,havoc=encoding,14,29,246,300,247,820.00
sqli,havoc,havoc=encoding,15,29,250,300,251,833.33
sqli,havoc,havoc=encoding,16,31,242,300,243,806.67
sqli,havoc,havoc=encoding,17,34,242,300,243,806.67
sqli,havoc,havoc=encoding,18,27,243,300,244,810.00
sqli,havoc,havoc=encoding,19,28,248,300,249,826.67
sqli,placement,place=a0.0_p0.5,0,25,195,300,196,650.00
sqli,placement,place=a0.0_p0.5,1,21,206,300,207,686.67
sqli,placement,place=a0.0_p0.5,2,22,203,300,204,676.67
sqli,placement,place=a0.0_p0.5,3,21,201,300,202,670.00
sqli,placement,place=a0.0_p0.5,4,24,210,300,211,700.00
sqli,placement,place=a0.0_p0.5,5,26,200,300,201,666.67
sqli,placement,place=a0.0_p0.5,6,22,205,300,206,683.33
sqli,placement,place=a0.0_p0.5,7,21,214,300,215,713.33
sqli,placement,place=a0.0_p0.5,8,21,210,300,211,700.00
sqli,placement,place=a0.0_p0.5,9,21,192,300,193,640.00
sqli,placement,place=a0.0_p0.5,10,25,186,300,187,620.00
sqli,placement,place=a0.0_p0.5,11,23,202,300,203,673.33
sqli,placement,place=a0.0_p0.5,12,21,204,300,205,680.00
sqli,placement,place=a0.0_p0.5,13,26,193,300,194,643.33
sqli,placement,place=a0.0_p0.5,14,32,199,300,200,663.33
sqli,placement,place=a0.0_p0.5,15,23,206,300,207,686.67
sqli,placement,place=a0.0_p0.5,16,22,205,300,206,683.33
sqli,placement,place=a0.0_p0.5,17,22,196,300,197,653.33
sqli,placement,place=a0.0_p0.5,18,26,205,300,206,683.33
sqli,placement,place=a0.0_p0.5,19,25,204,300,205,680.00
sqli,placement,place=a0.0_p1.0,0,22,195,300,196,650.00
sqli,placement,place=a0.0_p1.0,1,23,206,300,207,686.67
sqli,placement,place=a0.0_p1.0,2,24,203,300,204,676.67
sqli,placement,place=a0.0_p1.0,3,22,201,300,202,670.00
sqli,placement,place=a0.0_p1.0,4,22,210,300,211,700.00
sqli,placement,place=a0.0_p1.0,5,21,200,300,201,666.67
sqli,placement,place=a0.0_p1.0,6,21,205,300,206,683.33
sqli,placement,place=a0.0_p1.0,7,21,214,300,215,713.33
sqli,placement,place=a0.0_p1.0,8,23,210,300,211,700.00
sqli,placement,place=a0.0_p1.0,9,22,192,300,193,640.00
sqli,placement,place=a0.0_p1.0,10,23,186,300,187,620.00
sqli,placement,place=a0.0_p1.0,11,29,202,300,203,673.33
sqli,placement,place=a0.0_p1.0,12,22,204,300,205,680.00
sqli,placement,place=a0.0_p1.0,13,22,193,300,194,643.33
sqli,placement,place=a0.0_p1.0,14,39,199,300,200,663.33
sqli,placement,place=a0.0_p1.0,15,26,206,300,207,686.67
sqli,placement,place=a0.0_p1.0,16,22,205,300,206,683.33
sqli,placement,place=a0.0_p1.0,17,22,196,300,197,653.33
sqli,placement,place=a0.0_p1.0,18,23,205,300,206,683.33
sqli,placement,place=a0.0_p1.0,19,23,204,300,205,680.00
sqli,placement,place=a0.0_p2.0,0,24,195,300,196,650.00
sqli,placement,place=a0.0_p2.0,1,21,206,300,207,686.67
sqli,placement,place=a0.0_p2.0,2,23,203,300,204,676.67
sqli,placement,place=a0.0_p2.0,3,27,201,300,202,670.00
sqli,placement,place=a0.0_p2.0,4,22,210,300,211,700.00
sqli,placement,place=a0.0_p2.0,5,28,200,300,201,666.67
sqli,placement,place=a0.0_p2.0,6,21,205,300,206,683.33
sqli,placement,place=a0.0_p2.0,7,21,214,300,215,713.33
sqli,placement,place=a0.0_p2.0,8,22,210,300,211,700.00
sqli,placement,place=a0.0_p2.0,9,26,192,300,193,640.00
sqli,placement,place=a0.0_p2.0,10,25,186,300,187,620.00
sqli,placement,place=a0.0_p2.0,11,23,202,300,203,673.33
sqli,placement,place=a0.0_p2.0,12,30,204,300,205,680.00
sqli,placement,place=a0.0_p2.0,13,30,193,300,194,643.33
sqli,placement,place=a0.0_p2.0,14,32,199,300,200,663.33
sqli,placement,place=a0.0_p2.0,15,23,206,300,207,686.67
sqli,placement,place=a0.0_p2.0,16,22,205,300,206,683.33
sqli,placement,place=a0.0_p2.0,17,22,196,300,197,653.33
sqli,placement,place=a0.0_p2.0,18,22,205,300,206,683.33
sqli,placement,place=a0.0_p2.0,19,23,204,300,205,680.00
sqli,placement,place=a0.0_p4.0,0,22,195,300,196,650.00
sqli,placement,place=a0.0_p4.0,1,23,206,300,207,686.67
sqli,placement,place=a0.0_p4.0,2,22,203,300,204,676.67
sqli,placement,place=a0.0_p4.0,3,22,201,300,202,670.00
sqli,placement,place=a0.0_p4.0,4,26,210,300,211,700.00
sqli,placement,place=a0.0_p4.0,5,22,200,300,201,666.67
sqli,placement,place=a0.0_p4.0,6,22,205,300,206,683.33
sqli,placement,place=a0.0_p4.0,7,21,214,300,215,713.33
sqli,placement,place=a0.0_p4.0,8,21,210,300,211,700.00
sqli,placement,place=a0.0_p4.0,9,21,192,300,193,640.00
sqli,placement,place=a0.0_p4.0,10,23,186,300,187,620.00
sqli,placement,place=a0.0_p4.0,11,23,202,300,203,673.33
sqli,placement,place=a0.0_p4.0,12,21,204,300,205,680.00
sqli,placement,place=a0.0_p4.0,13,23,193,300,194,643.33
sqli,placement,place=a0.0_p4.0,14,39,199,300,200,663.33
sqli,placement,place=a0.0_p4.0,15,24,206,300,207,686.67
sqli,placement,place=a0.0_p4.0,16,22,205,300,206,683.33
sqli,placement,place=a0.0_p4.0,17,21,196,300,197,653.33
sqli,placement,place=a0.0_p4.0,18,22,205,300,206,683.33
sqli,placement,place=a0.0_p4.0,19,24,204,300,205,680.00
sqli,placement,place=a0.5_p0.0,0,30,287,300,288,956.67
sqli,placement,place=a0.5_p0.0,1,25,281,300,282,936.67
sqli,placement,place=a0.5_p0.0,2,27,291,300,292,970.00
sqli,placement,place=a0.5_p0.0,3,29,279,300,280,930.00
sqli,placement,place=a0.5_p0.0,4,35,283,300,284,943.33
sqli,placement,place=a0.5_p0.0,5,26,288,300,289,960.00
sqli,placement,place=a0.5_p0.0,6,25,281,300,281,936.67
sqli,placement,place=a0.5_p0.0,7,25,285,300,286,950.00
sqli,placement,place=a0.5_p0.0,8,27,283,300,284,943.33
sqli,placement,place=a0.5_p0.0,9,26,285,300,285,950.00
sqli,placement,place=a0.5_p0.0,10,29,284,300,285,946.67
sqli,placement,place=a0.5_p0.0,11,30,281,300,282,936.67
sqli,placement,place=a0.5_p0.0,12,30,288,300,289,960.00
sqli,placement,place=a0.5_p0.0,13,43,291,300,292,970.00
sqli,placement,place=a0.5_p0.0,14,39,286,300,287,953.33
sqli,placement,place=a0.5_p0.0,15,29,288,300,289,960.00
sqli,placement,place=a0.5_p0.0,16,27,284,300,285,946.67
sqli,placement,place=a0.5_p0.0,17,27,284,300,285,946.67
sqli,placement,place=a0.5_p0.0,18,33,287,300,288,956.67
sqli,placement,place=a0.5_p0.0,19,25,288,300,289,960.00
sqli,placement,place=a0.5_p0.5,0,30,239,300,240,796.67
sqli,placement,place=a0.5_p0.5,1,24,241,300,242,803.33
sqli,placement,place=a0.5_p0.5,2,31,243,300,244,810.00
sqli,placement,place=a0.5_p0.5,3,25,238,300,239,793.33
sqli,placement,place=a0.5_p0.5,4,24,225,300,226,750.00
sqli,placement,place=a0.5_p0.5,5,24,239,300,240,796.67
sqli,placement,place=a0.5_p0.5,6,34,235,300,236,783.33
sqli,placement,place=a0.5_p0.5,7,24,263,300,264,876.67
sqli,placement,place=a0.5_p0.5,8,27,240,300,241,800.00
sqli,placement,place=a0.5_p0.5,9,28,243,300,244,810.00
sqli,placement,place=a0.5_p0.5,10,37,236,300,237,786.67
sqli,placement,place=a0.5_p0.5,11,39,249,300,250,830.00
sqli,placement,place=a0.5_p0.5,12,30,237,300,238,790.00
sqli,placement,place=a0.5_p0.5,13,24,246,300,247,820.00
sqli,placement,place=a0.5_p0.5,14,30,255,300,256,850.00
sqli,placement,place=a0.5_p0.5,15,34,247,300,248,823.33
sqli,placement,place=a0.5_p0.5,16,25,233,300,234,776.67
sqli,placement,place=a0.5_p0.5,17,26,238,300,239,793.33
sqli,placement,place=a0.5_p0.5,18,23,237,300,238,790.00
sqli,placement,place=a0.5_p0.5,19,23,249,300,250,830.00
sqli,placement,place=a0.5_p1.0,0,34,232,300,233,773.33
sqli,placement,place=a0.5_p1.0,1,24,229,300,230,763.33
sqli,placement,place=a0.5_p1.0,2,23,242,300,243,806.67
sqli,placement,place=a0.5_p1.0,3,25,221,300,222,736.67
sqli,placement,place=a0.5_p1.0,4,25,227,300,228,756.67
sqli,placement,place=a0.5_p1.0,5,23,228,300,229,760.00
sqli,placement,place=a0.5_p1.0,6,24,224,300,225,746.67
sqli,placement,place=a0.5_p1.0,7,23,228,300,229,760.00
sqli,placement,place=a0.5_p1.0,8,24,227,300,228,756.67
sqli,placement,place=a0.5_p1.0,9,24,231,300,232,770.00
sqli,placement,place=a0.5_p1.0,10,26,233,300,234,776.67
sqli,placement,place=a0.5_p1.0,11,25,225,300,226,750.00
sqli,placement,place=a0.5_p1.0,12,24,231,300,232,770.00
sqli,placement,place=a0.5_p1.0,13,24,217,300,218,723.33
sqli,placement,place=a0.5_p1.0,14,31,234,300,235,780.00
sqli,placement,place=a0.5_p1.0,15,25,223,300,224,743.33
sqli,placement,place=a0.5_p1.0,16,27,222,300,223,740.00
sqli,placement,place=a0.5_p1.0,17,25,230,300,231,766.67
sqli,placement,place=a0.5_p1.0,18,23,236,300,237,786.67
sqli,placement,place=a0.5_p1.0,19,25,239,300,239,796.67
sqli,placement,place=a0.5_p2.0,0,23,227,300,228,756.67
sqli,placement,place=a0.5_p2.0,1,22,217,300,218,723.33
sqli,placement,place=a0.5_p2.0,2,24,232,300,233,773.33
sqli,placement,place=a0.5_p2.0,3,25,212,300,213,706.67
sqli,placement,place=a0.5_p2.0,4,29,214,300,215,713.33
sqli,placement,place=a0.5_p2.0,5,29,224,300,225,746.67
sqli,placement,place=a0.5_p2.0,6,23,209,300,210,696.67
sqli,placement,place=a0.5_p2.0,7,22,219,300,220,730.00
sqli,placement,place=a0.5_p2.0,8,23,202,300,203,673.33
sqli,placement,place=a0.5_p2.0,9,25,223,300,224,743.33
sqli,placement,place=a0.5_p2.0,10,24,214,300,215,713.33
sqli,placement,place=a0.5_p2.0,11,22,227,300,228,756.67
sqli,placement,place=a0.5_p2.0,12,24,212,300,213,706.67
sqli,placement,place=a0.5_p2.0,13,27,209,300,210,696.67
sqli,placement,place=a0.5_p2.0,14,27,221,300,222,736.67
sqli,placement,place=a0.5_p2.0,15,24,221,300,222,736.67
sqli,placement,place=a0.5_p2.0,16,27,223,300,224,743.33
sqli,placement,place=a0.5_p2.0,17,22,223,300,224,743.33
sqli,placement,place=a0.5_p2.0,18,26,207,300,208,690.00
sqli,placement,place=a0.5_p2.0,19,26,224,300,225,746.67
sqli,placement,place=a0.5_p4.0,0,22,216,300,217,720.00
sqli,placement,place=a0.5_p4.0,1,27,215,300,216,716.67
sqli,placement,place=a0.5_p4.0,2,29,222,300,223,740.00
sqli,placement,place=a0.5_p4.0,3,30,211,300,212,703.33
sqli,placement,place=a0.5_p4.0,4,22,212,300,213,706.67
sqli,placement,place=a0.5_p4.0,5,24,219,300,220,730.00
sqli,placement,place=a0.5_p4.0,6,22,207,300,208,690.00
sqli,placement,place=a0.5_p4.0,7,24,219,300,220,730.00
sqli,placement,place=a0.5_p4.0,8,22,215,300,216,716.67
sqli,placement,place=a0.5_p4.0,9,21,212,300,213,706.67
sqli,placement,place=a0.5_p4.0,10,25,207,300,208,690.00
sqli,placement,place=a0.5_p4.0,11,27,224,300,225,746.67
sqli,placement,place=a0.5_p4.0,12,30,206,300,207,686.67
sqli,placement,place=a0.5_p4.0,13,24,216,300,217,720.00
sqli,placement,place=a0.5_p4.0,14,25,212,300,213,706.67
sqli,placement,place=a0.5_p4.0,15,25,207,300,208,690.00
sqli,placement,place=a0.5_p4.0,16,26,212,300,213,706.67
sqli,placement,place=a0.5_p4.0,17,23,213,300,214,710.00
sqli,placement,place=a0.5_p4.0,18,22,208,300,209,693.33
sqli,placement,place=a0.5_p4.0,19,24,217,300,218,723.33
sqli,placement,place=a1.0_p0.0,0,30,287,300,288,956.67
sqli,placement,place=a1.0_p0.0,1,26,281,300,282,936.67
sqli,placement,place=a1.0_p0.0,2,24,291,300,292,970.00
sqli,placement,place=a1.0_p0.0,3,25,279,300,280,930.00
sqli,placement,place=a1.0_p0.0,4,32,283,300,284,943.33
sqli,placement,place=a1.0_p0.0,5,25,288,300,289,960.00
sqli,placement,place=a1.0_p0.0,6,25,281,300,281,936.67
sqli,placement,place=a1.0_p0.0,7,25,285,300,286,950.00
sqli,placement,place=a1.0_p0.0,8,28,283,300,284,943.33
sqli,placement,place=a1.0_p0.0,9,26,285,300,285,950.00
sqli,placement,place=a1.0_p0.0,10,29,284,300,285,946.67
sqli,placement,place=a1.0_p0.0,11,34,281,300,282,936.67
sqli,placement,place=a1.0_p0.0,12,33,288,300,289,960.00
sqli,placement,place=a1.0_p0.0,13,36,291,300,292,970.00
sqli,placement,place=a1.0_p0.0,14,28,286,300,287,953.33
sqli,placement,place=a1.0_p0.0,15,35,288,300,289,960.00
sqli,placement,place=a1.0_p0.0,16,27,284,300,285,946.67
sqli,placement,place=a1.0_p0.0,17,27,284,300,285,946.67
sqli,placement,place=a1.0_p0.0,18,27,287,300,288,956.67
sqli,placement,place=a1.0_p0.0,19,31,288,300,289,960.00
sqli,placement,place=a1.0_p0.5,0,34,254,300,255,846.67
sqli,placement,place=a1.0_p0.5,1,26,264,300,265,880.00
sqli,placement,place=a1.0_p0.5,2,30,263,300,264,876.67
sqli,placement,place=a1.0_p0.5,3,39,266,300,267,886.67
sqli,placement,place=a1.0_p0.5,4,23,261,300,262,870.00
sqli,placement,place=a1.0_p0.5,5,24,247,300,248,823.33
sqli,placement,place=a1.0_p0.5,6,33,269,300,270,896.67
sqli,placement,place=a1.0_p0.5,7,30,263,300,264,876.67
sqli,placement,place=a1.0_p0.5,8,27,247,300,248,823.33
sqli,placement,place=a1.0_p0.5,9,23,256,300,257,853.33
sqli,placement,place=a1.0_p0.5,10,29,267,300,268,890.00
sqli,placement,place=a1.0_p0.5,11,41,262,300,263,873.33
sqli,placement,place=a1.0_p0.5,12,23,252,300,253,840.00
sqli,placement,place=a1.0_p0.5,13,33,258,300,259,860.00
sqli,placement,place=a1.0_p0.5,14,38,253,300,254,843.33
sqli,placement,place=a1.0_p0.5,15,35,262,300,263,873.33
sqli,placement,place=a1.0_p0.5,16,29,253,300,254,843.33
sqli,placement,place=a1.0_p0.5,17,26,252,300,253,840.00
sqli,placement,place=a1.0_p0.5,18,24,269,300,270,896.67
sqli,placement,place=a1.0_p0.5,19,25,258,300,259,860.00
sqli,placement,place=a1.0_p1.0,0,32,239,300,240,796.67
sqli,placement,place=a1.0_p1.0,1,25,241,300,242,803.33
sqli,placement,place=a1.0_p1.0,2,25,243,300,244,810.00
sqli,placement,place=a1.0_p1.0,3,26,238,300,239,793.33
sqli,placement,place=a1.0_p1.0,4,24,225,300,226,750.00
sqli,placement,place=a1.0_p1.0,5,25,239,300,240,796.67
sqli,placement,place=a1.0_p1.0,6,23,235,300,236,783.33
sqli,placement,place=a1.0_p1.0,7,23,263,300,264,876.67
sqli,placement,place=a1.0_p1.0,8,27,240,300,241,800.00
sqli,placement,place=a1.0_p1.0,9,23,243,300,244,810.00
sqli,placement,place=a1.0_p1.0,10,26,236,300,237,786.67
sqli,placement,place=a1.0_p1.0,11,32,249,300,250,830.00
sqli,placement,place=a1.0_p1.0,12,26,237,300,238,790.00
sqli,placement,place=a1.0_p1.0,13,26,246,300,247,820.00
sqli,placement,place=a1.0_p1.0,14,31,255,300,256,850.00
sqli,placement,place=a1.0_p1.0,15,30,247,300,248,823.33
sqli,placement,place=a1.0_p1.0,16,25,233,300,234,776.67
sqli,placement,place=a1.0_p1.0,17,25,238,300,239,793.33
sqli,placement,place=a1.0_p1.0,18,23,237,300,238,790.00
sqli,placement,place=a1.0_p1.0,19,23,249,300,250,830.00
sqli,placement,place=a1.0_p2.0,0,31,232,300,233,773.33
sqli,placement,place=a1.0_p2.0,1,24,229,300,230,763.33
sqli,placement,place=a1.0_p2.0,2,24,242,300,243,806.67
sqli,placement,place=a1.0_p2.0,3,25,221,300,222,736.67
sqli,placement,place=a1.0_p2.0,4,26,227,300,228,756.67
sqli,placement,place=a1.0_p2.0,5,29,228,300,229,760.00
sqli,placement,place=a1.0_p2.0,6,25,224,300,225,746.67
sqli,placement,place=a1.0_p2.0,7,22,228,300,229,760.00
sqli,placement,place=a1.0_p2.0,8,27,227,300,228,756.67
sqli,placement,place=a1.0_p2.0,9,24,231,300,232,770.00
sqli,placement,place=a1.0_p2.0,10,25,233,300,234,776.67
sqli,placement,place=a1.0_p2.0,11,28,225,300,226,750.00
sqli,placement,place=a1.0_p2.0,12,29,231,300,232,770.00
sqli,placement,place=a1.0_p2.0,13,28,217,300,218,723.33
sqli,placement,place=a1.0_p2.0,14,33,234,300,235,780.00
sqli,placement,place=a1.0_p2.0,15,33,223,300,224,743.33
sqli,placement,place=a1.0_p2.0,16,29,222,300,223,740.00
sqli,placement,place=a1.0_p2.0,17,26,230,300,231,766.67
sqli,placement,place=a1.0_p2.0,18,22,236,300,237,786.67
sqli,placement,place=a1.0_p2.0,19,27,239,300,239,796.67
sqli,placement,place=a1.0_p4.0,0,32,227,300,228,756.67
sqli,placement,place=a1.0_p4.0,1,26,217,300,218,723.33
sqli,placement,place=a1.0_p4.0,2,23,232,300,233,773.33
sqli,placement,place=a1.0_p4.0,3,31,212,300,213,706.67
sqli,placement,place=a1.0_p4.0,4,26,214,300,215,713.33
sqli,placement,place=a1.0_p4.0,5,23,224,300,225,746.67
sqli,placement,place=a1.0_p4.0,6,23,209,300,210,696.67
sqli,placement,place=a1.0_p4.0,7,27,219,300,220,730.00
sqli,placement,place=a1.0_p4.0,8,26,202,300,203,673.33
sqli,placement,place=a1.0_p4.0,9,25,223,300,224,743.33
sqli,placement,place=a1.0_p4.0,10,24,214,300,215,713.33
sqli,placement,place=a1.0_p4.0,11,25,227,300,228,756.67
sqli,placement,place=a1.0_p4.0,12,23,212,300,213,706.67
sqli,placement,place=a1.0_p4.0,13,23,209,300,210,696.67
sqli,placement,place=a1.0_p4.0,14,26,221,300,222,736.67
sqli,placement,place=a1.0_p4.0,15,25,221,300,222,736.67
sqli,placement,place=a1.0_p4.0,16,24,223,300,224,743.33
sqli,placement,place=a1.0_p4.0,17,24,223,300,224,743.33
sqli,placement,place=a1.0_p4.0,18,26,207,300,208,690.00
sqli,placement,place=a1.0_p4.0,19,27,224,300,225,746.67
sqli,placement,place=a2.0_p0.0,0,30,287,300,288,956.67
sqli,placement,place=a2.0_p0.0,1,25,281,300,282,936.67
sqli,placement,place=a2.0_p0.0,2,25,291,300,292,970.00
sqli,placement,place=a2.0_p0.0,3,31,279,300,280,930.00
sqli,placement,place=a2.0_p0.0,4,32,283,300,284,943.33
sqli,placement,place=a2.0_p0.0,5,25,288,300,289,960.00
sqli,placement,place=a2.0_p0.0,6,27,281,300,281,936.67
sqli,placement,place=a2.0_p0.0,7,26,285,300,286,950.00
sqli,placement,place=a2.0_p0.0,8,28,283,300,284,943.33
sqli,placement,place=a2.0_p0.0,9,26,285,300,285,950.00
sqli,placement,place=a2.0_p0.0,10,32,284,300,285,946.67
sqli,placement,place=a2.0_p0.0,11,30,281,300,282,936.67
sqli,placement,place=a2.0_p0.0,12,25,288,300,289,960.00
sqli,placement,place=a2.0_p0.0,13,38,291,300,292,970.00
sqli,placement,place=a2.0_p0.0,14,33,286,300,287,953.33
sqli,placement,place=a2.0_p0.0,15,29,288,300,289,960.00
sqli,placement,place=a2.0_p0.0,16,27,284,300,285,946.67
sqli,placement,place=a2.0_p0.0,17,27,284,300,285,946.67
sqli,placement,place=a2.0_p0.0,18,36,287,300,288,956.67
sqli,placement,place=a2.0_p0.0,19,26,288,300,289,960.00
sqli,placement,place=a2.0_p0.5,0,34,263,300,264,876.67
sqli,placement,place=a2.0_p0.5,1,24,262,300,263,873.33
sqli,placement,place=a2.0_p0.5,2,27,273,300,274,910.00
sqli,placement,place=a2.0_p0.5,3,40,276,300,277,920.00
sqli,placement,place=a2.0_p0.5,4,35,272,300,273,906.67
sqli,placement,place=a2.0_p0.5,5,36,266,300,267,886.67
sqli,placement,place=a2.0_p0.5,6,25,264,300,265,880.00
sqli,placement,place=a2.0_p0.5,7,28,269,300,270,896.67
sqli,placement,place=a2.0_p0.5,8,38,275,300,275,916.67
sqli,placement,place=a2.0_p0.5,9,28,264,300,265,880.00
sqli,placement,place=a2.0_p0.5,10,32,273,300,274,910.00
sqli,placement,place=a2.0_p0.5,11,45,260,300,261,866.67
sqli,placement,place=a2.0_p0.5,12,35,267,300,268,890.00
sqli,placement,place=a2.0_p0.5,13,51,277,300,278,923.33
sqli,placement,place=a2.0_p0.5,14,41,248,300,248,826.67
sqli,placement,place=a2.0_p0.5,15,41,271,300,272,903.33
sqli,placement,place=a2.0_p0.5,16,35,264,300,265,880.00
sqli,placement,place=a2.0_p0.5,17,42,265,300,266,883.33
sqli,placement,place=a2.0_p0.5,18,32,275,300,276,916.67
sqli,placement,place=a2.0_p0.5,19,28,266,300,267,886.67
sqli,placement,place=a2.0_p1.0,0,33,254,300,255,846.67
sqli,placement,place=a2.0_p1.0,1,26,264,300,265,880.00
sqli,placement,place=a2.0_p1.0,2,23,263,300,264,876.67
sqli,placement,place=a2.0_p1.0,3,29,266,300,267,886.67
sqli,placement,place=a2.0_p1.0,4,23,261,300,262,870.00
sqli,placement,place=a2.0_p1.0,5,25,247,300,248,823.33
sqli,placement,place=a2.0_p1.0,6,24,269,300,270,896.67
sqli,placement,place=a2.0_p1.0,7,25,263,300,264,876.67
sqli,placement,place=a2.0_p1.0,8,27,247,300,248,823.33
sqli,placement,place=a2.0_p1.0,9,23,256,300,257,853.33
sqli,placement,place=a2.0_p1.0,10,25,267,300,268,890.00
sqli,placement,place=a2.0_p1.0,11,30,262,300,263,873.33
sqli,placement,place=a2.0_p1.0,12,23,252,300,253,840.00
sqli,placement,place=a2.0_p1.0,13,32,258,300,259,860.00
sqli,placement,place=a2.0_p1.0,14,30,253,300,254,843.33
sqli,placement,place=a2.0_p1.0,15,32,262,300,263,873.33
sqli,placement,place=a2.0_p1.0,16,29,253,300,254,843.33
sqli,placement,place=a2.0_p1.0,17,25,252,300,253,840.00
sqli,placement,place=a2.0_p1.0,18,24,269,300,270,896.67
sqli,placement,place=a2.0_p1.0,19,28,258,300,259,860.00
sqli,placement,place=a2.0_p2.0,0,30,239,300,240,796.67
sqli,placement,place=a2.0_p2.0,1,24,241,300,242,803.33
sqli,placement,place=a2.0_p2.0,2,27,243,300,244,810.00
sqli,placement,place=a2.0_p2.0,3,26,238,300,239,793.33
sqli,placement,place=a2.0_p2.0,4,32,225,300,226,750.00
sqli,placement,place=a2.0_p2.0,5,25,239,300,240,796.67
sqli,placement,place=a2.0_p2.0,6,24,235,300,236,783.33
sqli,placement,place=a2.0_p2.0,7,27,263,300,264,876.67
sqli,placement,place=a2.0_p2.0,8,28,240,300,241,800.00
sqli,placement,place=a2.0_p2.0,9,23,243,300,244,810.00
sqli,placement,place=a2.0_p2.0,10,24,236,300,237,786.67
sqli,placement,place=a2.0_p2.0,11,39,249,300,250,830.00
sqli,placement,place=a2.0_p2.0,12,28,237,300,238,790.00
sqli,placement,place=a2.0_p2.0,13,29,246,300,247,820.00
sqli,placement,place=a2.0_p2.0,14,42,255,300,256,850.00
sqli,placement,place=a2.0_p2.0,15,32,247,300,248,823.33
sqli,placement,place=a2.0_p2.0,16,27,233,300,234,776.67
sqli,placement,place=a2.0_p2.0,17,30,238,300,239,793.33
sqli,placement,place=a2.0_p2.0,18,29,237,300,238,790.00
sqli,placement,place=a2.0_p2.0,19,24,249,300,250,830.00
sqli,placement,place=a2.0_p4.0,0,34,232,300,233,773.33
sqli,placement,place=a2.0_p4.0,1,33,229,300,230,763.33
sqli,placement,place=a2.0_p4.0,2,34,242,300,243,806.67
sqli,placement,place=a2.0_p4.0,3,27,221,300,222,736.67
sqli,placement,place=a2.0_p4.0,4,25,227,300,228,756.67
sqli,placement,place=a2.0_p4.0,5,28,228,300,229,760.00
sqli,placement,place=a2.0_p4.0,6,29,224,300,225,746.67
sqli,placement,place=a2.0_p4.0,7,24,228,300,229,760.00
sqli,placement,place=a2.0_p4.0,8,24,227,300,228,756.67
sqli,placement,place=a2.0_p4.0,9,23,231,300,232,770.00
sqli,placement,place=a2.0_p4.0,10,25,233,300,234,776.67
sqli,placement,place=a2.0_p4.0,11,24,225,300,226,750.00
sqli,placement,place=a2.0_p4.0,12,24,231,300,232,770.00
sqli,placement,place=a2.0_p4.0,13,27,217,300,218,723.33
sqli,placement,place=a2.0_p4.0,14,31,234,300,235,780.00
sqli,placement,place=a2.0_p4.0,15,24,223,300,224,743.33
sqli,placement,place=a2.0_p4.0,16,23,222,300,223,740.00
sqli,placement,place=a2.0_p4.0,17,24,230,300,231,766.67
sqli,placement,place=a2.0_p4.0,18,23,236,300,237,786.67
sqli,placement,place=a2.0_p4.0,19,26,239,300,239,796.67
sqli,placement,place=a4.0_p0.0,0,36,287,300,288,956.67
sqli,placement,place=a4.0_p0.0,1,31,281,300,282,936.67
sqli,placement,place=a4.0_p0.0,2,30,291,300,292,970.00
sqli,placement,place=a4.0_p0.0,3,25,279,300,280,930.00
sqli,placement,place=a4.0_p0.0,4,31,283,300,284,943.33
sqli,placement,place=a4.0_p0.0,5,25,288,300,289,960.00
sqli,placement,place=a4.0_p0.0,6,26,281,300,281,936.67
sqli,placement,place=a4.0_p0.0,7,24,285,300,286,950.00
sqli,placement,place=a4.0_p0.0,8,27,283,300,284,943.33
sqli,placement,place=a4.0_p0.0,9,26,285,300,285,950.00
sqli,placement,place=a4.0_p0.0,10,30,284,300,285,946.67
sqli,placement,place=a4.0_p0.0,11,30,281,300,282,936.67
sqli,placement,place=a4.0_p0.0,12,24,288,300,289,960.00
sqli,placement,place=a4.0_p0.0,13,42,291,300,292,970.00
sqli,placement,place=a4.0_p0.0,14,32,286,300,287,953.33
sqli,placement,place=a4.0_p0.0,15,29,288,300,289,960.00
sqli,placement,place=a4.0_p0.0,16,30,284,300,285,946.67
sqli,placement,place=a4.0_p0.0,17,27,284,300,285,946.67
sqli,placement,place=a4.0_p0.0,18,29,287,300,288,956.67
sqli,placement,place=a4.0_p0.0,19,26,288,300,289,960.00
sqli,placement,place=a4.0_p0.5,0,29,283,300,284,943.33
sqli,placement,place=a4.0_p0.5,1,26,274,300,275,913.33
sqli,placement,place=a4.0_p0.5,2,25,276,300,277,920.00
sqli,placement,place=a4.0_p0.5,3,25,270,300,271,900.00
sqli,placement,place=a4.0_p0.5,4,43,283,300,284,943.33
sqli,placement,place=a4.0_p0.5,5,29,280,300,281,933.33
sqli,placement,place=a4.0_p0.5,6,27,274,300,275,913.33
sqli,placement,place=a4.0_p0.5,7,35,282,300,283,940.00
sqli,placement,place=a4.0_p0.5,8,31,274,300,275,913.33
sqli,placement,place=a4.0_p0.5,9,31,280,300,281,933.33
sqli,placement,place=a4.0_p0.5,10,38,279,300,280,930.00
sqli,placement,place=a4.0_p0.5,11,41,285,300,286,950.00
sqli,placement,place=a4.0_p0.5,12,24,277,300,277,923.33
sqli,placement,place=a4.0_p0.5,13,48,290,300,291,966.67
sqli,placement,place=a4.0_p0.5,14,37,268,300,269,893.33
sqli,placement,place=a4.0_p0.5,15,33,282,300,283,940.00
sqli,placement,place=a4.0_p0.5,16,29,275,300,276,916.67
sqli,placement,place=a4.0_p0.5,17,27,264,300,265,880.00
sqli,placement,place=a4.0_p0.5,18,25,278,300,279,926.67
sqli,placement,place=a4.0_p0.5,19,25,275,300,276,916.67
sqli,placement,place=a4.0_p1.0,0,33,263,300,264,876.67
sqli,placement,place=a4.0_p1.0,1,24,262,300,263,873.33
sqli,placement,place=a4.0_p1.0,2,26,273,300,274,910.00
sqli,placement,place=a4.0_p1.0,3,29,276,300,277,920.00
sqli,placement,place=a4.0_p1.0,4,24,272,300,273,906.67
sqli,placement,place=a4.0_p1.0,5,29,266,300,267,886.67
sqli,placement,place=a4.0_p1.0,6,24,264,300,265,880.00
sqli,placement,place=a4.0_p1.0,7,24,269,300,270,896.67
sqli,placement,place=a4.0_p1.0,8,27,275,300,275,916.67
sqli,placement,place=a4.0_p1.0,9,26,264,300,265,880.00
sqli,placement,place=a4.0_p1.0,10,28,273,300,274,910.00
sqli,placement,place=a4.0_p1.0,11,29,260,300,261,866.67
sqli,placement,place=a4.0_p1.0,12,27,267,300,268,890.00
sqli,placement,place=a4.0_p1.0,13,39,277,300,278,923.33
sqli,placement,place=a4.0_p1.0,14,30,248,300,248,826.67
sqli,placement,place=a4.0_p1.0,15,29,271,300,272,903.33
sqli,placement,place=a4.0_p1.0,16,27,264,300,265,880.00
sqli,placement,place=a4.0_p1.0,17,25,265,300,266,883.33
sqli,placement,place=a4.0_p1.0,18,25,275,300,276,916.67
sqli,placement,place=a4.0_p1.0,19,24,266,300,267,886.67
sqli,placement,place=a4.0_p2.0,0,31,254,300,255,846.67
sqli,placement,place=a4.0_p2.0,1,27,264,300,265,880.00
sqli,placement,place=a4.0_p2.0,2,23,263,300,264,876.67
sqli,placement,place=a4.0_p2.0,3,28,266,300,267,886.67
sqli,placement,place=a4.0_p2.0,4,23,261,300,262,870.00
sqli,placement,place=a4.0_p2.0,5,25,247,300,248,823.33
sqli,placement,place=a4.0_p2.0,6,25,269,300,270,896.67
sqli,placement,place=a4.0_p2.0,7,25,263,300,264,876.67
sqli,placement,place=a4.0_p2.0,8,26,247,300,248,823.33
sqli,placement,place=a4.0_p2.0,9,28,256,300,257,853.33
sqli,placement,place=a4.0_p2.0,10,34,267,300,268,890.00
sqli,placement,place=a4.0_p2.0,11,44,262,300,263,873.33
sqli,placement,place=a4.0_p2.0,12,33,252,300,253,840.00
sqli,placement,place=a4.0_p2.0,13,37,258,300,259,860.00
sqli,placement,place=a4.0_p2.0,14,31,253,300,254,843.33
sqli,placement,place=a4.0_p2.0,15,41,262,300,263,873.33
sqli,placement,place=a4.0_p2.0,16,34,253,300,254,843.33
sqli,placement,place=a4.0_p2.0,17,31,252,300,253,840.00
sqli,placement,place=a4.0_p2.0,18,28,269,300,270,896.67
sqli,placement,place=a4.0_p2.0,19,35,258,300,259,860.00
sqli,placement,place=a4.0_p4.0,0,30,239,300,240,796.67
sqli,placement,place=a4.0_p4.0,1,24,241,300,242,803.33
sqli,placement,place=a4.0_p4.0,2,25,243,300,244,810.00
sqli,placement,place=a4.0_p4.0,3,26,238,300,239,793.33
sqli,placement,place=a4.0_p4.0,4,26,225,300,226,750.00
sqli,placement,place=a4.0_p4.0,5,26,239,300,240,796.67
sqli,placement,place=a4.0_p4.0,6,23,235,300,236,783.33
sqli,placement,place=a4.0_p4.0,7,33,263,300,264,876.67
sqli,placement,place=a4.0_p4.0,8,27,240,300,241,800.00
sqli,placement,place=a4.0_p4.0,9,23,243,300,244,810.00
sqli,placement,place=a4.0_p4.0,10,25,236,300,237,786.67
sqli,placement,place=a4.0_p4.0,11,34,249,300,250,830.00
sqli,placement,place=a4.0_p4.0,12,26,237,300,238,790.00
sqli,placement,place=a4.0_p4.0,13,24,246,300,247,820.00
sqli,placement,place=a4.0_p4.0,14,31,255,300,256,850.00
sqli,placement,place=a4.0_p4.0,15,30,247,300,248,823.33
sqli,placement,place=a4.0_p4.0,16,24,233,300,234,776.67
sqli,placement,place=a4.0_p4.0,17,24,238,300,239,793.33
sqli,placement,place=a4.0_p4.0,18,23,237,300,238,790.00
sqli,placement,place=a4.0_p4.0,19,25,249,300,250,830.00
sqli,placement,place=default,0,32,240,300,241,800.00
sqli,placement,place=default,1,24,241,300,242,803.33
sqli,placement,place=default,2,27,262,300,263,873.33
sqli,placement,place=default,3,26,238,300,239,793.33
sqli,placement,place=default,4,29,235,300,236,783.33
sqli,placement,place=default,5,25,246,300,247,820.00
sqli,placement,place=default,6,26,237,300,238,790.00
sqli,placement,place=default,7,32,242,300,243,806.67
sqli,placement,place=default,8,28,247,300,248,823.33
sqli,placement,place=default,9,24,236,300,237,786.67
sqli,placement,place=default,10,30,240,300,241,800.00
sqli,placement,place=default,11,35,243,300,244,810.00
sqli,placement,place=default,12,24,233,300,234,776.67
sqli,placement,place=default,13,24,232,300,233,773.33
sqli,placement,place=default,14,34,245,300,246,816.67
sqli,placement,place=default,15,29,252,300,253,840.00
sqli,placement,place=default,16,23,237,300,238,790.00
sqli,placement,place=default,17,25,215,300,216,716.67
sqli,placement,place=default,18,30,242,300,243,806.67
sqli,placement,place=default,19,24,245,300,246,816.67
sqli,placement,place=wrap,0,31,201,300,202,670.00
sqli,placement,place=wrap,1,28,199,300,200,663.33
sqli,placement,place=wrap,2,30,221,300,222,736.67
sqli,placement,place=wrap,3,24,199,300,200,663.33
sqli,placement,place=wrap,4,23,213,300,214,710.00
sqli,placement,place=wrap,5,28,220,300,221,733.33
sqli,placement,place=wrap,6,28,205,300,206,683.33
sqli,placement,place=wrap,7,28,208,300,209,693.33
sqli,placement,place=wrap,8,25,208,300,209,693.33
sqli,placement,place=wrap,9,25,198,300,199,660.00
sqli,placement,place=wrap,10,31,197,300,198,656.67
sqli,placement,place=wrap,11,60,213,300,214,710.00
sqli,placement,place=wrap,12,26,208,300,209,693.33
sqli,placement,place=wrap,13,35,212,300,213,706.67
sqli,placement,place=wrap,14,52,208,300,209,693.33
sqli,placement,place=wrap,15,30,186,300,187,620.00
sqli,placement,place=wrap,16,36,198,300,199,660.00
sqli,placement,place=wrap,17,26,202,300,203,673.33
sqli,placement,place=wrap,18,31,209,300,210,696.67
sqli,placement,place=wrap,19,28,204,300,205,680.00
sqli,placement,place=wrap+b,0,39,242,300,243,806.67
sqli,placement,place=wrap+b,1,27,256,300,257,853.33
sqli,placement,place=wrap+b,2,26,249,300,250,830.00
sqli,placement,place=wrap+b,3,31,245,300,246,816.67
sqli,placement,place=wrap+b,4,24,243,300,244,810.00
sqli,placement,place=wrap+b,5,25,240,300,241,800.00
sqli,placement,place=wrap+b,6,26,247,300,248,823.33
sqli,placement,place=wrap+b,7,36,250,300,251,833.33
sqli,placement,place=wrap+b,8,28,246,300,247,820.00
sqli,placement,place=wrap+b,9,24,237,300,238,790.00
sqli,placement,place=wrap+b,10,25,240,300,241,800.00
sqli,placement,place=wrap+b,11,36,250,300,251,833.33
sqli,placement,place=wrap+b,12,24,247,300,248,823.33
sqli,placement,place=wrap+b,13,27,243,300,244,810.00
sqli,placement,place=wrap+b,14,41,250,300,251,833.33
sqli,placement,place=wrap+b,15,35,252,300,253,840.00
sqli,placement,place=wrap+b,16,27,237,300,238,790.00
sqli,placement,place=wrap+b,17,26,220,300,221,733.33
sqli,placement,place=wrap+b,18,28,248,300,249,826.67
sqli,placement,place=wrap+b,19,29,254,300,255,846.67
sqli,ops,ops=1,0,32,265,300,266,883.33
sqli,ops,ops=1,1,23,258,300,259,860.00
sqli,ops,ops=1,2,29,266,300,266,886.67
sqli,ops,ops=1,3,26,253,300,254,843.33
sqli,ops,ops=1,4,24,269,300,270,896.67
sqli,ops,ops=1,5,29,259,300,259,863.33
sqli,ops,ops=1,6,23,263,300,264,876.67
sqli,ops,ops=1,7,23,257,300,258,856.67
sqli,ops,ops=1,8,25,261,300,262,870.00
sqli,ops,ops=1,9,22,255,300,256,850.00
sqli,ops,ops=1,10,28,253,300,254,843.33
sqli,ops,ops=1,11,25,267,300,268,890.00
sqli,ops,ops=1,12,26,265,300,266,883.33
sqli,ops,ops=1,13,31,253,300,254,843.33
sqli,ops,ops=1,14,31,257,300,258,856.67
sqli,ops,ops=1,15,33,260,300,261,866.67
sqli,ops,ops=1,16,24,254,300,255,846.67
sqli,ops,ops=1,17,26,259,300,260,863.33
sqli,ops,ops=1,18,32,247,300,247,823.33
sqli,ops,ops=1,19,23,264,300,265,880.00
sqli,ops,ops=2,0,29,257,300,258,856.67
sqli,ops,ops=2,1,28,247,300,248,823.33
sqli,ops,ops=2,2,31,254,300,255,846.67
sqli,ops,ops=2,3,24,252,300,253,840.00
sqli,ops,ops=2,4,28,261,300,262,870.00
sqli,ops,ops=2,5,29,250,300,251,833.33
sqli,ops,ops=2,6,33,253,300,254,843.33
sqli,ops,ops=2,7,22,258,300,259,860.00
sqli,ops,ops=2,8,28,255,300,256,850.00
sqli,ops,ops=2,9,23,242,300,243,806.67
sqli,ops,ops=2,10,25,249,300,250,830.00
sqli,ops,ops=2,11,25,262,300,263,873.33
sqli,ops,ops=2,12,22,259,300,260,863.33
sqli,ops,ops=2,13,23,254,300,255,846.67
sqli,ops,ops=2,14,30,261,300,262,870.00
sqli,ops,ops=2,15,32,257,300,258,856.67
sqli,ops,ops=2,16,23,241,300,242,803.33
sqli,ops,ops=2,17,25,244,300,245,813.33
sqli,ops,ops=2,18,29,253,300,254,843.33
sqli,ops,ops=2,19,26,247,300,248,823.33
sqli,ops,ops=4,0,32,240,300,241,800.00
sqli,ops,ops=4,1,24,241,300,242,803.33
sqli,ops,ops=4,2,28,262,300,263,873.33
sqli,ops,ops=4,3,26,238,300,239,793.33
sqli,ops,ops=4,4,26,235,300,236,783.33
sqli,ops,ops=4,5,31,246,300,247,820.00
sqli,ops,ops=4,6,27,237,300,238,790.00
sqli,ops,ops=4,7,24,242,300,243,806.67
sqli,ops,ops=4,8,27,247,300,248,823.33
sqli,ops,ops=4,9,24,236,300,237,786.67
sqli,ops,ops=4,10,25,240,300,241,800.00
sqli,ops,ops=4,11,32,243,300,244,810.00
sqli,ops,ops=4,12,24,233,300,234,776.67
sqli,ops,ops=4,13,24,232,300,233,773.33
sqli,ops,ops=4,14,39,245,300,246,816.67
sqli,ops,ops=4,15,32,252,300,253,840.00
sqli,ops,ops=4,16,24,237,300,238,790.00
sqli,ops,ops=4,17,25,215,300,216,716.67
sqli,ops,ops=4,18,23,242,300,243,806.67
sqli,ops,ops=4,19,27,245,300,246,816.67
sqli,ops,ops=8,0,37,227,300,228,756.67
sqli,ops,ops=8,1,40,225,300,226,750.00
sqli,ops,ops=8,2,32,238,300,239,793.33
sqli,ops,ops=8,3,29,224,300,225,746.67
sqli,ops,ops=8,4,35,238,300,239,793.33
sqli,ops,ops=8,5,40,230,300,231,766.67
sqli,ops,ops=8,6,33,240,300,241,800.00
sqli,ops,ops=8,7,32,246,300,247,820.00
sqli,ops,ops=8,8,43,221,300,222,736.67
sqli,ops,ops=8,9,25,236,300,237,786.67
sqli,ops,ops=8,10,33,231,300,232,770.00
sqli,ops,ops=8,11,45,234,300,235,780.00
sqli,ops,ops=8,12,25,233,300,234,776.67
sqli,ops,ops=8,13,28,229,300,230,763.33
sqli,ops,ops=8,14,28,226,300,227,753.33
sqli,ops,ops=8,15,38,224,300,225,746.67
sqli,ops,ops=8,16,31,232,300,233,773.33
sqli,ops,ops=8,17,38,245,300,246,816.67
sqli,ops,ops=8,18,27,246,300,247,820.00
sqli,ops,ops=8,19,26,234,300,235,780.00
sqli,ops,ops=16,0,33,215,300,216,716.67
sqli,ops,ops=16,1,34,232,300,233,773.33
sqli,ops,ops=16,2,29,213,300,214,710.00
sqli,ops,ops=16,3,31,204,300,205,680.00
sqli,ops,ops=16,4,36,212,300,213,706.67
sqli,ops,ops=16,5,33,221,300,222,736.67
sqli,ops,ops=16,6,29,211,300,212,703.33
sqli,ops,ops=16,7,26,222,300,223,740.00
sqli,ops,ops=16,8,43,217,300,218,723.33
sqli,ops,ops=16,9,30,205,300,206,683.33
sqli,ops,ops=16,10,39,221,300,222,736.67
sqli,ops,ops=16,11,42,229,300,230,763.33
sqli,ops,ops=16,12,33,207,300,208,690.00
sqli,ops,ops=16,13,32,206,300,207,686.67
sqli,ops,ops=16,14,37,213,300,214,710.00
sqli,ops,ops=16,15,32,204,300,205,680.00
sqli,ops,ops=16,16,39,216,300,217,720.00
sqli,ops,ops=16,17,39,218,300,219,726.67
sqli,ops,ops=16,18,34,236,300,237,786.67
sqli,ops,ops=16,19,28,215,300,216,716.67
sqli,feedback,fb=default,0,34,240,300,241,800.00
sqli,feedback,fb=default,1,24,241,300,242,803.33
sqli,feedback,fb=default,2,27,262,300,263,873.33
sqli,feedback,fb=default,3,36,238,300,239,793.33
sqli,feedback,fb=default,4,30,235,300,236,783.33
sqli,feedback,fb=default,5,24,246,300,247,820.00
sqli,feedback,fb=default,6,24,237,300,238,790.00
sqli,feedback,fb=default,7,28,242,300,243,806.67
sqli,feedback,fb=default,8,31,247,300,248,823.33
sqli,feedback,fb=default,9,24,236,300,237,786.67
sqli,feedback,fb=default,10,25,240,300,241,800.00
sqli,feedback,fb=default,11,33,243,300,244,810.00
sqli,feedback,fb=default,12,28,233,300,234,776.67
sqli,feedback,fb=default,13,29,232,300,233,773.33
sqli,feedback,fb=default,14,46,245,300,246,816.67
sqli,feedback,fb=default,15,31,252,300,253,840.00
sqli,feedback,fb=default,16,25,237,300,238,790.00
sqli,feedback,fb=default,17,32,215,300,216,716.67
sqli,feedback,fb=default,18,24,242,300,243,806.67
sqli,feedback,fb=default,19,22,245,300,246,816.67
sqli,feedback,fb=flat3,0,32,247,300,248,823.33
sqli,feedback,fb=flat3,1,28,254,300,255,846.67
sqli,feedback,fb=flat3,2,31,241,300,242,803.33
sqli,feedback,fb=flat3,3,27,234,300,235,780.00
sqli,feedback,fb=flat3,4,26,257,300,258,856.67
sqli,feedback,fb=flat3,5,28,252,300,253,840.00
sqli,feedback,fb=flat3,6,32,228,300,229,760.00
sqli,feedback,fb=flat3,7,22,241,300,242,803.33
sqli,feedback,fb=flat3,8,26,247,300,248,823.33
sqli,feedback,fb=flat3,9,28,229,300,230,763.33
sqli,feedback,fb=flat3,10,28,228,300,229,760.00
sqli,feedback,fb=flat3,11,27,239,300,239,796.67
sqli,feedback,fb=flat3,12,24,236,300,237,786.67
sqli,feedback,fb=flat3,13,24,231,300,232,770.00
sqli,feedback,fb=flat3,14,32,246,300,247,820.00
sqli,feedback,fb=flat3,15,28,239,300,240,796.67
sqli,feedback,fb=flat3,16,28,252,300,253,840.00
sqli,feedback,fb=flat3,17,32,246,300,247,820.00
sqli,feedback,fb=flat3,18,23,258,300,259,860.00
sqli,feedback,fb=flat3,19,27,247,300,248,823.33
sqli,feedback,fb=flat6,0,34,245,300,246,816.67
sqli,feedback,fb=flat6,1,27,238,300,239,793.33
sqli,feedback,fb=flat6,2,28,243,300,244,810.00
sqli,feedback,fb=flat6,3,28,234,300,235,780.00
sqli,feedback,fb=flat6,4,23,257,300,258,856.67
sqli,feedback,fb=flat6,5,26,251,300,252,836.67
sqli,feedback,fb=flat6,6,26,237,300,238,790.00
sqli,feedback,fb=flat6,7,26,243,300,244,810.00
sqli,feedback,fb=flat6,8,28,236,300,237,786.67
sqli,feedback,fb=flat6,9,32,231,300,232,770.00
sqli,feedback,fb=flat6,10,31,238,300,239,793.33
sqli,feedback,fb=flat6,11,24,251,300,252,836.67
sqli,feedback,fb=flat6,12,23,251,300,252,836.67
sqli,feedback,fb=flat6,13,33,252,300,253,840.00
sqli,feedback,fb=flat6,14,40,249,300,250,830.00
sqli,feedback,fb=flat6,15,25,233,300,234,776.67
sqli,feedback,fb=flat6,16,26,245,300,246,816.67
sqli,feedback,fb=flat6,17,28,232,300,233,773.33
sqli,feedback,fb=flat6,18,24,255,300,256,850.00
sqli,feedback,fb=flat6,19,30,240,300,241,800.00
sqli,feedback,fb=compressed,0,29,235,300,236,783.33
sqli,feedback,fb=compressed,1,33,238,300,239,793.33
sqli,feedback,fb=compressed,2,23,250,300,251,833.33
sqli,feedback,fb=compressed,3,27,236,300,237,786.67
sqli,feedback,fb=compressed,4,33,258,300,259,860.00
sqli,feedback,fb=compressed,5,27,247,300,248,823.33
sqli,feedback,fb=compressed,6,28,239,300,240,796.67
sqli,feedback,fb=compressed,7,30,247,300,248,823.33
sqli,feedback,fb=compressed,8,47,238,300,239,793.33
sqli,feedback,fb=compressed,9,31,255,300,256,850.00
sqli,feedback,fb=compressed,10,34,239,300,240,796.67
sqli,feedback,fb=compressed,11,32,245,300,246,816.67
sqli,feedback,fb=compressed,12,25,266,300,267,886.67
sqli,feedback,fb=compressed,13,29,242,300,243,806.67
sqli,feedback,fb=compressed,14,32,238,300,239,793.33
sqli,feedback,fb=compressed,15,24,232,300,233,773.33
sqli,feedback,fb=compressed,16,23,246,300,247,820.00
sqli,feedback,fb=compressed,17,25,228,300,229,760.00
sqli,feedback,fb=compressed,18,30,235,300,236,783.33
sqli,feedback,fb=compressed,19,25,254,300,255,846.67
sqli,feedback,fb=expanded,0,28,236,300,237,786.67
sqli,feedback,fb=expanded,1,24,249,300,250,830.00
sqli,feedback,fb=expanded,2,26,246,300,247,820.00
sqli,feedback,fb=expanded,3,29,231,300,232,770.00
sqli,feedback,fb=expanded,4,25,245,300,246,816.67
sqli,feedback,fb=expanded,5,24,249,300,250,830.00
sqli,feedback,fb=expanded,6,32,241,300,242,803.33
sqli,feedback,fb=expanded,7,25,242,300,243,806.67
sqli,feedback,fb=expanded,8,27,252,300,253,840.00
sqli,feedback,fb=expanded,9,24,233,300,234,776.67
sqli,feedback,fb=expanded,10,26,239,300,240,796.67
sqli,feedback,fb=expanded,11,29,244,300,245,813.33
sqli,feedback,fb=expanded,12,26,250,300,251,833.33
sqli,feedback,fb=expanded,13,26,242,300,243,806.67
sqli,feedback,fb=expanded,14,44,251,300,252,836.67
sqli,feedback,fb=expanded,15,25,239,300,240,796.67
sqli,feedback,fb=expanded,16,29,246,300,247,820.00
sqli,feedback,fb=expanded,17,33,232,300,233,773.33
sqli,feedback,fb=expanded,18,37,247,300,248,823.33
sqli,feedback,fb=expanded,19,25,247,300,248,823.33
sqli,feedback,fb=status>error,0,36,245,300,246,816.67
sqli,feedback,fb=status>error,1,29,238,300,239,793.33
sqli,feedback,fb=status>error,2,27,243,300,244,810.00
sqli,feedback,fb=status>error,3,28,234,300,235,780.00
sqli,feedback,fb=status>error,4,34,257,300,258,856.67
sqli,feedback,fb=status>error,5,31,251,300,252,836.67
sqli,feedback,fb=status>error,6,26,237,300,238,790.00
sqli,feedback,fb=status>error,7,29,243,300,244,810.00
sqli,feedback,fb=status>error,8,34,236,300,237,786.67
sqli,feedback,fb=status>error,9,29,231,300,232,770.00
sqli,feedback,fb=status>error,10,26,238,300,239,793.33
sqli,feedback,fb=status>error,11,26,251,300,252,836.67
sqli,feedback,fb=status>error,12,23,251,300,252,836.67
sqli,feedback,fb=status>error,13,26,252,300,253,840.00
sqli,feedback,fb=status>error,14,32,249,300,250,830.00
sqli,feedback,fb=status>error,15,25,233,300,234,776.67
sqli,feedback,fb=status>error,16,34,245,300,246,816.67
sqli,feedback,fb=status>error,17,24,232,300,233,773.33
sqli,feedback,fb=status>error,18,23,255,300,256,850.00
sqli,feedback,fb=status>error,19,30,240,300,241,800.00
sqli,feedback,fb=bodydiff+,0,35,240,300,241,800.00
sqli,feedback,fb=bodydiff+,1,23,241,300,242,803.33
sqli,feedback,fb=bodydiff+,2,27,262,300,263,873.33
sqli,feedback,fb=bodydiff+,3,32,238,300,239,793.33
sqli,feedback,fb=bodydiff+,4,28,235,300,236,783.33
sqli,feedback,fb=bodydiff+,5,24,246,300,247,820.00
sqli,feedback,fb=bodydiff+,6,23,237,300,238,790.00
sqli,feedback,fb=bodydiff+,7,26,242,300,243,806.67
sqli,feedback,fb=bodydiff+,8,31,247,300,248,823.33
sqli,feedback,fb=bodydiff+,9,24,236,300,237,786.67
sqli,feedback,fb=bodydiff+,10,24,240,300,241,800.00
sqli,feedback,fb=bodydiff+,11,33,243,300,244,810.00
sqli,feedback,fb=bodydiff+,12,26,233,300,234,776.67
sqli,feedback,fb=bodydiff+,13,24,232,300,233,773.33
sqli,feedback,fb=bodydiff+,14,31,245,300,246,816.67
sqli,feedback,fb=bodydiff+,15,35,252,300,253,840.00
sqli,feedback,fb=bodydiff+,16,30,237,300,238,790.00
sqli,feedback,fb=bodydiff+,17,24,215,300,216,716.67
sqli,feedback,fb=bodydiff+,18,22,242,300,243,806.67
sqli,feedback,fb=bodydiff+,19,22,245,300,246,816.67
sqli,feedback,fb=strict,0,34,240,300,241,800.00
sqli,feedback,fb=strict,1,24,241,300,242,803.33
sqli,feedback,fb=strict,2,27,262,300,263,873.33
sqli,feedback,fb=strict,3,30,238,300,239,793.33
sqli,feedback,fb=strict,4,27,235,300,236,783.33
sqli,feedback,fb=strict,5,24,246,300,247,820.00
sqli,feedback,fb=strict,6,24,237,300,238,790.00
sqli,feedback,fb=strict,7,31,242,300,243,806.67
sqli,feedback,fb=strict,8,30,247,300,248,823.33
sqli,feedback,fb=strict,9,23,236,300,237,786.67
sqli,feedback,fb=strict,10,25,240,300,241,800.00
sqli,feedback,fb=strict,11,31,243,300,244,810.00
sqli,feedback,fb=strict,12,24,233,300,234,776.67
sqli,feedback,fb=strict,13,25,232,300,233,773.33
sqli,feedback,fb=strict,14,40,245,300,246,816.67
sqli,feedback,fb=strict,15,40,252,300,253,840.00
sqli,feedback,fb=strict,16,33,237,300,238,790.00
sqli,feedback,fb=strict,17,26,215,300,216,716.67
sqli,feedback,fb=strict,18,22,242,300,243,806.67
sqli,feedback,fb=strict,19,29,245,300,246,816.67
sqli,min_score,minscore=1,0,34,240,300,241,800.00
sqli,min_score,minscore=1,1,23,241,300,242,803.33
sqli,min_score,minscore=1,2,36,262,300,263,873.33
sqli,min_score,minscore=1,3,32,238,300,239,793.33
sqli,min_score,minscore=1,4,25,235,300,236,783.33
sqli,min_score,minscore=1,5,24,246,300,247,820.00
sqli,min_score,minscore=1,6,25,237,300,238,790.00
sqli,min_score,minscore=1,7,25,242,300,243,806.67
sqli,min_score,minscore=1,8,27,247,300,248,823.33
sqli,min_score,minscore=1,9,23,236,300,237,786.67
sqli,min_score,minscore=1,10,25,240,300,241,800.00
sqli,min_score,minscore=1,11,31,243,300,244,810.00
sqli,min_score,minscore=1,12,24,233,300,234,776.67
sqli,min_score,minscore=1,13,24,232,300,233,773.33
sqli,min_score,minscore=1,14,32,245,300,246,816.67
sqli,min_score,minscore=1,15,30,252,300,253,840.00
sqli,min_score,minscore=1,16,24,237,300,238,790.00
sqli,min_score,minscore=1,17,24,215,300,216,716.67
sqli,min_score,minscore=1,18,23,242,300,243,806.67
sqli,min_score,minscore=1,19,23,245,300,246,816.67
sqli,min_score,minscore=2,0,32,240,300,241,800.00
sqli,min_score,minscore=2,1,24,241,300,242,803.33
sqli,min_score,minscore=2,2,30,262,300,263,873.33
sqli,min_score,minscore=2,3,26,238,300,239,793.33
sqli,min_score,minscore=2,4,25,235,300,236,783.33
sqli,min_score,minscore=2,5,28,246,300,247,820.00
sqli,min_score,minscore=2,6,25,237,300,238,790.00
sqli,min_score,minscore=2,7,24,242,300,243,806.67
sqli,min_score,minscore=2,8,28,247,300,248,823.33
sqli,min_score,minscore=2,9,23,236,300,237,786.67
sqli,min_score,minscore=2,10,26,240,300,241,800.00
sqli,min_score,minscore=2,11,33,243,300,244,810.00
sqli,min_score,minscore=2,12,26,233,300,234,776.67
sqli,min_score,minscore=2,13,24,232,300,233,773.33
sqli,min_score,minscore=2,14,42,245,300,246,816.67
sqli,min_score,minscore=2,15,29,252,300,253,840.00
sqli,min_score,minscore=2,16,24,237,300,238,790.00
sqli,min_score,minscore=2,17,30,215,300,216,716.67
sqli,min_score,minscore=2,18,29,242,300,243,806.67
sqli,min_score,minscore=2,19,29,245,300,246,816.67
sqli,min_score,minscore=3,0,36,240,300,241,800.00
sqli,min_score,minscore=3,1,30,241,300,242,803.33
sqli,min_score,minscore=3,2,28,262,300,263,873.33
sqli,min_score,minscore=3,3,26,238,300,239,793.33
sqli,min_score,minscore=3,4,37,235,300,236,783.33
sqli,min_score,minscore=3,5,35,246,300,247,820.00
sqli,min_score,minscore=3,6,25,237,300,238,790.00
sqli,min_score,minscore=3,7,24,242,300,243,806.67
sqli,min_score,minscore=3,8,31,247,300,248,823.33
sqli,min_score,minscore=3,9,25,236,300,237,786.67
sqli,min_score,minscore=3,10,25,240,300,241,800.00
sqli,min_score,minscore=3,11,31,243,300,244,810.00
sqli,min_score,minscore=3,12,29,233,300,234,776.67
sqli,min_score,minscore=3,13,28,232,300,233,773.33
sqli,min_score,minscore=3,14,31,245,300,246,816.67
sqli,min_score,minscore=3,15,33,252,300,253,840.00
sqli,min_score,minscore=3,16,25,237,300,238,790.00
sqli,min_score,minscore=3,17,25,215,300,216,716.67
sqli,min_score,minscore=3,18,26,242,300,243,806.67
sqli,min_score,minscore=3,19,25,245,300,246,816.67
sqli,min_score,minscore=4,0,35,240,300,241,800.00
sqli,min_score,minscore=4,1,24,241,300,242,803.33
sqli,min_score,minscore=4,2,27,262,300,263,873.33
sqli,min_score,minscore=4,3,27,238,300,239,793.33
sqli,min_score,minscore=4,4,26,235,300,236,783.33
sqli,min_score,minscore=4,5,24,246,300,247,820.00
sqli,min_score,minscore=4,6,24,237,300,238,790.00
sqli,min_score,minscore=4,7,25,242,300,243,806.67
sqli,min_score,minscore=4,8,31,247,300,248,823.33
sqli,min_score,minscore=4,9,24,236,300,237,786.67
sqli,min_score,minscore=4,10,25,240,300,241,800.00
sqli,min_score,minscore=4,11,31,243,300,244,810.00
sqli,min_score,minscore=4,12,25,233,300,234,776.67
sqli,min_score,minscore=4,13,25,232,300,233,773.33
sqli,min_score,minscore=4,14,33,245,300,246,816.67
sqli,min_score,minscore=4,15,35,252,300,253,840.00
sqli,min_score,minscore=4,16,29,237,300,238,790.00
sqli,min_score,minscore=4,17,25,215,300,216,716.67
sqli,min_score,minscore=4,18,26,242,300,243,806.67
sqli,min_score,minscore=4,19,23,245,300,246,816.67
sqli,min_score,minscore=5,0,20,0,300,1,0.00
sqli,min_score,minscore=5,1,19,0,300,1,0.00
sqli,min_score,minscore=5,2,19,0,300,1,0.00
sqli,min_score,minscore=5,3,21,0,300,1,0.00
sqli,min_score,minscore=5,4,23,0,300,1,0.00
sqli,min_score,minscore=5,5,24,0,300,1,0.00
sqli,min_score,minscore=5,6,21,0,300,1,0.00
sqli,min_score,minscore=5,7,20,0,300,1,0.00
sqli,min_score,minscore=5,8,20,0,300,1,0.00
sqli,min_score,minscore=5,9,25,0,300,1,0.00
sqli,min_score,minscore=5,10,20,0,300,1,0.00
sqli,min_score,minscore=5,11,19,0,300,1,0.00
sqli,min_score,minscore=5,12,19,0,300,1,0.00
sqli,min_score,minscore=5,13,19,0,300,1,0.00
sqli,min_score,minscore=5,14,19,0,300,1,0.00
sqli,min_score,minscore=5,15,20,0,300,1,0.00
sqli,min_score,minscore=5,16,23,0,300,1,0.00
sqli,min_score,minscore=5,17,20,0,300,1,0.00
sqli,min_score,minscore=5,18,19,0,300,1,0.00
sqli,min_score,minscore=5,19,27,0,300,1,0.00
sqli,min_score,minscore=6,0,30,0,300,1,0.00
sqli,min_score,minscore=6,1,20,0,300,1,0.00
sqli,min_score,minscore=6,2,20,0,300,1,0.00
sqli,min_score,minscore=6,3,20,0,300,1,0.00
sqli,min_score,minscore=6,4,23,0,300,1,0.00
sqli,min_score,minscore=6,5,20,0,300,1,0.00
sqli,min_score,minscore=6,6,20,0,300,1,0.00
sqli,min_score,minscore=6,7,19,0,300,1,0.00
sqli,min_score,minscore=6,8,20,0,300,1,0.00
sqli,min_score,minscore=6,9,20,0,300,1,0.00
sqli,min_score,minscore=6,10,25,0,300,1,0.00
sqli,min_score,minscore=6,11,21,0,300,1,0.00
sqli,min_score,minscore=6,12,19,0,300,1,0.00
sqli,min_score,minscore=6,13,20,0,300,1,0.00
sqli,min_score,minscore=6,14,20,0,300,1,0.00
sqli,min_score,minscore=6,15,20,0,300,1,0.00
sqli,min_score,minscore=6,16,23,0,300,1,0.00
sqli,min_score,minscore=6,17,20,0,300,1,0.00
sqli,min_score,minscore=6,18,19,0,300,1,0.00
sqli,min_score,minscore=6,19,19,0,300,1,0.00
sqli,stop_prob,stop=0.10_min1,0,30,224,300,225,746.67
sqli,stop_prob,stop=0.10_min1,1,29,230,300,231,766.67
sqli,stop_prob,stop=0.10_min1,2,31,232,300,233,773.33
sqli,stop_prob,stop=0.10_min1,3,45,229,300,230,763.33
sqli,stop_prob,stop=0.10_min1,4,34,230,300,231,766.67
sqli,stop_prob,stop=0.10_min1,5,31,236,300,237,786.67
sqli,stop_prob,stop=0.10_min1,6,30,239,300,240,796.67
sqli,stop_prob,stop=0.10_min1,7,31,233,300,234,776.67
sqli,stop_prob,stop=0.10_min1,8,29,236,300,237,786.67
sqli,stop_prob,stop=0.10_min1,9,32,225,300,226,750.00
sqli,stop_prob,stop=0.10_min1,10,30,236,300,237,786.67
sqli,stop_prob,stop=0.10_min1,11,47,222,300,223,740.00
sqli,stop_prob,stop=0.10_min1,12,33,215,300,216,716.67
sqli,stop_prob,stop=0.10_min1,13,29,215,300,216,716.67
sqli,stop_prob,stop=0.10_min1,14,37,244,300,245,813.33
sqli,stop_prob,stop=0.10_min1,15,29,231,300,232,770.00
sqli,stop_prob,stop=0.10_min1,16,42,236,300,237,786.67
sqli,stop_prob,stop=0.10_min1,17,39,232,300,233,773.33
sqli,stop_prob,stop=0.10_min1,18,46,232,300,233,773.33
sqli,stop_prob,stop=0.10_min1,19,45,237,300,238,790.00
sqli,stop_prob,stop=0.25_min1,0,32,254,300,255,846.67
sqli,stop_prob,stop=0.25_min1,1,24,251,300,252,836.67
sqli,stop_prob,stop=0.25_min1,2,22,246,300,247,820.00
sqli,stop_prob,stop=0.25_min1,3,33,235,300,236,783.33
sqli,stop_prob,stop=0.25_min1,4,30,248,300,249,826.67
sqli,stop_prob,stop=0.25_min1,5,22,264,300,265,880.00
sqli,stop_prob,stop=0.25_min1,6,26,250,300,250,833.33
sqli,stop_prob,stop=0.25_min1,7,23,251,300,251,836.67
sqli,stop_prob,stop=0.25_min1,8,30,244,300,245,813.33
sqli,stop_prob,stop=0.25_min1,9,22,240,300,240,800.00
sqli,stop_prob,stop=0.25_min1,10,24,236,300,237,786.67
sqli,stop_prob,stop=0.25_min1,11,24,256,300,257,853.33
sqli,stop_prob,stop=0.25_min1,12,30,241,300,242,803.33
sqli,stop_prob,stop=0.25_min1,13,32,245,300,246,816.67
sqli,stop_prob,stop=0.25_min1,14,33,255,300,256,850.00
sqli,stop_prob,stop=0.25_min1,15,23,243,300,243,810.00
sqli,stop_prob,stop=0.25_min1,16,30,255,300,256,850.00
sqli,stop_prob,stop=0.25_min1,17,26,241,300,242,803.33
sqli,stop_prob,stop=0.25_min1,18,21,258,300,259,860.00
sqli,stop_prob,stop=0.25_min1,19,23,247,300,248,823.33
sqli,stop_prob,stop=0.50_min1,0,29,261,300,261,870.00
sqli,stop_prob,stop=0.50_min1,1,29,268,300,267,893.33
sqli,stop_prob,stop=0.50_min1,2,20,271,300,270,903.33
sqli,stop_prob,stop=0.50_min1,3,21,257,300,257,856.67
sqli,stop_prob,stop=0.50_min1,4,29,268,300,266,893.33
sqli,stop_prob,stop=0.50_min1,5,22,278,300,277,926.67
sqli,stop_prob,stop=0.50_min1,6,20,253,300,252,843.33
sqli,stop_prob,stop=0.50_min1,7,20,267,300,264,890.00
sqli,stop_prob,stop=0.50_min1,8,26,262,300,262,873.33
sqli,stop_prob,stop=0.50_min1,9,20,255,300,251,850.00
sqli,stop_prob,stop=0.50_min1,10,22,254,300,254,846.67
sqli,stop_prob,stop=0.50_min1,11,21,259,300,260,863.33
sqli,stop_prob,stop=0.50_min1,12,20,265,300,262,883.33
sqli,stop_prob,stop=0.50_min1,13,21,255,300,254,850.00
sqli,stop_prob,stop=0.50_min1,14,24,264,300,265,880.00
sqli,stop_prob,stop=0.50_min1,15,21,265,300,263,883.33
sqli,stop_prob,stop=0.50_min1,16,21,266,300,266,886.67
sqli,stop_prob,stop=0.50_min1,17,20,266,300,267,886.67
sqli,stop_prob,stop=0.50_min1,18,20,261,300,261,870.00
sqli,stop_prob,stop=0.50_min1,19,22,249,300,250,830.00
sqli,stop_prob,stop=0.75_min1,0,19,267,300,262,890.00
sqli,stop_prob,stop=0.75_min1,1,21,279,300,275,930.00
sqli,stop_prob,stop=0.75_min1,2,19,271,300,269,903.33
sqli,stop_prob,stop=0.75_min1,3,23,259,300,258,863.33
sqli,stop_prob,stop=0.75_min1,4,24,274,300,272,913.33
sqli,stop_prob,stop=0.75_min1,5,26,266,300,263,886.67
sqli,stop_prob,stop=0.75_min1,6,25,268,300,265,893.33
sqli,stop_prob,stop=0.75_min1,7,27,266,300,260,886.67
sqli,stop_prob,stop=0.75_min1,8,20,263,300,261,876.67
sqli,stop_prob,stop=0.75_min1,9,19,260,300,257,866.67
sqli,stop_prob,stop=0.75_min1,10,20,256,300,254,853.33
sqli,stop_prob,stop=0.75_min1,11,19,273,300,273,910.00
sqli,stop_prob,stop=0.75_min1,12,19,281,300,278,936.67
sqli,stop_prob,stop=0.75_min1,13,19,267,300,267,890.00
sqli,stop_prob,stop=0.75_min1,14,21,268,300,266,893.33
sqli,stop_prob,stop=0.75_min1,15,19,274,300,270,913.33
sqli,stop_prob,stop=0.75_min1,16,19,263,300,258,876.67
sqli,stop_prob,stop=0.75_min1,17,21,263,300,261,876.67
sqli,stop_prob,stop=0.75_min1,18,19,263,300,260,876.67
sqli,stop_prob,stop=0.75_min1,19,22,272,300,273,906.67
sqli,stop_prob,stop=0.90_min1,0,19,277,300,270,923.33
sqli,stop_prob,stop=0.90_min1,1,20,278,300,275,926.67
sqli,stop_prob,stop=0.90_min1,2,18,273,300,269,910.00
sqli,stop_prob,stop=0.90_min1,3,25,255,300,254,850.00
sqli,stop_prob,stop=0.90_min1,4,19,268,300,260,893.33
sqli,stop_prob,stop=0.90_min1,5,20,272,300,263,906.67
sqli,stop_prob,stop=0.90_min1,6,19,262,300,257,873.33
sqli,stop_prob,stop=0.90_min1,7,19,274,300,266,913.33
sqli,stop_prob,stop=0.90_min1,8,20,269,300,263,896.67
sqli,stop_prob,stop=0.90_min1,9,24,266,300,262,886.67
sqli,stop_prob,stop=0.90_min1,10,30,259,300,258,863.33
sqli,stop_prob,stop=0.90_min1,11,28,266,300,262,886.67
sqli,stop_prob,stop=0.90_min1,12,20,289,300,287,963.33
sqli,stop_prob,stop=0.90_min1,13,19,266,300,266,886.67
sqli,stop_prob,stop=0.90_min1,14,21,267,300,264,890.00
sqli,stop_prob,stop=0.90_min1,15,24,275,300,271,916.67
sqli,stop_prob,stop=0.90_min1,16,20,271,300,265,903.33
sqli,stop_prob,stop=0.90_min1,17,18,260,300,260,866.67
sqli,stop_prob,stop=0.90_min1,18,19,262,300,260,873.33
sqli,stop_prob,stop=0.90_min1,19,26,272,300,271,906.67
sqli,min_atoms,min=1,0,30,254,300,255,846.67
sqli,min_atoms,min=1,1,22,251,300,252,836.67
sqli,min_atoms,min=1,2,22,246,300,247,820.00
sqli,min_atoms,min=1,3,29,235,300,236,783.33
sqli,min_atoms,min=1,4,32,248,300,249,826.67
sqli,min_atoms,min=1,5,25,264,300,265,880.00
sqli,min_atoms,min=1,6,28,250,300,250,833.33
sqli,min_atoms,min=1,7,26,251,300,251,836.67
sqli,min_atoms,min=1,8,25,244,300,245,813.33
sqli,min_atoms,min=1,9,22,240,300,240,800.00
sqli,min_atoms,min=1,10,24,236,300,237,786.67
sqli,min_atoms,min=1,11,24,256,300,257,853.33
sqli,min_atoms,min=1,12,25,241,300,242,803.33
sqli,min_atoms,min=1,13,32,245,300,246,816.67
sqli,min_atoms,min=1,14,31,255,300,256,850.00
sqli,min_atoms,min=1,15,23,243,300,243,810.00
sqli,min_atoms,min=1,16,25,255,300,256,850.00
sqli,min_atoms,min=1,17,26,241,300,242,803.33
sqli,min_atoms,min=1,18,22,258,300,259,860.00
sqli,min_atoms,min=1,19,24,247,300,248,823.33
sqli,min_atoms,min=2,0,38,232,300,233,773.33
sqli,min_atoms,min=2,1,25,239,300,240,796.67
sqli,min_atoms,min=2,2,25,248,300,248,826.67
sqli,min_atoms,min=2,3,31,237,300,238,790.00
sqli,min_atoms,min=2,4,29,252,300,253,840.00
sqli,min_atoms,min=2,5,25,248,300,249,826.67
sqli,min_atoms,min=2,6,26,229,300,230,763.33
sqli,min_atoms,min=2,7,24,258,300,259,860.00
sqli,min_atoms,min=2,8,28,243,300,244,810.00
sqli,min_atoms,min=2,9,24,240,300,241,800.00
sqli,min_atoms,min=2,10,24,245,300,246,816.67
sqli,min_atoms,min=2,11,40,246,300,247,820.00
sqli,min_atoms,min=2,12,25,241,300,242,803.33
sqli,min_atoms,min=2,13,28,251,300,252,836.67
sqli,min_atoms,min=2,14,31,243,300,244,810.00
sqli,min_atoms,min=2,15,33,254,300,255,846.67
sqli,min_atoms,min=2,16,24,235,300,236,783.33
sqli,min_atoms,min=2,17,26,242,300,243,806.67
sqli,min_atoms,min=2,18,22,234,300,235,780.00
sqli,min_atoms,min=2,19,25,252,300,253,840.00
sqli,min_atoms,min=3,0,32,248,300,249,826.67
sqli,min_atoms,min=3,1,26,241,300,242,803.33
sqli,min_atoms,min=3,2,24,244,300,245,813.33
sqli,min_atoms,min=3,3,34,231,300,232,770.00
sqli,min_atoms,min=3,4,29,235,300,236,783.33
sqli,min_atoms,min=3,5,25,247,300,248,823.33
sqli,min_atoms,min=3,6,36,227,300,228,756.67
sqli,min_atoms,min=3,7,31,249,300,250,830.00
sqli,min_atoms,min=3,8,32,231,300,232,770.00
sqli,min_atoms,min=3,9,36,236,300,237,786.67
sqli,min_atoms,min=3,10,41,228,300,229,760.00
sqli,min_atoms,min=3,11,35,235,300,236,783.33
sqli,min_atoms,min=3,12,28,241,300,242,803.33
sqli,min_atoms,min=3,13,26,244,300,245,813.33
sqli,min_atoms,min=3,14,32,247,300,248,823.33
sqli,min_atoms,min=3,15,28,238,300,239,793.33
sqli,min_atoms,min=3,16,29,237,300,238,790.00
sqli,min_atoms,min=3,17,35,224,300,225,746.67
sqli,min_atoms,min=3,18,36,243,300,244,810.00
sqli,min_atoms,min=3,19,27,241,300,242,803.33
sqli,min_atoms,min=4,0,31,237,300,238,790.00
sqli,min_atoms,min=4,1,30,232,300,233,773.33
sqli,min_atoms,min=4,2,30,222,300,223,740.00
sqli,min_atoms,min=4,3,33,221,300,222,736.67
sqli,min_atoms,min=4,4,25,238,300,239,793.33
sqli,min_atoms,min=4,5,31,230,300,231,766.67
sqli,min_atoms,min=4,6,30,239,300,240,796.67
sqli,min_atoms,min=4,7,30,243,300,244,810.00
sqli,min_atoms,min=4,8,29,231,300,232,770.00
sqli,min_atoms,min=4,9,31,227,300,228,756.67
sqli,min_atoms,min=4,10,34,241,300,242,803.33
sqli,min_atoms,min=4,11,38,225,300,226,750.00
sqli,min_atoms,min=4,12,25,231,300,232,770.00
sqli,min_atoms,min=4,13,30,229,300,230,763.33
sqli,min_atoms,min=4,14,31,233,300,234,776.67
sqli,min_atoms,min=4,15,27,234,300,235,780.00
sqli,min_atoms,min=4,16,34,232,300,233,773.33
sqli,min_atoms,min=4,17,30,223,300,224,743.33
sqli,min_atoms,min=4,18,27,255,300,256,850.00
sqli,min_atoms,min=4,19,31,242,300,243,806.67
sqli,vocab,vocab=default,0,33,240,300,241,800.00
sqli,vocab,vocab=default,1,26,250,300,251,833.33
sqli,vocab,vocab=default,2,27,247,300,248,823.33
sqli,vocab,vocab=default,3,26,252,300,253,840.00
sqli,vocab,vocab=default,4,29,255,300,256,850.00
sqli,vocab,vocab=default,5,31,261,300,262,870.00
sqli,vocab,vocab=default,6,27,260,300,261,866.67
sqli,vocab,vocab=default,7,25,258,300,259,860.00
sqli,vocab,vocab=default,8,31,255,300,256,850.00
sqli,vocab,vocab=default,9,28,240,300,241,800.00
sqli,vocab,vocab=default,10,25,250,300,251,833.33
sqli,vocab,vocab=default,11,27,262,300,263,873.33
sqli,vocab,vocab=default,12,26,258,300,259,860.00
sqli,vocab,vocab=default,13,33,244,300,245,813.33
sqli,vocab,vocab=default,14,45,256,300,257,853.33
sqli,vocab,vocab=default,15,32,253,300,254,843.33
sqli,vocab,vocab=default,16,32,245,300,246,816.67
sqli,vocab,vocab=default,17,34,249,300,250,830.00
sqli,vocab,vocab=default,18,31,257,300,258,856.67
sqli,vocab,vocab=default,19,34,255,300,256,850.00
sqli,vocab,vocab=xss+,0,32,254,300,255,846.67
sqli,vocab,vocab=xss+,1,27,251,300,252,836.67
sqli,vocab,vocab=xss+,2,41,245,300,246,816.67
sqli,vocab,vocab=xss+,3,33,248,300,249,826.67
sqli,vocab,vocab=xss+,4,37,252,300,253,840.00
sqli,vocab,vocab=xss+,5,28,244,300,245,813.33
sqli,vocab,vocab=xss+,6,31,237,300,237,790.00
sqli,vocab,vocab=xss+,7,26,240,300,241,800.00
sqli,vocab,vocab=xss+,8,25,241,300,242,803.33
sqli,vocab,vocab=xss+,9,26,241,300,242,803.33
sqli,vocab,vocab=xss+,10,29,253,300,254,843.33
sqli,vocab,vocab=xss+,11,38,254,300,255,846.67
sqli,vocab,vocab=xss+,12,34,254,300,255,846.67
sqli,vocab,vocab=xss+,13,29,239,300,240,796.67
sqli,vocab,vocab=xss+,14,25,245,300,246,816.67
sqli,vocab,vocab=xss+,15,32,242,300,243,806.67
sqli,vocab,vocab=xss+,16,28,244,300,245,813.33
sqli,vocab,vocab=xss+,17,30,252,300,252,840.00
sqli,vocab,vocab=xss+,18,30,247,300,248,823.33
sqli,vocab,vocab=xss+,19,31,251,300,252,836.67
sqli,vocab,vocab=sqli+,0,31,246,300,247,820.00
sqli,vocab,vocab=sqli+,1,26,247,300,248,823.33
sqli,vocab,vocab=sqli+,2,27,255,300,256,850.00
sqli,vocab,vocab=sqli+,3,26,245,300,246,816.67
sqli,vocab,vocab=sqli+,4,28,255,300,256,850.00
sqli,vocab,vocab=sqli+,5,29,261,300,261,870.00
sqli,vocab,vocab=sqli+,6,25,247,300,248,823.33
sqli,vocab,vocab=sqli+,7,23,266,300,267,886.67
sqli,vocab,vocab=sqli+,8,28,255,300,256,850.00
sqli,vocab,vocab=sqli+,9,28,243,300,244,810.00
sqli,vocab,vocab=sqli+,10,27,246,300,247,820.00
sqli,vocab,vocab=sqli+,11,31,249,300,250,830.00
sqli,vocab,vocab=sqli+,12,28,257,300,258,856.67
sqli,vocab,vocab=sqli+,13,26,252,300,253,840.00
sqli,vocab,vocab=sqli+,14,33,255,300,256,850.00
sqli,vocab,vocab=sqli+,15,27,253,300,254,843.33
sqli,vocab,vocab=sqli+,16,31,251,300,252,836.67
sqli,vocab,vocab=sqli+,17,30,255,300,256,850.00
sqli,vocab,vocab=sqli+,18,32,265,300,266,883.33
sqli,vocab,vocab=sqli+,19,33,263,300,264,876.67
sqli,vocab,vocab=ssti+,0,35,254,300,255,846.67
sqli,vocab,vocab=ssti+,1,27,265,300,266,883.33
sqli,vocab,vocab=ssti+,2,30,249,300,249,830.00
sqli,vocab,vocab=ssti+,3,25,251,300,252,836.67
sqli,vocab,vocab=ssti+,4,26,251,300,252,836.67
sqli,vocab,vocab=ssti+,5,27,260,300,261,866.67
sqli,vocab,vocab=ssti+,6,41,241,300,242,803.33
sqli,vocab,vocab=ssti+,7,44,264,300,265,880.00
sqli,vocab,vocab=ssti+,8,26,264,300,265,880.00
sqli,vocab,vocab=ssti+,9,36,257,300,258,856.67
sqli,vocab,vocab=ssti+,10,29,258,300,259,860.00
sqli,vocab,vocab=ssti+,11,37,239,300,240,796.67
sqli,vocab,vocab=ssti+,12,27,258,300,259,860.00
sqli,vocab,vocab=ssti+,13,32,255,300,256,850.00
sqli,vocab,vocab=ssti+,14,25,257,300,258,856.67
sqli,vocab,vocab=ssti+,15,31,242,300,243,806.67
sqli,vocab,vocab=ssti+,16,30,258,300,259,860.00
sqli,vocab,vocab=ssti+,17,29,249,300,250,830.00
sqli,vocab,vocab=ssti+,18,37,253,300,254,843.33
sqli,vocab,vocab=ssti+,19,26,250,300,251,833.33
xss,gen_ratio,gen=0.0,0,25,223,300,224,743.33
xss,gen_ratio,gen=0.0,1,24,163,300,163,543.33
xss,gen_ratio,gen=0.0,2,29,185,300,186,616.67
xss,gen_ratio,gen=0.0,3,33,153,300,154,510.00
xss,gen_ratio,gen=0.0,4,28,216,300,217,720.00
xss,gen_ratio,gen=0.0,5,23,149,300,150,496.67
xss,gen_ratio,gen=0.0,6,23,148,300,149,493.33
xss,gen_ratio,gen=0.0,7,27,165,300,166,550.00
xss,gen_ratio,gen=0.0,8,25,123,300,124,410.00
xss,gen_ratio,gen=0.0,9,24,156,300,157,520.00
xss,gen_ratio,gen=0.0,10,26,196,300,197,653.33
xss,gen_ratio,gen=0.0,11,27,219,300,220,730.00
xss,gen_ratio,gen=0.0,12,25,189,300,190,630.00
xss,gen_ratio,gen=0.0,13,31,222,300,223,740.00
xss,gen_ratio,gen=0.0,14,25,183,300,184,610.00
xss,gen_ratio,gen=0.0,15,31,155,300,156,516.67
xss,gen_ratio,gen=0.0,16,28,171,300,172,570.00
xss,gen_ratio,gen=0.0,17,28,199,300,200,663.33
xss,gen_ratio,gen=0.0,18,23,169,300,170,563.33
xss,gen_ratio,gen=0.0,19,22,161,300,162,536.67
xss,gen_ratio,gen=0.1,0,30,197,300,198,656.67
xss,gen_ratio,gen=0.1,1,25,181,300,182,603.33
xss,gen_ratio,gen=0.1,2,25,187,300,188,623.33
xss,gen_ratio,gen=0.1,3,24,146,300,147,486.67
xss,gen_ratio,gen=0.1,4,26,185,300,186,616.67
xss,gen_ratio,gen=0.1,5,23,137,300,138,456.67
xss,gen_ratio,gen=0.1,6,28,146,300,147,486.67
xss,gen_ratio,gen=0.1,7,27,140,300,141,466.67
xss,gen_ratio,gen=0.1,8,24,138,300,139,460.00
xss,gen_ratio,gen=0.1,9,25,158,300,159,526.67
xss,gen_ratio,gen=0.1,10,35,148,300,149,493.33
xss,gen_ratio,gen=0.1,11,32,209,300,210,696.67
xss,gen_ratio,gen=0.1,12,26,155,300,156,516.67
xss,gen_ratio,gen=0.1,13,36,218,300,219,726.67
xss,gen_ratio,gen=0.1,14,38,205,300,206,683.33
xss,gen_ratio,gen=0.1,15,24,148,300,149,493.33
xss,gen_ratio,gen=0.1,16,24,171,300,172,570.00
xss,gen_ratio,gen=0.1,17,24,170,300,171,566.67
xss,gen_ratio,gen=0.1,18,27,167,300,168,556.67
xss,gen_ratio,gen=0.1,19,28,154,300,155,513.33
xss,gen_ratio,gen=0.2,0,30,198,300,199,660.00
xss,gen_ratio,gen=0.2,1,27,144,300,145,480.00
xss,gen_ratio,gen=0.2,2,26,184,300,185,613.33
xss,gen_ratio,gen=0.2,3,25,145,300,146,483.33
xss,gen_ratio,gen=0.2,4,23,171,300,172,570.00
xss,gen_ratio,gen=0.2,5,23,167,300,168,556.67
xss,gen_ratio,gen=0.2,6,27,162,300,163,540.00
xss,gen_ratio,gen=0.2,7,23,150,300,151,500.00
xss,gen_ratio,gen=0.2,8,23,140,300,141,466.67
xss,gen_ratio,gen=0.2,9,23,155,300,156,516.67
xss,gen_ratio,gen=0.2,10,24,161,300,162,536.67
xss,gen_ratio,gen=0.2,11,26,213,300,214,710.00
xss,gen_ratio,gen=0.2,12,22,167,300,168,556.67
xss,gen_ratio,gen=0.2,13,44,217,300,218,723.33
xss,gen_ratio,gen=0.2,14,31,178,300,179,593.33
xss,gen_ratio,gen=0.2,15,24,149,300,150,496.67
xss,gen_ratio,gen=0.2,16,23,145,300,146,483.33
xss,gen_ratio,gen=0.2,17,26,181,300,182,603.33
xss,gen_ratio,gen=0.2,18,32,144,300,145,480.00
xss,gen_ratio,gen=0.2,19,24,181,300,182,603.33
xss,gen_ratio,gen=0.3,0,30,182,300,183,606.67
xss,gen_ratio,gen=0.3,1,22,156,300,157,520.00
xss,gen_ratio,gen=0.3,2,24,158,300,159,526.67
xss,gen_ratio,gen=0.3,3,22,152,300,153,506.67
xss,gen_ratio,gen=0.3,4,23,164,300,165,546.67
xss,gen_ratio,gen=0.3,5,24,143,300,144,476.67
xss,gen_ratio,gen=0.3,6,26,160,300,161,533.33
xss,gen_ratio,gen=0.3,7,23,140,300,141,466.67
xss,gen_ratio,gen=0.3,8,23,142,300,143,473.33
xss,gen_ratio,gen=0.3,9,24,154,300,155,513.33
xss,gen_ratio,gen=0.3,10,24,174,300,175,580.00
xss,gen_ratio,gen=0.3,11,32,185,300,186,616.67
xss,gen_ratio,gen=0.3,12,32,162,300,163,540.00
xss,gen_ratio,gen=0.3,13,24,178,300,179,593.33
xss,gen_ratio,gen=0.3,14,30,179,300,180,596.67
xss,gen_ratio,gen=0.3,15,23,135,300,136,450.00
xss,gen_ratio,gen=0.3,16,24,172,300,173,573.33
xss,gen_ratio,gen=0.3,17,25,167,300,168,556.67
xss,gen_ratio,gen=0.3,18,24,173,300,174,576.67
xss,gen_ratio,gen=0.3,19,30,188,300,189,626.67
xss,gen_ratio,gen=0.4,0,26,159,300,160,530.00
xss,gen_ratio,gen=0.4,1,22,148,300,148,493.33
xss,gen_ratio,gen=0.4,2,25,168,300,169,560.00
xss,gen_ratio,gen=0.4,3,23,166,300,167,553.33
xss,gen_ratio,gen=0.4,4,23,157,300,158,523.33
xss,gen_ratio,gen=0.4,5,24,148,300,149,493.33
xss,gen_ratio,gen=0.4,6,23,159,300,160,530.00
xss,gen_ratio,gen=0.4,7,22,165,300,166,550.00
xss,gen_ratio,gen=0.4,8,32,182,300,182,606.67
xss,gen_ratio,gen=0.4,9,29,166,300,167,553.33
xss,gen_ratio,gen=0.4,10,23,172,300,173,573.33
xss,gen_ratio,gen=0.4,11,25,210,300,211,700.00
xss,gen_ratio,gen=0.4,12,24,172,300,173,573.33
xss,gen_ratio,gen=0.4,13,28,179,300,180,596.67
xss,gen_ratio,gen=0.4,14,52,175,300,176,583.33
xss,gen_ratio,gen=0.4,15,29,154,300,155,513.33
xss,gen_ratio,gen=0.4,16,32,159,300,160,530.00
xss,gen_ratio,gen=0.4,17,23,141,300,142,470.00
xss,gen_ratio,gen=0.4,18,25,161,300,162,536.67
xss,gen_ratio,gen=0.4,19,24,176,300,177,586.67
xss,gen_ratio,gen=0.5,0,29,186,300,187,620.00
xss,gen_ratio,gen=0.5,1,22,180,300,181,600.00
xss,gen_ratio,gen=0.5,2,23,184,300,185,613.33
xss,gen_ratio,gen=0.5,3,26,165,300,166,550.00
xss,gen_ratio,gen=0.5,4,23,168,300,168,560.00
xss,gen_ratio,gen=0.5,5,23,171,300,172,570.00
xss,gen_ratio,gen=0.5,6,23,151,300,151,503.33
xss,gen_ratio,gen=0.5,7,23,167,300,168,556.67
xss,gen_ratio,gen=0.5,8,23,187,300,188,623.33
xss,gen_ratio,gen=0.5,9,25,190,300,191,633.33
xss,gen_ratio,gen=0.5,10,23,169,300,170,563.33
xss,gen_ratio,gen=0.5,11,25,209,300,210,696.67
xss,gen_ratio,gen=0.5,12,26,194,300,195,646.67
xss,gen_ratio,gen=0.5,13,24,150,300,151,500.00
xss,gen_ratio,gen=0.5,14,22,160,300,161,533.33
xss,gen_ratio,gen=0.5,15,25,165,300,166,550.00
xss,gen_ratio,gen=0.5,16,25,169,300,170,563.33
xss,gen_ratio,gen=0.5,17,25,181,300,182,603.33
xss,gen_ratio,gen=0.5,18,25,188,300,189,626.67
xss,gen_ratio,gen=0.5,19,23,180,300,181,600.00
xss,gen_ratio,gen=0.6,0,25,183,300,184,610.00
xss,gen_ratio,gen=0.6,1,22,176,300,177,586.67
xss,gen_ratio,gen=0.6,2,23,184,300,185,613.33
xss,gen_ratio,gen=0.6,3,24,172,300,173,573.33
xss,gen_ratio,gen=0.6,4,23,171,300,172,570.00
xss,gen_ratio,gen=0.6,5,23,167,300,168,556.67
xss,gen_ratio,gen=0.6,6,33,169,300,169,563.33
xss,gen_ratio,gen=0.6,7,27,171,300,172,570.00
xss,gen_ratio,gen=0.6,8,23,185,300,186,616.67
xss,gen_ratio,gen=0.6,9,68,211,300,212,703.33
xss,gen_ratio,gen=0.6,10,25,171,300,172,570.00
xss,gen_ratio,gen=0.6,11,24,175,300,176,583.33
xss,gen_ratio,gen=0.6,12,26,199,300,200,663.33
xss,gen_ratio,gen=0.6,13,37,169,300,170,563.33
xss,gen_ratio,gen=0.6,14,32,161,300,162,536.67
xss,gen_ratio,gen=0.6,15,27,164,300,165,546.67
xss,gen_ratio,gen=0.6,16,29,184,300,185,613.33
xss,gen_ratio,gen=0.6,17,30,175,300,176,583.33
xss,gen_ratio,gen=0.6,18,25,183,300,184,610.00
xss,gen_ratio,gen=0.6,19,23,181,300,182,603.33
xss,gen_ratio,gen=0.7,0,29,187,300,188,623.33
xss,gen_ratio,gen=0.7,1,35,166,300,167,553.33
xss,gen_ratio,gen=0.7,2,26,200,300,201,666.67
xss,gen_ratio,gen=0.7,3,23,185,300,186,616.67
xss,gen_ratio,gen=0.7,4,28,188,300,189,626.67
xss,gen_ratio,gen=0.7,5,30,181,300,182,603.33
xss,gen_ratio,gen=0.7,6,32,167,300,168,556.67
xss,gen_ratio,gen=0.7,7,31,176,300,177,586.67
xss,gen_ratio,gen=0.7,8,32,193,300,194,643.33
xss,gen_ratio,gen=0.7,9,24,173,300,174,576.67
xss,gen_ratio,gen=0.7,10,23,168,300,169,560.00
xss,gen_ratio,gen=0.7,11,22,188,300,189,626.67
xss,gen_ratio,gen=0.7,12,22,191,300,192,636.67
xss,gen_ratio,gen=0.7,13,23,170,300,171,566.67
xss,gen_ratio,gen=0.7,14,23,189,300,190,630.00
xss,gen_ratio,gen=0.7,15,23,159,300,160,530.00
xss,gen_ratio,gen=0.7,16,25,180,300,181,600.00
xss,gen_ratio,gen=0.7,17,22,182,300,183,606.67
xss,gen_ratio,gen=0.7,18,24,182,300,183,606.67
xss,gen_ratio,gen=0.7,19,22,188,300,189,626.67
xss,gen_ratio,gen=0.8,0,23,183,300,184,610.00
xss,gen_ratio,gen=0.8,1,23,190,300,191,633.33
xss,gen_ratio,gen=0.8,2,23,193,300,194,643.33
xss,gen_ratio,gen=0.8,3,23,194,300,195,646.67
xss,gen_ratio,gen=0.8,4,23,193,300,194,643.33
xss,gen_ratio,gen=0.8,5,24,206,300,207,686.67
xss,gen_ratio,gen=0.8,6,23,196,300,197,653.33
xss,gen_ratio,gen=0.8,7,26,202,300,203,673.33
xss,gen_ratio,gen=0.8,8,23,198,300,199,660.00
xss,gen_ratio,gen=0.8,9,26,186,300,187,620.00
xss,gen_ratio,gen=0.8,10,24,178,300,179,593.33
xss,gen_ratio,gen=0.8,11,24,186,300,187,620.00
xss,gen_ratio,gen=0.8,12,24,201,300,202,670.00
xss,gen_ratio,gen=0.8,13,23,191,300,192,636.67
xss,gen_ratio,gen=0.8,14,27,198,300,199,660.00
xss,gen_ratio,gen=0.8,15,29,180,300,181,600.00
xss,gen_ratio,gen=0.8,16,28,187,300,188,623.33
xss,gen_ratio,gen=0.8,17,24,183,300,184,610.00
xss,gen_ratio,gen=0.8,18,23,203,300,204,676.67
xss,gen_ratio,gen=0.8,19,26,189,300,190,630.00
xss,gen_ratio,gen=0.9,0,24,191,300,192,636.67
xss,gen_ratio,gen=0.9,1,22,194,300,195,646.67
xss,gen_ratio,gen=0.9,2,23,201,300,202,670.00
xss,gen_ratio,gen=0.9,3,23,201,300,202,670.00
xss,gen_ratio,gen=0.9,4,22,202,300,203,673.33
xss,gen_ratio,gen=0.9,5,25,204,300,205,680.00
xss,gen_ratio,gen=0.9,6,22,194,300,195,646.67
xss,gen_ratio,gen=0.9,7,22,204,300,205,680.00
xss,gen_ratio,gen=0.9,8,23,211,300,212,703.33
xss,gen_ratio,gen=0.9,9,23,201,300,202,670.00
xss,gen_ratio,gen=0.9,10,26,188,300,189,626.67
xss,gen_ratio,gen=0.9,11,22,212,300,213,706.67
xss,gen_ratio,gen=0.9,12,25,192,300,193,640.00
xss,gen_ratio,gen=0.9,13,33,201,300,202,670.00
xss,gen_ratio,gen=0.9,14,24,203,300,204,676.67
xss,gen_ratio,gen=0.9,15,23,202,300,203,673.33
xss,gen_ratio,gen=0.9,16,24,186,300,187,620.00
xss,gen_ratio,gen=0.9,17,28,189,300,190,630.00
xss,gen_ratio,gen=0.9,18,33,205,300,206,683.33
xss,gen_ratio,gen=0.9,19,26,194,300,195,646.67
xss,gen_ratio,gen=1.0,0,24,199,300,200,663.33
xss,gen_ratio,gen=1.0,1,32,195,300,195,650.00
xss,gen_ratio,gen=1.0,2,27,210,300,211,700.00
xss,gen_ratio,gen=1.0,3,28,202,300,203,673.33
xss,gen_ratio,gen=1.0,4,23,208,300,209,693.33
xss,gen_ratio,gen=1.0,5,26,213,300,214,710.00
xss,gen_ratio,gen=1.0,6,24,207,300,208,690.00
xss,gen_ratio,gen=1.0,7,22,207,300,208,690.00
xss,gen_ratio,gen=1.0,8,22,216,300,217,720.00
xss,gen_ratio,gen=1.0,9,23,203,300,204,676.67
xss,gen_ratio,gen=1.0,10,28,184,300,185,613.33
xss,gen_ratio,gen=1.0,11,25,207,300,208,690.00
xss,gen_ratio,gen=1.0,12,31,209,300,210,696.67
xss,gen_ratio,gen=1.0,13,32,211,300,212,703.33
xss,gen_ratio,gen=1.0,14,27,209,300,210,696.67
xss,gen_ratio,gen=1.0,15,24,196,300,197,653.33
xss,gen_ratio,gen=1.0,16,23,197,300,198,656.67
xss,gen_ratio,gen=1.0,17,26,191,300,192,636.67
xss,gen_ratio,gen=1.0,18,23,206,300,207,686.67
xss,gen_ratio,gen=1.0,19,24,200,300,201,666.67
xss,length,len=short,0,20,224,300,223,746.67
xss,length,len=short,1,20,200,300,200,666.67
xss,length,len=short,2,20,224,300,224,746.67
xss,length,len=short,3,24,211,300,211,703.33
xss,length,len=short,4,23,225,300,223,750.00
xss,length,len=short,5,20,219,300,218,730.00
xss,length,len=short,6,19,210,300,211,700.00
xss,length,len=short,7,21,211,300,212,703.33
xss,length,len=short,8,26,211,300,210,703.33
xss,length,len=short,9,22,227,300,226,756.67
xss,length,len=short,10,21,206,300,207,686.67
xss,length,len=short,11,20,218,300,219,726.67
xss,length,len=short,12,19,208,300,204,693.33
xss,length,len=short,13,21,203,300,202,676.67
xss,length,len=short,14,20,211,300,210,703.33
xss,length,len=short,15,19,219,300,218,730.00
xss,length,len=short,16,20,208,300,208,693.33
xss,length,len=short,17,23,220,300,218,733.33
xss,length,len=short,18,23,230,300,231,766.67
xss,length,len=short,19,20,212,300,211,706.67
xss,length,len=medium,0,23,187,300,188,623.33
xss,length,len=medium,1,25,166,300,167,553.33
xss,length,len=medium,2,26,200,300,201,666.67
xss,length,len=medium,3,26,185,300,186,616.67
xss,length,len=medium,4,24,188,300,189,626.67
xss,length,len=medium,5,27,181,300,182,603.33
xss,length,len=medium,6,23,167,300,168,556.67
xss,length,len=medium,7,24,176,300,177,586.67
xss,length,len=medium,8,23,193,300,194,643.33
xss,length,len=medium,9,24,173,300,174,576.67
xss,length,len=medium,10,23,168,300,169,560.00
xss,length,len=medium,11,23,188,300,189,626.67
xss,length,len=medium,12,31,191,300,192,636.67
xss,length,len=medium,13,32,170,300,171,566.67
xss,length,len=medium,14,26,189,300,190,630.00
xss,length,len=medium,15,37,159,300,160,530.00
xss,length,len=medium,16,28,180,300,181,600.00
xss,length,len=medium,17,30,182,300,183,606.67
xss,length,len=medium,18,31,182,300,183,606.67
xss,length,len=medium,19,27,188,300,189,626.67
xss,length,len=long,0,38,141,300,142,470.00
xss,length,len=long,1,29,124,300,125,413.33
xss,length,len=long,2,40,129,300,130,430.00
xss,length,len=long,3,32,111,300,112,370.00
xss,length,len=long,4,29,126,300,127,420.00
xss,length,len=long,5,32,136,300,137,453.33
xss,length,len=long,6,31,138,300,139,460.00
xss,length,len=long,7,33,135,300,136,450.00
xss,length,len=long,8,35,134,300,135,446.67
xss,length,len=long,9,36,128,300,129,426.67
xss,length,len=long,10,30,118,300,119,393.33
xss,length,len=long,11,42,134,300,135,446.67
xss,length,len=long,12,30,137,300,138,456.67
xss,length,len=long,13,31,116,300,117,386.67
xss,length,len=long,14,36,143,300,144,476.67
xss,length,len=long,15,36,128,300,129,426.67
xss,length,len=long,16,30,132,300,133,440.00
xss,length,len=long,17,30,122,300,123,406.67
xss,length,len=long,18,36,126,300,127,420.00
xss,length,len=long,19,30,130,300,131,433.33
xss,havoc,havoc=default,0,23,187,300,188,623.33
xss,havoc,havoc=default,1,24,166,300,167,553.33
xss,havoc,havoc=default,2,28,200,300,201,666.67
xss,havoc,havoc=default,3,29,185,300,186,616.67
xss,havoc,havoc=default,4,22,188,300,189,626.67
xss,havoc,havoc=default,5,25,181,300,182,603.33
xss,havoc,havoc=default,6,30,167,300,168,556.67
xss,havoc,havoc=default,7,28,176,300,177,586.67
xss,havoc,havoc=default,8,23,193,300,194,643.33
xss,havoc,havoc=default,9,24,173,300,174,576.67
xss,havoc,havoc=default,10,25,168,300,169,560.00
xss,havoc,havoc=default,11,22,188,300,189,626.67
xss,havoc,havoc=default,12,23,191,300,192,636.67
xss,havoc,havoc=default,13,23,170,300,171,566.67
xss,havoc,havoc=default,14,29,189,300,190,630.00
xss,havoc,havoc=default,15,25,159,300,160,530.00
xss,havoc,havoc=default,16,23,180,300,181,600.00
xss,havoc,havoc=default,17,25,182,300,183,606.67
xss,havoc,havoc=default,18,33,182,300,183,606.67
xss,havoc,havoc=default,19,30,188,300,189,626.67
xss,havoc,havoc=structural,0,22,176,300,177,586.67
xss,havoc,havoc=structural,1,22,166,300,167,553.33
xss,havoc,havoc=structural,2,31,172,300,173,573.33
xss,havoc,havoc=structural,3,29,175,300,176,583.33
xss,havoc,havoc=structural,4,22,179,300,180,596.67
xss,havoc,havoc=structural,5,24,175,300,176,583.33
xss,havoc,havoc=structural,6,27,164,300,165,546.67
xss,havoc,havoc=structural,7,24,186,300,187,620.00
xss,havoc,havoc=structural,8,23,191,300,192,636.67
xss,havoc,havoc=structural,9,24,168,300,169,560.00
xss,havoc,havoc=structural,10,29,180,300,181,600.00
xss,havoc,havoc=structural,11,24,175,300,176,583.33
xss,havoc,havoc=structural,12,25,183,300,184,610.00
xss,havoc,havoc=structural,13,25,180,300,181,600.00
xss,havoc,havoc=structural,14,23,175,300,176,583.33
xss,havoc,havoc=structural,15,28,203,300,204,676.67
xss,havoc,havoc=structural,16,24,166,300,167,553.33
xss,havoc,havoc=structural,17,23,179,300,180,596.67
xss,havoc,havoc=structural,18,22,175,300,176,583.33
xss,havoc,havoc=structural,19,29,195,300,196,650.00
xss,havoc,havoc=destructive,0,62,160,300,161,533.33
xss,havoc,havoc=destructive,1,29,167,300,168,556.67
xss,havoc,havoc=destructive,2,28,162,300,163,540.00
xss,havoc,havoc=destructive,3,35,163,300,164,543.33
xss,havoc,havoc=destructive,4,28,167,300,168,556.67
xss,havoc,havoc=destructive,5,36,172,300,173,573.33
xss,havoc,havoc=destructive,6,26,166,300,167,553.33
xss,havoc,havoc=destructive,7,26,165,300,166,550.00
xss,havoc,havoc=destructive,8,27,166,300,167,553.33
xss,havoc,havoc=destructive,9,29,160,300,161,533.33
xss,havoc,havoc=destructive,10,32,157,300,158,523.33
xss,havoc,havoc=destructive,11,30,170,300,171,566.67
xss,havoc,havoc=destructive,12,36,159,300,160,530.00
xss,havoc,havoc=destructive,13,30,139,300,140,463.33
xss,havoc,havoc=destructive,14,29,172,300,173,573.33
xss,havoc,havoc=destructive,15,31,174,300,175,580.00
xss,havoc,havoc=destructive,16,33,147,300,148,490.00
xss,havoc,havoc=destructive,17,31,164,300,165,546.67
xss,havoc,havoc=destructive,18,30,167,300,168,556.67
xss,havoc,havoc=destructive,19,33,156,300,157,520.00
xss,havoc,havoc=encoding,0,27,188,300,189,626.67
xss,havoc,havoc=encoding,1,22,176,300,177,586.67
xss,havoc,havoc=encoding,2,22,180,300,181,600.00
xss,havoc,havoc=encoding,3,24,172,300,173,573.33
xss,havoc,havoc=encoding,4,22,183,300,184,610.00
xss,havoc,havoc=encoding,5,25,205,300,206,683.33
xss,havoc,havoc=encoding,6,23,177,300,178,590.00
xss,havoc,havoc=encoding,7,22,201,300,202,670.00
xss,havoc,havoc=encoding,8,23,183,300,184,610.00
xss,havoc,havoc=encoding,9,24,173,300,174,576.67
xss,havoc,havoc=encoding,10,27,157,300,158,523.33
xss,havoc,havoc=encoding,11,24,183,300,184,610.00
xss,havoc,havoc=encoding,12,24,177,300,178,590.00
xss,havoc,havoc=encoding,13,27,184,300,185,613.33
xss,havoc,havoc=encoding,14,25,169,300,170,563.33
xss,havoc,havoc=encoding,15,23,163,300,164,543.33
xss,havoc,havoc=encoding,16,24,183,300,184,610.00
xss,havoc,havoc=encoding,17,31,185,300,186,616.67
xss,havoc,havoc=encoding,18,26,190,300,191,633.33
xss,havoc,havoc=encoding,19,24,196,300,197,653.33
xss,placement,place=a0.0_p0.5,0,23,184,300,185,613.33
xss,placement,place=a0.0_p0.5,1,22,152,300,153,506.67
xss,placement,place=a0.0_p0.5,2,28,176,300,177,586.67
xss,placement,place=a0.0_p0.5,3,33,181,300,182,603.33
xss,placement,place=a0.0_p0.5,4,31,187,300,188,623.33
xss,placement,place=a0.0_p0.5,5,24,194,300,195,646.67
xss,placement,place=a0.0_p0.5,6,23,178,300,179,593.33
xss,placement,place=a0.0_p0.5,7,22,176,300,177,586.67
xss,placement,place=a0.0_p0.5,8,24,176,300,177,586.67
xss,placement,place=a0.0_p0.5,9,23,176,300,177,586.67
xss,placement,place=a0.0_p0.5,10,23,169,300,170,563.33
xss,placement,place=a0.0_p0.5,11,22,204,300,205,680.00
xss,placement,place=a0.0_p0.5,12,22,195,300,196,650.00
xss,placement,place=a0.0_p0.5,13,24,190,300,191,633.33
xss,placement,place=a0.0_p0.5,14,22,172,300,173,573.33
xss,placement,place=a0.0_p0.5,15,22,178,300,179,593.33
xss,placement,place=a0.0_p0.5,16,22,175,300,176,583.33
xss,placement,place=a0.0_p0.5,17,23,163,300,164,543.33
xss,placement,place=a0.0_p0.5,18,23,200,300,201,666.67
xss,placement,place=a0.0_p0.5,19,23,167,300,168,556.67
xss,placement,place=a0.0_p1.0,0,24,184,300,185,613.33
xss,placement,place=a0.0_p1.0,1,23,152,300,153,506.67
xss,placement,place=a0.0_p1.0,2,22,176,300,177,586.67
xss,placement,place=a0.0_p1.0,3,22,181,300,182,603.33
xss,placement,place=a0.0_p1.0,4,22,187,300,188,623.33
xss,placement,place=a0.0_p1.0,5,23,194,300,195,646.67
xss,placement,place=a0.0_p1.0,6,23,178,300,179,593.33
xss,placement,place=a0.0_p1.0,7,22,176,300,177,586.67
xss,placement,place=a0.0_p1.0,8,26,176,300,177,586.67
xss,placement,place=a0.0_p1.0,9,23,176,300,177,586.67
xss,placement,place=a0.0_p1.0,10,24,169,300,170,563.33
xss,placement,place=a0.0_p1.0,11,22,204,300,205,680.00
xss,placement,place=a0.0_p1.0,12,24,195,300,196,650.00
xss,placement,place=a0.0_p1.0,13,28,190,300,191,633.33
xss,placement,place=a0.0_p1.0,14,25,172,300,173,573.33
xss,placement,place=a0.0_p1.0,15,22,178,300,179,593.33
xss,placement,place=a0.0_p1.0,16,22,175,300,176,583.33
xss,placement,place=a0.0_p1.0,17,28,163,300,164,543.33
xss,placement,place=a0.0_p1.0,18,25,200,300,201,666.67
xss,placement,place=a0.0_p1.0,19,23,167,300,168,556.67
xss,placement,place=a0.0_p2.0,0,25,184,300,185,613.33
xss,placement,place=a0.0_p2.0,1,31,152,300,153,506.67
xss,placement,place=a0.0_p2.0,2,24,176,300,177,586.67
xss,placement,place=a0.0_p2.0,3,23,181,300,182,603.33
xss,placement,place=a0.0_p2.0,4,23,187,300,188,623.33
xss,placement,place=a0.0_p2.0,5,23,194,300,195,646.67
xss,placement,place=a0.0_p2.0,6,23,178,300,179,593.33
xss,placement,place=a0.0_p2.0,7,28,176,300,177,586.67
xss,placement,place=a0.0_p2.0,8,23,176,300,177,586.67
xss,placement,place=a0.0_p2.0,9,22,176,300,177,586.67
xss,placement,place=a0.0_p2.0,10,24,169,300,170,563.33
xss,placement,place=a0.0_p2.0,11,23,204,300,205,680.00
xss,placement,place=a0.0_p2.0,12,22,195,300,196,650.00
xss,placement,place=a0.0_p2.0,13,24,190,300,191,633.33
xss,placement,place=a0.0_p2.0,14,29,172,300,173,573.33
xss,placement,place=a0.0_p2.0,15,26,178,300,179,593.33
xss,placement,place=a0.0_p2.0,16,23,175,300,176,583.33
xss,placement,place=a0.0_p2.0,17,23,163,300,164,543.33
xss,placement,place=a0.0_p2.0,18,23,200,300,201,666.67
xss,placement,place=a0.0_p2.0,19,23,167,300,168,556.67
xss,placement,place=a0.0_p4.0,0,24,184,300,185,613.33
xss,placement,place=a0.0_p4.0,1,22,152,300,153,506.67
xss,placement,place=a0.0_p4.0,2,22,176,300,177,586.67
xss,placement,place=a0.0_p4.0,3,28,181,300,182,603.33
xss,placement,place=a0.0_p4.0,4,23,187,300,188,623.33
xss,placement,place=a0.0_p4.0,5,23,194,300,195,646.67
xss,placement,place=a0.0_p4.0,6,23,178,300,179,593.33
xss,placement,place=a0.0_p4.0,7,22,176,300,177,586.67
xss,placement,place=a0.0_p4.0,8,32,176,300,177,586.67
xss,placement,place=a0.0_p4.0,9,25,176,300,177,586.67
xss,placement,place=a0.0_p4.0,10,23,169,300,170,563.33
xss,placement,place=a0.0_p4.0,11,22,204,300,205,680.00
xss,placement,place=a0.0_p4.0,12,22,195,300,196,650.00
xss,placement,place=a0.0_p4.0,13,24,190,300,191,633.33
xss,placement,place=a0.0_p4.0,14,25,172,300,173,573.33
xss,placement,place=a0.0_p4.0,15,22,178,300,179,593.33
xss,placement,place=a0.0_p4.0,16,22,175,300,176,583.33
xss,placement,place=a0.0_p4.0,17,32,163,300,164,543.33
xss,placement,place=a0.0_p4.0,18,25,200,300,201,666.67
xss,placement,place=a0.0_p4.0,19,23,167,300,168,556.67
xss,placement,place=a0.5_p0.0,0,23,193,300,194,643.33
xss,placement,place=a0.5_p0.0,1,24,174,300,175,580.00
xss,placement,place=a0.5_p0.0,2,24,189,300,190,630.00
xss,placement,place=a0.5_p0.0,3,24,191,300,192,636.67
xss,placement,place=a0.5_p0.0,4,22,192,300,193,640.00
xss,placement,place=a0.5_p0.0,5,30,202,300,203,673.33
xss,placement,place=a0.5_p0.0,6,24,174,300,175,580.00
xss,placement,place=a0.5_p0.0,7,23,184,300,185,613.33
xss,placement,place=a0.5_p0.0,8,23,185,300,185,616.67
xss,placement,place=a0.5_p0.0,9,23,186,300,187,620.00
xss,placement,place=a0.5_p0.0,10,22,187,300,188,623.33
xss,placement,place=a0.5_p0.0,11,24,173,300,174,576.67
xss,placement,place=a0.5_p0.0,12,22,201,300,202,670.00
xss,placement,place=a0.5_p0.0,13,23,191,300,192,636.67
xss,placement,place=a0.5_p0.0,14,22,172,300,173,573.33
xss,placement,place=a0.5_p0.0,15,24,170,300,171,566.67
xss,placement,place=a0.5_p0.0,16,30,188,300,189,626.67
xss,placement,place=a0.5_p0.0,17,24,185,300,186,616.67
xss,placement,place=a0.5_p0.0,18,23,207,300,208,690.00
xss,placement,place=a0.5_p0.0,19,22,196,300,197,653.33
xss,placement,place=a0.5_p0.5,0,23,184,300,185,613.33
xss,placement,place=a0.5_p0.5,1,23,167,300,168,556.67
xss,placement,place=a0.5_p0.5,2,22,177,300,178,590.00
xss,placement,place=a0.5_p0.5,3,23,176,300,177,586.67
xss,placement,place=a0.5_p0.5,4,28,192,300,193,640.00
xss,placement,place=a0.5_p0.5,5,28,184,300,185,613.33
xss,placement,place=a0.5_p0.5,6,22,162,300,163,540.00
xss,placement,place=a0.5_p0.5,7,25,183,300,184,610.00
xss,placement,place=a0.5_p0.5,8,23,189,300,190,630.00
xss,placement,place=a0.5_p0.5,9,26,181,300,182,603.33
xss,placement,place=a0.5_p0.5,10,26,174,300,175,580.00
xss,placement,place=a0.5_p0.5,11,22,197,300,198,656.67
xss,placement,place=a0.5_p0.5,12,22,189,300,190,630.00
xss,placement,place=a0.5_p0.5,13,23,176,300,177,586.67
xss,placement,place=a0.5_p0.5,14,30,179,300,180,596.67
xss,placement,place=a0.5_p0.5,15,24,166,300,167,553.33
xss,placement,place=a0.5_p0.5,16,23,180,300,181,600.00
xss,placement,place=a0.5_p0.5,17,22,175,300,176,583.33
xss,placement,place=a0.5_p0.5,18,24,180,300,181,600.00
xss,placement,place=a0.5_p0.5,19,23,185,300,185,616.67
xss,placement,place=a0.5_p1.0,0,25,177,300,178,590.00
xss,placement,place=a0.5_p1.0,1,22,169,300,170,563.33
xss,placement,place=a0.5_p1.0,2,23,183,300,184,610.00
xss,placement,place=a0.5_p1.0,3,23,175,300,176,583.33
xss,placement,place=a0.5_p1.0,4,24,181,300,182,603.33
xss,placement,place=a0.5_p1.0,5,23,184,300,185,613.33
xss,placement,place=a0.5_p1.0,6,23,173,300,174,576.67
xss,placement,place=a0.5_p1.0,7,27,184,300,185,613.33
xss,placement,place=a0.5_p1.0,8,30,172,300,173,573.33
xss,placement,place=a0.5_p1.0,9,24,166,300,167,553.33
xss,placement,place=a0.5_p1.0,10,23,177,300,178,590.00
xss,placement,place=a0.5_p1.0,11,22,181,300,182,603.33
xss,placement,place=a0.5_p1.0,12,23,193,300,194,643.33
xss,placement,place=a0.5_p1.0,13,23,173,300,173,576.67
xss,placement,place=a0.5_p1.0,14,22,182,300,183,606.67
xss,placement,place=a0.5_p1.0,15,23,157,300,158,523.33
xss,placement,place=a0.5_p1.0,16,23,178,300,179,593.33
xss,placement,place=a0.5_p1.0,17,23,175,300,176,583.33
xss,placement,place=a0.5_p1.0,18,24,189,300,189,630.00
xss,placement,place=a0.5_p1.0,19,23,187,300,188,623.33
xss,placement,place=a0.5_p2.0,0,24,183,300,184,610.00
xss,placement,place=a0.5_p2.0,1,22,164,300,165,546.67
xss,placement,place=a0.5_p2.0,2,23,174,300,175,580.00
xss,placement,place=a0.5_p2.0,3,23,172,300,173,573.33
xss,placement,place=a0.5_p2.0,4,30,198,300,199,660.00
xss,placement,place=a0.5_p2.0,5,28,187,300,188,623.33
xss,placement,place=a0.5_p2.0,6,22,173,300,174,576.67
xss,placement,place=a0.5_p2.0,7,22,178,300,179,593.33
xss,placement,place=a0.5_p2.0,8,24,172,300,173,573.33
xss,placement,place=a0.5_p2.0,9,23,161,300,162,536.67
xss,placement,place=a0.5_p2.0,10,23,169,300,170,563.33
xss,placement,place=a0.5_p2.0,11,22,187,300,188,623.33
xss,placement,place=a0.5_p2.0,12,24,196,300,197,653.33
xss,placement,place=a0.5_p2.0,13,32,174,300,175,580.00
xss,placement,place=a0.5_p2.0,14,26,172,300,173,573.33
xss,placement,place=a0.5_p2.0,15,26,161,300,162,536.67
xss,placement,place=a0.5_p2.0,16,23,180,300,181,600.00
xss,placement,place=a0.5_p2.0,17,26,176,300,177,586.67
xss,placement,place=a0.5_p2.0,18,24,187,300,188,623.33
xss,placement,place=a0.5_p2.0,19,23,190,300,191,633.33
xss,placement,place=a0.5_p4.0,0,22,184,300,185,613.33
xss,placement,place=a0.5_p4.0,1,22,152,300,153,506.67
xss,placement,place=a0.5_p4.0,2,23,178,300,179,593.33
xss,placement,place=a0.5_p4.0,3,30,182,300,183,606.67
xss,placement,place=a0.5_p4.0,4,22,186,300,187,620.00
xss,placement,place=a0.5_p4.0,5,26,187,300,188,623.33
xss,placement,place=a0.5_p4.0,6,26,175,300,176,583.33
xss,placement,place=a0.5_p4.0,7,30,188,300,189,626.67
xss,placement,place=a0.5_p4.0,8,28,170,300,171,566.67
xss,placement,place=a0.5_p4.0,9,27,159,300,159,530.00
xss,placement,place=a0.5_p4.0,10,31,178,300,179,593.33
xss,placement,place=a0.5_p4.0,11,22,204,300,205,680.00
xss,placement,place=a0.5_p4.0,12,25,196,300,197,653.33
xss,placement,place=a0.5_p4.0,13,31,182,300,183,606.67
xss,placement,place=a0.5_p4.0,14,27,185,300,186,616.67
xss,placement,place=a0.5_p4.0,15,22,180,300,181,600.00
xss,placement,place=a0.5_p4.0,16,22,179,300,180,596.67
xss,placement,place=a0.5_p4.0,17,27,165,300,166,550.00
xss,placement,place=a0.5_p4.0,18,33,189,300,190,630.00
xss,placement,place=a0.5_p4.0,19,25,189,300,190,630.00
xss,placement,place=a1.0_p0.0,0,23,193,300,194,643.33
xss,placement,place=a1.0_p0.0,1,29,174,300,175,580.00
xss,placement,place=a1.0_p0.0,2,23,189,300,190,630.00
xss,placement,place=a1.0_p0.0,3,23,191,300,192,636.67
xss,placement,place=a1.0_p0.0,4,22,192,300,193,640.00
xss,placement,place=a1.0_p0.0,5,25,202,300,203,673.33
xss,placement,place=a1.0_p0.0,6,22,174,300,175,580.00
xss,placement,place=a1.0_p0.0,7,23,184,300,185,613.33
xss,placement,place=a1.0_p0.0,8,24,185,300,185,616.67
xss,placement,place=a1.0_p0.0,9,23,186,300,187,620.00
xss,placement,place=a1.0_p0.0,10,32,187,300,188,623.33
xss,placement,place=a1.0_p0.0,11,26,173,300,174,576.67
xss,placement,place=a1.0_p0.0,12,22,201,300,202,670.00
xss,placement,place=a1.0_p0.0,13,23,191,300,192,636.67
xss,placement,place=a1.0_p0.0,14,24,172,300,173,573.33
xss,placement,place=a1.0_p0.0,15,23,170,300,171,566.67
xss,placement,place=a1.0_p0.0,16,22,188,300,189,626.67
xss,placement,place=a1.0_p0.0,17,22,185,300,186,616.67
xss,placement,place=a1.0_p0.0,18,26,207,300,208,690.00
xss,placement,place=a1.0_p0.0,19,23,196,300,197,653.33
xss,placement,place=a1.0_p0.5,0,24,178,300,179,593.33
xss,placement,place=a1.0_p0.5,1,22,162,300,163,540.00
xss,placement,place=a1.0_p0.5,2,24,194,300,194,646.67
xss,placement,place=a1.0_p0.5,3,25,180,300,181,600.00
xss,placement,place=a1.0_p0.5,4,23,177,300,178,590.00
xss,placement,place=a1.0_p0.5,5,23,169,300,170,563.33
xss,placement,place=a1.0_p0.5,6,24,173,300,174,576.67
xss,placement,place=a1.0_p0.5,7,32,185,300,186,616.67
xss,placement,place=a1.0_p0.5,8,28,188,300,189,626.67
xss,placement,place=a1.0_p0.5,9,25,177,300,178,590.00
xss,placement,place=a1.0_p0.5,10,22,177,300,178,590.00
xss,placement,place=a1.0_p0.5,11,24,193,300,194,643.33
xss,placement,place=a1.0_p0.5,12,23,190,300,191,633.33
xss,placement,place=a1.0_p0.5,13,22,187,300,188,623.33
xss,placement,place=a1.0_p0.5,14,22,184,300,185,613.33
xss,placement,place=a1.0_p0.5,15,27,176,300,177,586.67
xss,placement,place=a1.0_p0.5,16,29,175,300,176,583.33
xss,placement,place=a1.0_p0.5,17,22,178,300,179,593.33
xss,placement,place=a1.0_p0.5,18,27,198,300,198,660.00
xss,placement,place=a1.0_p0.5,19,26,209,300,210,696.67
xss,placement,place=a1.0_p1.0,0,32,184,300,185,613.33
xss,placement,place=a1.0_p1.0,1,22,167,300,168,556.67
xss,placement,place=a1.0_p1.0,2,22,177,300,178,590.00
xss,placement,place=a1.0_p1.0,3,24,176,300,177,586.67
xss,placement,place=a1.0_p1.0,4,22,192,300,193,640.00
xss,placement,place=a1.0_p1.0,5,24,184,300,185,613.33
xss,placement,place=a1.0_p1.0,6,23,162,300,163,540.00
xss,placement,place=a1.0_p1.0,7,22,183,300,184,610.00
xss,placement,place=a1.0_p1.0,8,23,189,300,190,630.00
xss,placement,place=a1.0_p1.0,9,28,181,300,182,603.33
xss,placement,place=a1.0_p1.0,10,33,174,300,175,580.00
xss,placement,place=a1.0_p1.0,11,23,197,300,198,656.67
xss,placement,place=a1.0_p1.0,12,22,189,300,190,630.00
xss,placement,place=a1.0_p1.0,13,23,176,300,177,586.67
xss,placement,place=a1.0_p1.0,14,22,179,300,180,596.67
xss,placement,place=a1.0_p1.0,15,25,166,300,167,553.33
xss,placement,place=a1.0_p1.0,16,28,180,300,181,600.00
xss,placement,place=a1.0_p1.0,17,32,175,300,176,583.33
xss,placement,place=a1.0_p1.0,18,31,180,300,181,600.00
xss,placement,place=a1.0_p1.0,19,23,185,300,185,616.67
xss,placement,place=a1.0_p2.0,0,24,177,300,178,590.00
xss,placement,place=a1.0_p2.0,1,22,169,300,170,563.33
xss,placement,place=a1.0_p2.0,2,23,183,300,184,610.00
xss,placement,place=a1.0_p2.0,3,23,175,300,176,583.33
xss,placement,place=a1.0_p2.0,4,22,181,300,182,603.33
xss,placement,place=a1.0_p2.0,5,23,184,300,185,613.33
xss,placement,place=a1.0_p2.0,6,21,173,300,174,576.67
xss,placement,place=a1.0_p2.0,7,23,184,300,185,613.33
xss,placement,place=a1.0_p2.0,8,25,172,300,173,573.33
xss,placement,place=a1.0_p2.0,9,23,166,300,167,553.33
xss,placement,place=a1.0_p2.0,10,22,177,300,178,590.00
xss,placement,place=a1.0_p2.0,11,27,181,300,182,603.33
xss,placement,place=a1.0_p2.0,12,27,193,300,194,643.33
xss,placement,place=a1.0_p2.0,13,23,173,300,173,576.67
xss,placement,place=a1.0_p2.0,14,22,182,300,183,606.67
xss,placement,place=a1.0_p2.0,15,23,157,300,158,523.33
xss,placement,place=a1.0_p2.0,16,23,178,300,179,593.33
xss,placement,place=a1.0_p2.0,17,23,175,300,176,583.33
xss,placement,place=a1.0_p2.0,18,23,189,300,189,630.00
xss,placement,place=a1.0_p2.0,19,23,187,300,188,623.33
xss,placement,place=a1.0_p4.0,0,26,183,300,184,610.00
xss,placement,place=a1.0_p4.0,1,23,164,300,165,546.67
xss,placement,place=a1.0_p4.0,2,26,174,300,175,580.00
xss,placement,place=a1.0_p4.0,3,22,172,300,173,573.33
xss,placement,place=a1.0_p4.0,4,30,198,300,199,660.00
xss,placement,place=a1.0_p4.0,5,26,187,300,188,623.33
xss,placement,place=a1.0_p4.0,6,22,173,300,174,576.67
xss,placement,place=a1.0_p4.0,7,22,178,300,179,593.33
xss,placement,place=a1.0_p4.0,8,22,172,300,173,573.33
xss,placement,place=a1.0_p4.0,9,24,161,300,162,536.67
xss,placement,place=a1.0_p4.0,10,24,169,300,170,563.33
xss,placement,place=a1.0_p4.0,11,22,187,300,188,623.33
xss,placement,place=a1.0_p4.0,12,22,196,300,197,653.33
xss,placement,place=a1.0_p4.0,13,27,174,300,175,580.00
xss,placement,place=a1.0_p4.0,14,28,172,300,173,573.33
xss,placement,place=a1.0_p4.0,15,26,161,300,162,536.67
xss,placement,place=a1.0_p4.0,16,23,180,300,181,600.00
xss,placement,place=a1.0_p4.0,17,29,176,300,177,586.67
xss,placement,place=a1.0_p4.0,18,31,187,300,188,623.33
xss,placement,place=a1.0_p4.0,19,22,190,300,191,633.33
xss,placement,place=a2.0_p0.0,0,26,193,300,194,643.33
xss,placement,place=a2.0_p0.0,1,22,174,300,175,580.00
xss,placement,place=a2.0_p0.0,2,25,189,300,190,630.00
xss,placement,place=a2.0_p0.0,3,27,191,300,192,636.67
xss,placement,place=a2.0_p0.0,4,22,192,300,193,640.00
xss,placement,place=a2.0_p0.0,5,22,202,300,203,673.33
xss,placement,place=a2.0_p0.0,6,30,174,300,175,580.00
xss,placement,place=a2.0_p0.0,7,31,184,300,185,613.33
xss,placement,place=a2.0_p0.0,8,31,185,300,185,616.67
xss,placement,place=a2.0_p0.0,9,32,186,300,187,620.00
xss,placement,place=a2.0_p0.0,10,32,187,300,188,623.33
xss,placement,place=a2.0_p0.0,11,32,173,300,174,576.67
xss,placement,place=a2.0_p0.0,12,30,201,300,202,670.00
xss,placement,place=a2.0_p0.0,13,27,191,300,192,636.67
xss,placement,place=a2.0_p0.0,14,31,172,300,173,573.33
xss,placement,place=a2.0_p0.0,15,24,170,300,171,566.67
xss,placement,place=a2.0_p0.0,16,22,188,300,189,626.67
xss,placement,place=a2.0_p0.0,17,22,185,300,186,616.67
xss,placement,place=a2.0_p0.0,18,23,207,300,208,690.00
xss,placement,place=a2.0_p0.0,19,22,196,300,197,653.33
xss,placement,place=a2.0_p0.5,0,24,178,300,179,593.33
xss,placement,place=a2.0_p0.5,1,22,175,300,176,583.33
xss,placement,place=a2.0_p0.5,2,23,189,300,190,630.00
xss,placement,place=a2.0_p0.5,3,22,193,300,194,643.33
xss,placement,place=a2.0_p0.5,4,22,180,300,181,600.00
xss,placement,place=a2.0_p0.5,5,23,181,300,182,603.33
xss,placement,place=a2.0_p0.5,6,22,156,300,157,520.00
xss,placement,place=a2.0_p0.5,7,24,191,300,192,636.67
xss,placement,place=a2.0_p0.5,8,23,182,300,182,606.67
xss,placement,place=a2.0_p0.5,9,23,186,300,187,620.00
xss,placement,place=a2.0_p0.5,10,22,188,300,189,626.67
xss,placement,place=a2.0_p0.5,11,22,187,300,188,623.33
xss,placement,place=a2.0_p0.5,12,22,181,300,182,603.33
xss,placement,place=a2.0_p0.5,13,23,178,300,179,593.33
xss,placement,place=a2.0_p0.5,14,22,186,300,187,620.00
xss,placement,place=a2.0_p0.5,15,23,173,300,174,576.67
xss,placement,place=a2.0_p0.5,16,24,182,300,183,606.67
xss,placement,place=a2.0_p0.5,17,23,184,300,184,613.33
xss,placement,place=a2.0_p0.5,18,24,193,300,194,643.33
xss,placement,place=a2.0_p0.5,19,22,196,300,197,653.33
xss,placement,place=a2.0_p1.0,0,24,178,300,179,593.33
xss,placement,place=a2.0_p1.0,1,23,162,300,163,540.00
xss,placement,place=a2.0_p1.0,2,23,194,300,194,646.67
xss,placement,place=a2.0_p1.0,3,25,180,300,181,600.00
xss,placement,place=a2.0_p1.0,4,26,177,300,178,590.00
xss,placement,place=a2.0_p1.0,5,23,169,300,170,563.33
xss,placement,place=a2.0_p1.0,6,23,173,300,174,576.67
xss,placement,place=a2.0_p1.0,7,22,185,300,186,616.67
xss,placement,place=a2.0_p1.0,8,23,188,300,189,626.67
xss,placement,place=a2.0_p1.0,9,32,177,300,178,590.00
xss,placement,place=a2.0_p1.0,10,26,177,300,178,590.00
xss,placement,place=a2.0_p1.0,11,23,193,300,194,643.33
xss,placement,place=a2.0_p1.0,12,23,190,300,191,633.33
xss,placement,place=a2.0_p1.0,13,23,187,300,188,623.33
xss,placement,place=a2.0_p1.0,14,22,184,300,185,613.33
xss,placement,place=a2.0_p1.0,15,24,176,300,177,586.67
xss,placement,place=a2.0_p1.0,16,23,175,300,176,583.33
xss,placement,place=a2.0_p1.0,17,25,178,300,179,593.33
xss,placement,place=a2.0_p1.0,18,23,198,300,198,660.00
xss,placement,place=a2.0_p1.0,19,25,209,300,210,696.67
xss,placement,place=a2.0_p2.0,0,29,184,300,185,613.33
xss,placement,place=a2.0_p2.0,1,25,167,300,168,556.67
xss,placement,place=a2.0_p2.0,2,22,177,300,178,590.00
xss,placement,place=a2.0_p2.0,3,31,176,300,177,586.67
xss,placement,place=a2.0_p2.0,4,29,192,300,193,640.00
xss,placement,place=a2.0_p2.0,5,26,184,300,185,613.33
xss,placement,place=a2.0_p2.0,6,22,162,300,163,540.00
xss,placement,place=a2.0_p2.0,7,22,183,300,184,610.00
xss,placement,place=a2.0_p2.0,8,25,189,300,190,630.00
xss,placement,place=a2.0_p2.0,9,26,181,300,182,603.33
xss,placement,place=a2.0_p2.0,10,22,174,300,175,580.00
xss,placement,place=a2.0_p2.0,11,22,197,300,198,656.67
xss,placement,place=a2.0_p2.0,12,23,189,300,190,630.00
xss,placement,place=a2.0_p2.0,13,22,176,300,177,586.67
xss,placement,place=a2.0_p2.0,14,22,179,300,180,596.67
xss,placement,place=a2.0_p2.0,15,23,166,300,167,553.33
xss,placement,place=a2.0_p2.0,16,22,180,300,181,600.00
xss,placement,place=a2.0_p2.0,17,22,175,300,176,583.33
xss,placement,place=a2.0_p2.0,18,24,180,300,181,600.00
xss,placement,place=a2.0_p2.0,19,23,185,300,185,616.67
xss,placement,place=a2.0_p4.0,0,24,177,300,178,590.00
xss,placement,place=a2.0_p4.0,1,22,169,300,170,563.33
xss,placement,place=a2.0_p4.0,2,26,183,300,184,610.00
xss,placement,place=a2.0_p4.0,3,23,175,300,176,583.33
xss,placement,place=a2.0_p4.0,4,22,181,300,182,603.33
xss,placement,place=a2.0_p4.0,5,23,184,300,185,613.33
xss,placement,place=a2.0_p4.0,6,22,173,300,174,576.67
xss,placement,place=a2.0_p4.0,7,26,184,300,185,613.33
xss,placement,place=a2.0_p4.0,8,23,172,300,173,573.33
xss,placement,place=a2.0_p4.0,9,23,166,300,167,553.33
xss,placement,place=a2.0_p4.0,10,24,177,300,178,590.00
xss,placement,place=a2.0_p4.0,11,30,181,300,182,603.33
xss,placement,place=a2.0_p4.0,12,23,193,300,194,643.33
xss,placement,place=a2.0_p4.0,13,23,173,300,173,576.67
xss,placement,place=a2.0_p4.0,14,22,182,300,183,606.67
xss,placement,place=a2.0_p4.0,15,23,157,300,158,523.33
xss,placement,place=a2.0_p4.0,16,23,178,300,179,593.33
xss,placement,place=a2.0_p4.0,17,23,175,300,176,583.33
xss,placement,place=a2.0_p4.0,18,23,189,300,189,630.00
xss,placement,place=a2.0_p4.0,19,25,187,300,188,623.33
xss,placement,place=a4.0_p0.0,0,23,193,300,194,643.33
xss,placement,place=a4.0_p0.0,1,22,174,300,175,580.00
xss,placement,place=a4.0_p0.0,2,22,189,300,190,630.00
xss,placement,place=a4.0_p0.0,3,23,191,300,192,636.67
xss,placement,place=a4.0_p0.0,4,22,192,300,193,640.00
xss,placement,place=a4.0_p0.0,5,22,202,300,203,673.33
xss,placement,place=a4.0_p0.0,6,22,174,300,175,580.00
xss,placement,place=a4.0_p0.0,7,22,184,300,185,613.33
xss,placement,place=a4.0_p0.0,8,24,185,300,185,616.67
xss,placement,place=a4.0_p0.0,9,26,186,300,187,620.00
xss,placement,place=a4.0_p0.0,10,23,187,300,188,623.33
xss,placement,place=a4.0_p0.0,11,23,173,300,174,576.67
xss,placement,place=a4.0_p0.0,12,24,201,300,202,670.00
xss,placement,place=a4.0_p0.0,13,31,191,300,192,636.67
xss,placement,place=a4.0_p0.0,14,22,172,300,173,573.33
xss,placement,place=a4.0_p0.0,15,22,170,300,171,566.67
xss,placement,place=a4.0_p0.0,16,22,188,300,189,626.67
xss,placement,place=a4.0_p0.0,17,30,185,300,186,616.67
xss,placement,place=a4.0_p0.0,18,31,207,300,208,690.00
xss,placement,place=a4.0_p0.0,19,22,196,300,197,653.33
xss,placement,place=a4.0_p0.5,0,24,178,300,179,593.33
xss,placement,place=a4.0_p0.5,1,22,178,300,179,593.33
xss,placement,place=a4.0_p0.5,2,26,183,300,184,610.00
xss,placement,place=a4.0_p0.5,3,26,181,300,182,603.33
xss,placement,place=a4.0_p0.5,4,23,182,300,183,606.67
xss,placement,place=a4.0_p0.5,5,24,192,300,193,640.00
xss,placement,place=a4.0_p0.5,6,33,157,300,158,523.33
xss,placement,place=a4.0_p0.5,7,25,182,300,183,606.67
xss,placement,place=a4.0_p0.5,8,23,176,300,176,586.67
xss,placement,place=a4.0_p0.5,9,25,188,300,189,626.67
xss,placement,place=a4.0_p0.5,10,28,187,300,188,623.33
xss,placement,place=a4.0_p0.5,11,28,189,300,189,630.00
xss,placement,place=a4.0_p0.5,12,29,187,300,188,623.33
xss,placement,place=a4.0_p0.5,13,30,171,300,172,570.00
xss,placement,place=a4.0_p0.5,14,22,177,300,178,590.00
xss,placement,place=a4.0_p0.5,15,23,173,300,174,576.67
xss,placement,place=a4.0_p0.5,16,22,175,300,176,583.33
xss,placement,place=a4.0_p0.5,17,22,182,300,182,606.67
xss,placement,place=a4.0_p0.5,18,24,198,300,199,660.00
xss,placement,place=a4.0_p0.5,19,23,188,300,189,626.67
xss,placement,place=a4.0_p1.0,0,24,178,300,179,593.33
xss,placement,place=a4.0_p1.0,1,22,175,300,176,583.33
xss,placement,place=a4.0_p1.0,2,22,189,300,190,630.00
xss,placement,place=a4.0_p1.0,3,23,193,300,194,643.33
xss,placement,place=a4.0_p1.0,4,23,180,300,181,600.00
xss,placement,place=a4.0_p1.0,5,23,181,300,182,603.33
xss,placement,place=a4.0_p1.0,6,22,156,300,157,520.00
xss,placement,place=a4.0_p1.0,7,21,191,300,192,636.67
xss,placement,place=a4.0_p1.0,8,24,182,300,182,606.67
xss,placement,place=a4.0_p1.0,9,24,186,300,187,620.00
xss,placement,place=a4.0_p1.0,10,22,188,300,189,626.67
xss,placement,place=a4.0_p1.0,11,22,187,300,188,623.33
xss,placement,place=a4.0_p1.0,12,23,181,300,182,603.33
xss,placement,place=a4.0_p1.0,13,24,178,300,179,593.33
xss,placement,place=a4.0_p1.0,14,22,186,300,187,620.00
xss,placement,place=a4.0_p1.0,15,22,173,300,174,576.67
xss,placement,place=a4.0_p1.0,16,24,182,300,183,606.67
xss,placement,place=a4.0_p1.0,17,23,184,300,184,613.33
xss,placement,place=a4.0_p1.0,18,24,193,300,194,643.33
xss,placement,place=a4.0_p1.0,19,22,196,300,197,653.33
xss,placement,place=a4.0_p2.0,0,24,178,300,179,593.33
xss,placement,place=a4.0_p2.0,1,23,162,300,163,540.00
xss,placement,place=a4.0_p2.0,2,27,194,300,194,646.67
xss,placement,place=a4.0_p2.0,3,26,180,300,181,600.00
xss,placement,place=a4.0_p2.0,4,24,177,300,178,590.00
xss,placement,place=a4.0_p2.0,5,30,169,300,170,563.33
xss,placement,place=a4.0_p2.0,6,24,173,300,174,576.67
xss,placement,place=a4.0_p2.0,7,22,185,300,186,616.67
xss,placement,place=a4.0_p2.0,8,23,188,300,189,626.67
xss,placement,place=a4.0_p2.0,9,27,177,300,178,590.00
xss,placement,place=a4.0_p2.0,10,32,177,300,178,590.00
xss,placement,place=a4.0_p2.0,11,26,193,300,194,643.33
xss,placement,place=a4.0_p2.0,12,22,190,300,191,633.33
xss,placement,place=a4.0_p2.0,13,30,187,300,188,623.33
xss,placement,place=a4.0_p2.0,14,31,184,300,185,613.33
xss,placement,place=a4.0_p2.0,15,28,176,300,177,586.67
xss,placement,place=a4.0_p2.0,16,30,175,300,176,583.33
xss,placement,place=a4.0_p2.0,17,32,178,300,179,593.33
xss,placement,place=a4.0_p2.0,18,30,198,300,198,660.00
xss,placement,place=a4.0_p2.0,19,22,209,300,210,696.67
xss,placement,place=a4.0_p4.0,0,24,184,300,185,613.33
xss,placement,place=a4.0_p4.0,1,26,167,300,168,556.67
xss,placement,place=a4.0_p4.0,2,24,177,300,178,590.00
xss,placement,place=a4.0_p4.0,3,23,176,300,177,586.67
xss,placement,place=a4.0_p4.0,4,22,192,300,193,640.00
xss,placement,place=a4.0_p4.0,5,24,184,300,185,613.33
xss,placement,place=a4.0_p4.0,6,32,162,300,163,540.00
xss,placement,place=a4.0_p4.0,7,27,183,300,184,610.00
xss,placement,place=a4.0_p4.0,8,22,189,300,190,630.00
xss,placement,place=a4.0_p4.0,9,24,181,300,182,603.33
xss,placement,place=a4.0_p4.0,10,24,174,300,175,580.00
xss,placement,place=a4.0_p4.0,11,23,197,300,198,656.67
xss,placement,place=a4.0_p4.0,12,22,189,300,190,630.00
xss,placement,place=a4.0_p4.0,13,24,176,300,177,586.67
xss,placement,place=a4.0_p4.0,14,25,179,300,180,596.67
xss,placement,place=a4.0_p4.0,15,24,166,300,167,553.33
xss,placement,place=a4.0_p4.0,16,22,180,300,181,600.00
xss,placement,place=a4.0_p4.0,17,23,175,300,176,583.33
xss,placement,place=a4.0_p4.0,18,25,180,300,181,600.00
xss,placement,place=a4.0_p4.0,19,24,185,300,185,616.67
xss,placement,place=default,0,25,187,300,188,623.33
xss,placement,place=default,1,25,166,300,167,553.33
xss,placement,place=default,2,25,200,300,201,666.67
xss,placement,place=default,3,23,185,300,186,616.67
xss,placement,place=default,4,27,188,300,189,626.67
xss,placement,place=default,5,25,181,300,182,603.33
xss,placement,place=default,6,23,167,300,168,556.67
xss,placement,place=default,7,23,176,300,177,586.67
xss,placement,place=default,8,23,193,300,194,643.33
xss,placement,place=default,9,24,173,300,174,576.67
xss,placement,place=default,10,23,168,300,169,560.00
xss,placement,place=default,11,22,188,300,189,626.67
xss,placement,place=default,12,23,191,300,192,636.67
xss,placement,place=default,13,23,170,300,171,566.67
xss,placement,place=default,14,22,189,300,190,630.00
xss,placement,place=default,15,23,159,300,160,530.00
xss,placement,place=default,16,23,180,300,181,600.00
xss,placement,place=default,17,22,182,300,183,606.67
xss,placement,place=default,18,32,182,300,183,606.67
xss,placement,place=default,19,26,188,300,189,626.67
xss,placement,place=wrap,0,25,194,300,195,646.67
xss,placement,place=wrap,1,25,168,300,169,560.00
xss,placement,place=wrap,2,26,183,300,184,610.00
xss,placement,place=wrap,3,28,172,300,173,573.33
xss,placement,place=wrap,4,28,181,300,182,603.33
xss,placement,place=wrap,5,31,185,300,186,616.67
xss,placement,place=wrap,6,26,174,300,175,580.00
xss,placement,place=wrap,7,24,170,300,171,566.67
xss,placement,place=wrap,8,24,187,300,188,623.33
xss,placement,place=wrap,9,26,182,300,183,606.67
xss,placement,place=wrap,10,33,177,300,178,590.00
xss,placement,place=wrap,11,26,188,300,189,626.67
xss,placement,place=wrap,12,25,192,300,193,640.00
xss,placement,place=wrap,13,38,191,300,192,636.67
xss,placement,place=wrap,14,26,162,300,163,540.00
xss,placement,place=wrap,15,39,190,300,191,633.33
xss,placement,place=wrap,16,25,182,300,183,606.67
xss,placement,place=wrap,17,35,175,300,176,583.33
xss,placement,place=wrap,18,27,208,300,209,693.33
xss,placement,place=wrap,19,25,183,300,184,610.00
xss,placement,place=wrap+b,0,27,174,300,175,580.00
xss,placement,place=wrap+b,1,28,188,300,189,626.67
xss,placement,place=wrap+b,2,24,181,300,182,603.33
xss,placement,place=wrap+b,3,27,186,300,187,620.00
xss,placement,place=wrap+b,4,22,195,300,196,650.00
xss,placement,place=wrap+b,5,26,196,300,197,653.33
xss,placement,place=wrap+b,6,23,158,300,159,526.67
xss,placement,place=wrap+b,7,23,181,300,182,603.33
xss,placement,place=wrap+b,8,23,182,300,183,606.67
xss,placement,place=wrap+b,9,30,182,300,183,606.67
xss,placement,place=wrap+b,10,28,191,300,192,636.67
xss,placement,place=wrap+b,11,29,176,300,177,586.67
xss,placement,place=wrap+b,12,23,183,300,184,610.00
xss,placement,place=wrap+b,13,23,194,300,195,646.67
xss,placement,place=wrap+b,14,23,181,300,182,603.33
xss,placement,place=wrap+b,15,24,173,300,174,576.67
xss,placement,place=wrap+b,16,24,183,300,184,610.00
xss,placement,place=wrap+b,17,27,160,300,161,533.33
xss,placement,place=wrap+b,18,28,195,300,196,650.00
xss,placement,place=wrap+b,19,23,198,300,199,660.00
xss,ops,ops=1,0,22,224,300,224,746.67
xss,ops,ops=1,1,23,198,300,199,660.00
xss,ops,ops=1,2,22,212,300,213,706.67
xss,ops,ops=1,3,22,211,300,212,703.33
xss,ops,ops=1,4,20,220,300,220,733.33
xss,ops,ops=1,5,22,220,300,221,733.33
xss,ops,ops=1,6,21,195,300,196,650.00
xss,ops,ops=1,7,22,215,300,216,716.67
xss,ops,ops=1,8,22,210,300,210,700.00
xss,ops,ops=1,9,21,221,300,221,736.67
xss,ops,ops=1,10,21,203,300,203,676.67
xss,ops,ops=1,11,21,206,300,206,686.67
xss,ops,ops=1,12,26,202,300,203,673.33
xss,ops,ops=1,13,21,219,300,220,730.00
xss,ops,ops=1,14,21,198,300,199,660.00
xss,ops,ops=1,15,21,226,300,227,753.33
xss,ops,ops=1,16,21,216,300,217,720.00
xss,ops,ops=1,17,22,205,300,206,683.33
xss,ops,ops=1,18,21,207,300,208,690.00
xss,ops,ops=1,19,21,213,300,214,710.00
xss,ops,ops=2,0,24,193,300,194,643.33
xss,ops,ops=2,1,23,177,300,178,590.00
xss,ops,ops=2,2,22,200,300,201,666.67
xss,ops,ops=2,3,21,196,300,197,653.33
xss,ops,ops=2,4,24,208,300,209,693.33
xss,ops,ops=2,5,33,207,300,208,690.00
xss,ops,ops=2,6,23,189,300,190,630.00
xss,ops,ops=2,7,23,201,300,202,670.00
xss,ops,ops=2,8,22,199,300,200,663.33
xss,ops,ops=2,9,31,195,300,196,650.00
xss,ops,ops=2,10,24,189,300,190,630.00
xss,ops,ops=2,11,23,192,300,193,640.00
xss,ops,ops=2,12,22,210,300,210,700.00
xss,ops,ops=2,13,28,194,300,195,646.67
xss,ops,ops=2,14,32,194,300,195,646.67
xss,ops,ops=2,15,25,202,300,203,673.33
xss,ops,ops=2,16,21,187,300,188,623.33
xss,ops,ops=2,17,22,188,300,189,626.67
xss,ops,ops=2,18,22,203,300,204,676.67
xss,ops,ops=2,19,22,199,300,200,663.33
xss,ops,ops=4,0,24,187,300,188,623.33
xss,ops,ops=4,1,24,166,300,167,553.33
xss,ops,ops=4,2,26,200,300,201,666.67
xss,ops,ops=4,3,23,185,300,186,616.67
xss,ops,ops=4,4,22,188,300,189,626.67
xss,ops,ops=4,5,25,181,300,182,603.33
xss,ops,ops=4,6,23,167,300,168,556.67
xss,ops,ops=4,7,23,176,300,177,586.67
xss,ops,ops=4,8,23,193,300,194,643.33
xss,ops,ops=4,9,24,173,300,174,576.67
xss,ops,ops=4,10,23,168,300,169,560.00
xss,ops,ops=4,11,22,188,300,189,626.67
xss,ops,ops=4,12,23,191,300,192,636.67
xss,ops,ops=4,13,23,170,300,171,566.67
xss,ops,ops=4,14,22,189,300,190,630.00
xss,ops,ops=4,15,23,159,300,160,530.00
xss,ops,ops=4,16,23,180,300,181,600.00
xss,ops,ops=4,17,23,182,300,183,606.67
xss,ops,ops=4,18,24,182,300,183,606.67
xss,ops,ops=4,19,22,188,300,189,626.67
xss,ops,ops=8,0,29,179,300,180,596.67
xss,ops,ops=8,1,25,163,300,164,543.33
xss,ops,ops=8,2,25,169,300,170,563.33
xss,ops,ops=8,3,24,177,300,178,590.00
xss,ops,ops=8,4,27,177,300,178,590.00
xss,ops,ops=8,5,29,163,300,164,543.33
xss,ops,ops=8,6,24,169,300,170,563.33
xss,ops,ops=8,7,24,163,300,164,543.33
xss,ops,ops=8,8,23,170,300,170,566.67
xss,ops,ops=8,9,25,149,300,150,496.67
xss,ops,ops=8,10,24,167,300,168,556.67
xss,ops,ops=8,11,23,176,300,177,586.67
xss,ops,ops=8,12,25,170,300,171,566.67
xss,ops,ops=8,13,29,161,300,162,536.67
xss,ops,ops=8,14,29,157,300,158,523.33
xss,ops,ops=8,15,33,155,300,156,516.67
xss,ops,ops=8,16,25,139,300,140,463.33
xss,ops,ops=8,17,26,157,300,158,523.33
xss,ops,ops=8,18,27,175,300,176,583.33
xss,ops,ops=8,19,25,182,300,183,606.67
xss,ops,ops=16,0,26,157,300,158,523.33
xss,ops,ops=16,1,36,148,300,149,493.33
xss,ops,ops=16,2,26,162,300,163,540.00
xss,ops,ops=16,3,26,158,300,159,526.67
xss,ops,ops=16,4,27,147,300,148,490.00
xss,ops,ops=16,5,38,158,300,159,526.67
xss,ops,ops=16,6,26,153,300,154,510.00
xss,ops,ops=16,7,26,155,300,156,516.67
xss,ops,ops=16,8,25,171,300,171,570.00
xss,ops,ops=16,9,30,160,300,161,533.33
xss,ops,ops=16,10,27,137,300,138,456.67
xss,ops,ops=16,11,25,153,300,154,510.00
xss,ops,ops=16,12,26,161,300,162,536.67
xss,ops,ops=16,13,29,145,300,146,483.33
xss,ops,ops=16,14,35,154,300,155,513.33
xss,ops,ops=16,15,24,159,300,160,530.00
xss,ops,ops=16,16,27,163,300,164,543.33
xss,ops,ops=16,17,33,155,300,156,516.67
xss,ops,ops=16,18,28,161,300,162,536.67
xss,ops,ops=16,19,26,156,300,157,520.00
xss,feedback,fb=default,0,33,187,300,188,623.33
xss,feedback,fb=default,1,31,166,300,167,553.33
xss,feedback,fb=default,2,22,200,300,201,666.67
xss,feedback,fb=default,3,27,185,300,186,616.67
xss,feedback,fb=default,4,25,188,300,189,626.67
xss,feedback,fb=default,5,25,181,300,182,603.33
xss,feedback,fb=default,6,22,167,300,168,556.67
xss,feedback,fb=default,7,28,176,300,177,586.67
xss,feedback,fb=default,8,23,193,300,194,643.33
xss,feedback,fb=default,9,24,173,300,174,576.67
xss,feedback,fb=default,10,23,168,300,169,560.00
xss,feedback,fb=default,11,26,188,300,189,626.67
xss,feedback,fb=default,12,26,191,300,192,636.67
xss,feedback,fb=default,13,25,170,300,171,566.67
xss,feedback,fb=default,14,22,189,300,190,630.00
xss,feedback,fb=default,15,23,159,300,160,530.00
xss,feedback,fb=default,16,24,180,300,181,600.00
xss,feedback,fb=default,17,23,182,300,183,606.67
xss,feedback,fb=default,18,24,182,300,183,606.67
xss,feedback,fb=default,19,22,188,300,189,626.67
xss,feedback,fb=flat3,0,24,193,300,194,643.33
xss,feedback,fb=flat3,1,24,170,300,171,566.67
xss,feedback,fb=flat3,2,23,170,300,171,566.67
xss,feedback,fb=flat3,3,23,184,300,185,613.33
xss,feedback,fb=flat3,4,24,198,300,199,660.00
xss,feedback,fb=flat3,5,27,195,300,196,650.00
xss,feedback,fb=flat3,6,23,184,300,185,613.33
xss,feedback,fb=flat3,7,25,185,300,186,616.67
xss,feedback,fb=flat3,8,22,172,300,173,573.33
xss,feedback,fb=flat3,9,24,182,300,183,606.67
xss,feedback,fb=flat3,10,29,172,300,173,573.33
xss,feedback,fb=flat3,11,27,188,300,189,626.67
xss,feedback,fb=flat3,12,24,185,300,186,616.67
xss,feedback,fb=flat3,13,22,179,300,180,596.67
xss,feedback,fb=flat3,14,50,190,300,191,633.33
xss,feedback,fb=flat3,15,27,188,300,189,626.67
xss,feedback,fb=flat3,16,25,189,300,190,630.00
xss,feedback,fb=flat3,17,23,172,300,173,573.33
xss,feedback,fb=flat3,18,24,175,300,176,583.33
xss,feedback,fb=flat3,19,23,182,300,183,606.67
xss,feedback,fb=flat6,0,23,173,300,174,576.67
xss,feedback,fb=flat6,1,23,187,300,188,623.33
xss,feedback,fb=flat6,2,23,186,300,187,620.00
xss,feedback,fb=flat6,3,28,177,300,178,590.00
xss,feedback,fb=flat6,4,29,188,300,189,626.67
xss,feedback,fb=flat6,5,25,178,300,179,593.33
xss,feedback,fb=flat6,6,32,172,300,173,573.33
xss,feedback,fb=flat6,7,26,185,300,186,616.67
xss,feedback,fb=flat6,8,26,176,300,177,586.67
xss,feedback,fb=flat6,9,26,201,300,202,670.00
xss,feedback,fb=flat6,10,34,185,300,186,616.67
xss,feedback,fb=flat6,11,29,175,300,176,583.33
xss,feedback,fb=flat6,12,24,185,300,186,616.67
xss,feedback,fb=flat6,13,24,180,300,181,600.00
xss,feedback,fb=flat6,14,24,156,300,157,520.00
xss,feedback,fb=flat6,15,24,178,300,179,593.33
xss,feedback,fb=flat6,16,25,161,300,162,536.67
xss,feedback,fb=flat6,17,23,176,300,177,586.67
xss,feedback,fb=flat6,18,25,182,300,183,606.67
xss,feedback,fb=flat6,19,25,192,300,192,640.00
xss,feedback,fb=compressed,0,26,188,300,189,626.67
xss,feedback,fb=compressed,1,23,168,300,169,560.00
xss,feedback,fb=compressed,2,22,181,300,182,603.33
xss,feedback,fb=compressed,3,25,185,300,186,616.67
xss,feedback,fb=compressed,4,23,186,300,187,620.00
xss,feedback,fb=compressed,5,27,191,300,192,636.67
xss,feedback,fb=compressed,6,23,176,300,177,586.67
xss,feedback,fb=compressed,7,25,183,300,184,610.00
xss,feedback,fb=compressed,8,23,184,300,185,613.33
xss,feedback,fb=compressed,9,23,175,300,175,583.33
xss,feedback,fb=compressed,10,24,167,300,168,556.67
xss,feedback,fb=compressed,11,23,188,300,189,626.67
xss,feedback,fb=compressed,12,23,178,300,179,593.33
xss,feedback,fb=compressed,13,27,177,300,178,590.00
xss,feedback,fb=compressed,14,23,174,300,175,580.00
xss,feedback,fb=compressed,15,23,177,300,178,590.00
xss,feedback,fb=compressed,16,23,173,300,174,576.67
xss,feedback,fb=compressed,17,25,185,300,186,616.67
xss,feedback,fb=compressed,18,23,178,300,179,593.33
xss,feedback,fb=compressed,19,23,174,300,175,580.00
xss,feedback,fb=expanded,0,23,176,300,177,586.67
xss,feedback,fb=expanded,1,23,172,300,173,573.33
xss,feedback,fb=expanded,2,22,168,300,169,560.00
xss,feedback,fb=expanded,3,23,170,300,171,566.67
xss,feedback,fb=expanded,4,23,192,300,193,640.00
xss,feedback,fb=expanded,5,29,185,300,186,616.67
xss,feedback,fb=expanded,6,25,166,300,167,553.33
xss,feedback,fb=expanded,7,23,170,300,171,566.67
xss,feedback,fb=expanded,8,24,183,300,184,610.00
xss,feedback,fb=expanded,9,32,184,300,185,613.33
xss,feedback,fb=expanded,10,31,174,300,175,580.00
xss,feedback,fb=expanded,11,24,184,300,185,613.33
xss,feedback,fb=expanded,12,29,190,300,191,633.33
xss,feedback,fb=expanded,13,32,167,300,168,556.67
xss,feedback,fb=expanded,14,25,193,300,194,643.33
xss,feedback,fb=expanded,15,23,178,300,179,593.33
xss,feedback,fb=expanded,16,23,172,300,173,573.33
xss,feedback,fb=expanded,17,25,182,300,183,606.67
xss,feedback,fb=expanded,18,24,183,300,184,610.00
xss,feedback,fb=expanded,19,23,183,300,184,610.00
xss,feedback,fb=status>error,0,23,187,300,188,623.33
xss,feedback,fb=status>error,1,30,166,300,167,553.33
xss,feedback,fb=status>error,2,23,200,300,201,666.67
xss,feedback,fb=status>error,3,23,185,300,186,616.67
xss,feedback,fb=status>error,4,29,188,300,189,626.67
xss,feedback,fb=status>error,5,25,181,300,182,603.33
xss,feedback,fb=status>error,6,24,167,300,168,556.67
xss,feedback,fb=status>error,7,24,176,300,177,586.67
xss,feedback,fb=status>error,8,23,193,300,194,643.33
xss,feedback,fb=status>error,9,24,173,300,174,576.67
xss,feedback,fb=status>error,10,26,168,300,169,560.00
xss,feedback,fb=status>error,11,23,188,300,189,626.67
xss,feedback,fb=status>error,12,22,191,300,192,636.67
xss,feedback,fb=status>error,13,23,170,300,171,566.67
xss,feedback,fb=status>error,14,25,189,300,190,630.00
xss,feedback,fb=status>error,15,27,159,300,160,530.00
xss,feedback,fb=status>error,16,24,180,300,181,600.00
xss,feedback,fb=status>error,17,22,182,300,183,606.67
xss,feedback,fb=status>error,18,24,182,300,183,606.67
xss,feedback,fb=status>error,19,23,188,300,189,626.67
xss,feedback,fb=bodydiff+,0,23,187,300,188,623.33
xss,feedback,fb=bodydiff+,1,24,166,300,167,553.33
xss,feedback,fb=bodydiff+,2,22,200,300,201,666.67
xss,feedback,fb=bodydiff+,3,23,185,300,186,616.67
xss,feedback,fb=bodydiff+,4,23,188,300,189,626.67
xss,feedback,fb=bodydiff+,5,25,181,300,182,603.33
xss,feedback,fb=bodydiff+,6,23,167,300,168,556.67
xss,feedback,fb=bodydiff+,7,26,176,300,177,586.67
xss,feedback,fb=bodydiff+,8,27,193,300,194,643.33
xss,feedback,fb=bodydiff+,9,24,173,300,174,576.67
xss,feedback,fb=bodydiff+,10,23,168,300,169,560.00
xss,feedback,fb=bodydiff+,11,22,188,300,189,626.67
xss,feedback,fb=bodydiff+,12,27,191,300,192,636.67
xss,feedback,fb=bodydiff+,13,24,170,300,171,566.67
xss,feedback,fb=bodydiff+,14,22,189,300,190,630.00
xss,feedback,fb=bodydiff+,15,28,159,300,160,530.00
xss,feedback,fb=bodydiff+,16,23,180,300,181,600.00
xss,feedback,fb=bodydiff+,17,22,182,300,183,606.67
xss,feedback,fb=bodydiff+,18,24,182,300,183,606.67
xss,feedback,fb=bodydiff+,19,22,188,300,189,626.67
xss,feedback,fb=strict,0,23,187,300,188,623.33
xss,feedback,fb=strict,1,27,166,300,167,553.33
xss,feedback,fb=strict,2,23,200,300,201,666.67
xss,feedback,fb=strict,3,23,185,300,186,616.67
xss,feedback,fb=strict,4,22,188,300,189,626.67
xss,feedback,fb=strict,5,26,181,300,182,603.33
xss,feedback,fb=strict,6,28,167,300,168,556.67
xss,feedback,fb=strict,7,29,176,300,177,586.67
xss,feedback,fb=strict,8,23,193,300,194,643.33
xss,feedback,fb=strict,9,24,173,300,174,576.67
xss,feedback,fb=strict,10,24,168,300,169,560.00
xss,feedback,fb=strict,11,23,188,300,189,626.67
xss,feedback,fb=strict,12,24,191,300,192,636.67
xss,feedback,fb=strict,13,30,170,300,171,566.67
xss,feedback,fb=strict,14,25,189,300,190,630.00
xss,feedback,fb=strict,15,28,159,300,160,530.00
xss,feedback,fb=strict,16,31,180,300,181,600.00
xss,feedback,fb=strict,17,25,182,300,183,606.67
xss,feedback,fb=strict,18,27,182,300,183,606.67
xss,feedback,fb=strict,19,27,188,300,189,626.67
xss,min_score,minscore=1,0,33,187,300,188,623.33
xss,min_score,minscore=1,1,26,166,300,167,553.33
xss,min_score,minscore=1,2,27,200,300,201,666.67
xss,min_score,minscore=1,3,29,185,300,186,616.67
xss,min_score,minscore=1,4,22,188,300,189,626.67
xss,min_score,minscore=1,5,25,181,300,182,603.33
xss,min_score,minscore=1,6,22,167,300,168,556.67
xss,min_score,minscore=1,7,24,176,300,177,586.67
xss,min_score,minscore=1,8,23,193,300,194,643.33
xss,min_score,minscore=1,9,24,173,300,174,576.67
xss,min_score,minscore=1,10,27,168,300,169,560.00
xss,min_score,minscore=1,11,31,188,300,189,626.67
xss,min_score,minscore=1,12,31,191,300,192,636.67
xss,min_score,minscore=1,13,27,170,300,171,566.67
xss,min_score,minscore=1,14,22,189,300,190,630.00
xss,min_score,minscore=1,15,28,159,300,160,530.00
xss,min_score,minscore=1,16,23,180,300,181,600.00
xss,min_score,minscore=1,17,22,182,300,183,606.67
xss,min_score,minscore=1,18,32,182,300,183,606.67
xss,min_score,minscore=1,19,23,188,300,189,626.67
xss,min_score,minscore=2,0,23,187,300,188,623.33
xss,min_score,minscore=2,1,24,166,300,167,553.33
xss,min_score,minscore=2,2,22,200,300,201,666.67
xss,min_score,minscore=2,3,24,185,300,186,616.67
xss,min_score,minscore=2,4,22,188,300,189,626.67
xss,min_score,minscore=2,5,25,181,300,182,603.33
xss,min_score,minscore=2,6,23,167,300,168,556.67
xss,min_score,minscore=2,7,24,176,300,177,586.67
xss,min_score,minscore=2,8,23,193,300,194,643.33
xss,min_score,minscore=2,9,24,173,300,174,576.67
xss,min_score,minscore=2,10,23,168,300,169,560.00
xss,min_score,minscore=2,11,22,188,300,189,626.67
xss,min_score,minscore=2,12,23,191,300,192,636.67
xss,min_score,minscore=2,13,23,170,300,171,566.67
xss,min_score,minscore=2,14,22,189,300,190,630.00
xss,min_score,minscore=2,15,23,159,300,160,530.00
xss,min_score,minscore=2,16,30,180,300,181,600.00
xss,min_score,minscore=2,17,27,182,300,183,606.67
xss,min_score,minscore=2,18,24,182,300,183,606.67
xss,min_score,minscore=2,19,22,188,300,189,626.67
xss,min_score,minscore=3,0,24,187,300,188,623.33
xss,min_score,minscore=3,1,26,166,300,167,553.33
xss,min_score,minscore=3,2,22,200,300,201,666.67
xss,min_score,minscore=3,3,23,185,300,186,616.67
xss,min_score,minscore=3,4,28,188,300,189,626.67
xss,min_score,minscore=3,5,26,181,300,182,603.33
xss,min_score,minscore=3,6,23,167,300,168,556.67
xss,min_score,minscore=3,7,23,176,300,177,586.67
xss,min_score,minscore=3,8,26,193,300,194,643.33
xss,min_score,minscore=3,9,34,173,300,174,576.67
xss,min_score,minscore=3,10,23,168,300,169,560.00
xss,min_score,minscore=3,11,30,188,300,189,626.67
xss,min_score,minscore=3,12,28,191,300,192,636.67
xss,min_score,minscore=3,13,32,170,300,171,566.67
xss,min_score,minscore=3,14,22,189,300,190,630.00
xss,min_score,minscore=3,15,23,159,300,160,530.00
xss,min_score,minscore=3,16,30,180,300,181,600.00
xss,min_score,minscore=3,17,28,182,300,183,606.67
xss,min_score,minscore=3,18,24,182,300,183,606.67
xss,min_score,minscore=3,19,23,188,300,189,626.67
xss,min_score,minscore=4,0,23,187,300,188,623.33
xss,min_score,minscore=4,1,25,166,300,167,553.33
xss,min_score,minscore=4,2,22,200,300,201,666.67
xss,min_score,minscore=4,3,23,185,300,186,616.67
xss,min_score,minscore=4,4,22,188,300,189,626.67
xss,min_score,minscore=4,5,24,181,300,182,603.33
xss,min_score,minscore=4,6,23,167,300,168,556.67
xss,min_score,minscore=4,7,24,176,300,177,586.67
xss,min_score,minscore=4,8,23,193,300,194,643.33
xss,min_score,minscore=4,9,24,173,300,174,576.67
xss,min_score,minscore=4,10,23,168,300,169,560.00
xss,min_score,minscore=4,11,23,188,300,189,626.67
xss,min_score,minscore=4,12,22,191,300,192,636.67
xss,min_score,minscore=4,13,23,170,300,171,566.67
xss,min_score,minscore=4,14,22,189,300,190,630.00
xss,min_score,minscore=4,15,24,159,300,160,530.00
xss,min_score,minscore=4,16,30,180,300,181,600.00
xss,min_score,minscore=4,17,23,182,300,183,606.67
xss,min_score,minscore=4,18,25,182,300,183,606.67
xss,min_score,minscore=4,19,24,188,300,189,626.67
xss,min_score,minscore=5,0,27,0,300,1,0.00
xss,min_score,minscore=5,1,21,0,300,1,0.00
xss,min_score,minscore=5,2,20,0,300,1,0.00
xss,min_score,minscore=5,3,20,0,300,1,0.00
xss,min_score,minscore=5,4,20,0,300,1,0.00
xss,min_score,minscore=5,5,21,0,300,1,0.00
xss,min_score,minscore=5,6,21,0,300,1,0.00
xss,min_score,minscore=5,7,20,0,300,1,0.00
xss,min_score,minscore=5,8,20,0,300,1,0.00
xss,min_score,minscore=5,9,20,0,300,1,0.00
xss,min_score,minscore=5,10,24,0,300,1,0.00
xss,min_score,minscore=5,11,25,0,300,1,0.00
xss,min_score,minscore=5,12,21,0,300,1,0.00
xss,min_score,minscore=5,13,26,0,300,1,0.00
xss,min_score,minscore=5,14,24,0,300,1,0.00
xss,min_score,minscore=5,15,21,0,300,1,0.00
xss,min_score,minscore=5,16,20,0,300,1,0.00
xss,min_score,minscore=5,17,20,0,300,1,0.00
xss,min_score,minscore=5,18,20,0,300,1,0.00
xss,min_score,minscore=5,19,20,0,300,1,0.00
xss,min_score,minscore=6,0,24,0,300,1,0.00
xss,min_score,minscore=6,1,21,0,300,1,0.00
xss,min_score,minscore=6,2,20,0,300,1,0.00
xss,min_score,minscore=6,3,24,0,300,1,0.00
xss,min_score,minscore=6,4,29,0,300,1,0.00
xss,min_score,minscore=6,5,21,0,300,1,0.00
xss,min_score,minscore=6,6,21,0,300,1,0.00
xss,min_score,minscore=6,7,23,0,300,1,0.00
xss,min_score,minscore=6,8,29,0,300,1,0.00
xss,min_score,minscore=6,9,24,0,300,1,0.00
xss,min_score,minscore=6,10,20,0,300,1,0.00
xss,min_score,minscore=6,11,20,0,300,1,0.00
xss,min_score,minscore=6,12,21,0,300,1,0.00
xss,min_score,minscore=6,13,27,0,300,1,0.00
xss,min_score,minscore=6,14,27,0,300,1,0.00
xss,min_score,minscore=6,15,20,0,300,1,0.00
xss,min_score,minscore=6,16,20,0,300,1,0.00
xss,min_score,minscore=6,17,20,0,300,1,0.00
xss,min_score,minscore=6,18,28,0,300,1,0.00
xss,min_score,minscore=6,19,28,0,300,1,0.00
xss,stop_prob,stop=0.10_min1,0,30,149,300,150,496.67
xss,stop_prob,stop=0.10_min1,1,26,145,300,146,483.33
xss,stop_prob,stop=0.10_min1,2,29,157,300,158,523.33
xss,stop_prob,stop=0.10_min1,3,28,140,300,141,466.67
xss,stop_prob,stop=0.10_min1,4,28,177,300,178,590.00
xss,stop_prob,stop=0.10_min1,5,26,158,300,159,526.67
xss,stop_prob,stop=0.10_min1,6,27,153,300,154,510.00
xss,stop_prob,stop=0.10_min1,7,30,148,300,148,493.33
xss,stop_prob,stop=0.10_min1,8,26,155,300,156,516.67
xss,stop_prob,stop=0.10_min1,9,29,161,300,162,536.67
xss,stop_prob,stop=0.10_min1,10,27,152,300,153,506.67
xss,stop_prob,stop=0.10_min1,11,29,157,300,158,523.33
xss,stop_prob,stop=0.10_min1,12,26,144,300,145,480.00
xss,stop_prob,stop=0.10_min1,13,27,167,300,168,556.67
xss,stop_prob,stop=0.10_min1,14,33,163,300,164,543.33
xss,stop_prob,stop=0.10_min1,15,32,163,300,164,543.33
xss,stop_prob,stop=0.10_min1,16,30,156,300,157,520.00
xss,stop_prob,stop=0.10_min1,17,29,154,300,155,513.33
xss,stop_prob,stop=0.10_min1,18,34,153,300,154,510.00
xss,stop_prob,stop=0.10_min1,19,28,156,300,157,520.00
xss,stop_prob,stop=0.25_min1,0,24,201,300,202,670.00
xss,stop_prob,stop=0.25_min1,1,29,186,300,186,620.00
xss,stop_prob,stop=0.25_min1,2,22,199,300,199,663.33
xss,stop_prob,stop=0.25_min1,3,22,175,300,176,583.33
xss,stop_prob,stop=0.25_min1,4,22,201,300,202,670.00
xss,stop_prob,stop=0.25_min1,5,27,204,300,205,680.00
xss,stop_prob,stop=0.25_min1,6,24,185,300,185,616.67
xss,stop_prob,stop=0.25_min1,7,21,189,300,190,630.00
xss,stop_prob,stop=0.25_min1,8,21,189,300,190,630.00
xss,stop_prob,stop=0.25_min1,9,23,202,300,203,673.33
xss,stop_prob,stop=0.25_min1,10,23,198,300,199,660.00
xss,stop_prob,stop=0.25_min1,11,23,190,300,191,633.33
xss,stop_prob,stop=0.25_min1,12,22,198,300,199,660.00
xss,stop_prob,stop=0.25_min1,13,22,181,300,182,603.33
xss,stop_prob,stop=0.25_min1,14,22,192,300,193,640.00
xss,stop_prob,stop=0.25_min1,15,33,193,300,194,643.33
xss,stop_prob,stop=0.25_min1,16,22,197,300,197,656.67
xss,stop_prob,stop=0.25_min1,17,22,186,300,187,620.00
xss,stop_prob,stop=0.25_min1,18,22,194,300,195,646.67
xss,stop_prob,stop=0.25_min1,19,31,197,300,198,656.67
xss,stop_prob,stop=0.50_min1,0,25,227,300,227,756.67
xss,stop_prob,stop=0.50_min1,1,21,205,300,205,683.33
xss,stop_prob,stop=0.50_min1,2,20,220,300,219,733.33
xss,stop_prob,stop=0.50_min1,3,24,204,300,204,680.00
xss,stop_prob,stop=0.50_min1,4,29,216,300,214,720.00
xss,stop_prob,stop=0.50_min1,5,27,220,300,218,733.33
xss,stop_prob,stop=0.50_min1,6,22,201,300,202,670.00
xss,stop_prob,stop=0.50_min1,7,20,209,300,210,696.67
xss,stop_prob,stop=0.50_min1,8,21,213,300,213,710.00
xss,stop_prob,stop=0.50_min1,9,23,231,300,230,770.00
xss,stop_prob,stop=0.50_min1,10,21,209,300,210,696.67
xss,stop_prob,stop=0.50_min1,11,20,213,300,213,710.00
xss,stop_prob,stop=0.50_min1,12,20,213,300,206,710.00
xss,stop_prob,stop=0.50_min1,13,20,201,300,201,670.00
xss,stop_prob,stop=0.50_min1,14,21,214,300,212,713.33
xss,stop_prob,stop=0.50_min1,15,21,207,300,205,690.00
xss,stop_prob,stop=0.50_min1,16,20,213,300,213,710.00
xss,stop_prob,stop=0.50_min1,17,21,216,300,215,720.00
xss,stop_prob,stop=0.50_min1,18,25,222,300,223,740.00
xss,stop_prob,stop=0.50_min1,19,21,214,300,212,713.33
xss,stop_prob,stop=0.75_min1,0,19,224,300,223,746.67
xss,stop_prob,stop=0.75_min1,1,19,227,300,223,756.67
xss,stop_prob,stop=0.75_min1,2,19,217,300,211,723.33
xss,stop_prob,stop=0.75_min1,3,20,220,300,220,733.33
xss,stop_prob,stop=0.75_min1,4,20,207,300,207,690.00
xss,stop_prob,stop=0.75_min1,5,20,235,300,228,783.33
xss,stop_prob,stop=0.75_min1,6,19,214,300,211,713.33
xss,stop_prob,stop=0.75_min1,7,19,229,300,226,763.33
xss,stop_prob,stop=0.75_min1,8,20,223,300,223,743.33
xss,stop_prob,stop=0.75_min1,9,25,221,300,218,736.67
xss,stop_prob,stop=0.75_min1,10,21,205,300,204,683.33
xss,stop_prob,stop=0.75_min1,11,20,225,300,225,750.00
xss,stop_prob,stop=0.75_min1,12,19,221,300,218,736.67
xss,stop_prob,stop=0.75_min1,13,21,213,300,213,710.00
xss,stop_prob,stop=0.75_min1,14,21,228,300,228,760.00
xss,stop_prob,stop=0.75_min1,15,20,221,300,219,736.67
xss,stop_prob,stop=0.75_min1,16,19,224,300,219,746.67
xss,stop_prob,stop=0.75_min1,17,19,218,300,218,726.67
xss,stop_prob,stop=0.75_min1,18,19,224,300,223,746.67
xss,stop_prob,stop=0.75_min1,19,20,217,300,214,723.33
xss,stop_prob,stop=0.90_min1,0,20,219,300,215,730.00
xss,stop_prob,stop=0.90_min1,1,19,219,300,214,730.00
xss,stop_prob,stop=0.90_min1,2,19,216,300,207,720.00
xss,stop_prob,stop=0.90_min1,3,19,212,300,211,706.67
xss,stop_prob,stop=0.90_min1,4,23,226,300,222,753.33
xss,stop_prob,stop=0.90_min1,5,26,244,300,240,813.33
xss,stop_prob,stop=0.90_min1,6,26,228,300,223,760.00
xss,stop_prob,stop=0.90_min1,7,22,221,300,215,736.67
xss,stop_prob,stop=0.90_min1,8,24,216,300,213,720.00
xss,stop_prob,stop=0.90_min1,9,25,222,300,219,740.00
xss,stop_prob,stop=0.90_min1,10,23,230,300,229,766.67
xss,stop_prob,stop=0.90_min1,11,23,228,300,225,760.00
xss,stop_prob,stop=0.90_min1,12,23,228,300,222,760.00
xss,stop_prob,stop=0.90_min1,13,22,218,300,215,726.67
xss,stop_prob,stop=0.90_min1,14,20,214,300,210,713.33
xss,stop_prob,stop=0.90_min1,15,29,227,300,222,756.67
xss,stop_prob,stop=0.90_min1,16,22,224,300,218,746.67
xss,stop_prob,stop=0.90_min1,17,19,227,300,226,756.67
xss,stop_prob,stop=0.90_min1,18,19,224,300,222,746.67
xss,stop_prob,stop=0.90_min1,19,19,231,300,229,770.00
xss,min_atoms,min=1,0,22,201,300,202,670.00
xss,min_atoms,min=1,1,21,186,300,186,620.00
xss,min_atoms,min=1,2,26,199,300,199,663.33
xss,min_atoms,min=1,3,31,175,300,176,583.33
xss,min_atoms,min=1,4,23,201,300,202,670.00
xss,min_atoms,min=1,5,23,204,300,205,680.00
xss,min_atoms,min=1,6,23,185,300,185,616.67
xss,min_atoms,min=1,7,28,189,300,190,630.00
xss,min_atoms,min=1,8,21,189,300,190,630.00
xss,min_atoms,min=1,9,23,202,300,203,673.33
xss,min_atoms,min=1,10,23,198,300,199,660.00
xss,min_atoms,min=1,11,23,190,300,191,633.33
xss,min_atoms,min=1,12,25,198,300,199,660.00
xss,min_atoms,min=1,13,22,181,300,182,603.33
xss,min_atoms,min=1,14,22,192,300,193,640.00
xss,min_atoms,min=1,15,26,193,300,194,643.33
xss,min_atoms,min=1,16,22,197,300,197,656.67
xss,min_atoms,min=1,17,22,186,300,187,620.00
xss,min_atoms,min=1,18,23,194,300,195,646.67
xss,min_atoms,min=1,19,22,197,300,198,656.67
xss,min_atoms,min=2,0,27,188,300,189,626.67
xss,min_atoms,min=2,1,28,174,300,175,580.00
xss,min_atoms,min=2,2,23,180,300,181,600.00
xss,min_atoms,min=2,3,23,175,300,176,583.33
xss,min_atoms,min=2,4,23,180,300,181,600.00
xss,min_atoms,min=2,5,28,182,300,183,606.67
xss,min_atoms,min=2,6,24,162,300,163,540.00
xss,min_atoms,min=2,7,22,175,300,176,583.33
xss,min_atoms,min=2,8,24,186,300,187,620.00
xss,min_atoms,min=2,9,23,181,300,182,603.33
xss,min_atoms,min=2,10,25,179,300,180,596.67
xss,min_atoms,min=2,11,24,178,300,179,593.33
xss,min_atoms,min=2,12,22,184,300,185,613.33
xss,min_atoms,min=2,13,26,185,300,186,616.67
xss,min_atoms,min=2,14,24,166,300,167,553.33
xss,min_atoms,min=2,15,25,175,300,176,583.33
xss,min_atoms,min=2,16,23,183,300,184,610.00
xss,min_atoms,min=2,17,24,168,300,169,560.00
xss,min_atoms,min=2,18,28,195,300,196,650.00
xss,min_atoms,min=2,19,29,182,300,183,606.67
xss,min_atoms,min=3,0,26,171,300,171,570.00
xss,min_atoms,min=3,1,23,176,300,177,586.67
xss,min_atoms,min=3,2,34,167,300,168,556.67
xss,min_atoms,min=3,3,26,161,300,162,536.67
xss,min_atoms,min=3,4,23,167,300,168,556.67
xss,min_atoms,min=3,5,32,160,300,161,533.33
xss,min_atoms,min=3,6,27,175,300,176,583.33
xss,min_atoms,min=3,7,23,175,300,176,583.33
xss,min_atoms,min=3,8,23,178,300,179,593.33
xss,min_atoms,min=3,9,33,152,300,153,506.67
xss,min_atoms,min=3,10,26,172,300,173,573.33
xss,min_atoms,min=3,11,24,178,300,179,593.33
xss,min_atoms,min=3,12,25,180,300,181,600.00
xss,min_atoms,min=3,13,30,176,300,177,586.67
xss,min_atoms,min=3,14,28,162,300,163,540.00
xss,min_atoms,min=3,15,25,166,300,167,553.33
xss,min_atoms,min=3,16,27,181,300,182,603.33
xss,min_atoms,min=3,17,36,159,300,160,530.00
xss,min_atoms,min=3,18,27,179,300,180,596.67
xss,min_atoms,min=3,19,26,176,300,177,586.67
xss,min_atoms,min=4,0,32,178,300,179,593.33
xss,min_atoms,min=4,1,32,146,300,147,486.67
xss,min_atoms,min=4,2,35,149,300,150,496.67
xss,min_atoms,min=4,3,27,151,300,152,503.33
xss,min_atoms,min=4,4,31,153,300,154,510.00
xss,min_atoms,min=4,5,34,153,300,154,510.00
xss,min_atoms,min=4,6,27,148,300,149,493.33
xss,min_atoms,min=4,7,24,178,300,179,593.33
xss,min_atoms,min=4,8,29,155,300,156,516.67
xss,min_atoms,min=4,9,33,152,300,153,506.67
xss,min_atoms,min=4,10,27,157,300,158,523.33
xss,min_atoms,min=4,11,27,148,300,149,493.33
xss,min_atoms,min=4,12,25,169,300,170,563.33
xss,min_atoms,min=4,13,31,150,300,151,500.00
xss,min_atoms,min=4,14,30,173,300,174,576.67
xss,min_atoms,min=4,15,32,157,300,158,523.33
xss,min_atoms,min=4,16,27,152,300,153,506.67
xss,min_atoms,min=4,17,27,152,300,153,506.67
xss,min_atoms,min=4,18,33,161,300,162,536.67
xss,min_atoms,min=4,19,32,162,300,163,540.00
xss,vocab,vocab=default,0,25,199,300,200,663.33
xss,vocab,vocab=default,1,23,195,300,195,650.00
xss,vocab,vocab=default,2,23,210,300,211,700.00
xss,vocab,vocab=default,3,23,202,300,203,673.33
xss,vocab,vocab=default,4,22,208,300,209,693.33
xss,vocab,vocab=default,5,25,213,300,214,710.00
xss,vocab,vocab=default,6,23,207,300,208,690.00
xss,vocab,vocab=default,7,22,207,300,208,690.00
xss,vocab,vocab=default,8,22,216,300,217,720.00
xss,vocab,vocab=default,9,25,203,300,204,676.67
xss,vocab,vocab=default,10,23,184,300,185,613.33
xss,vocab,vocab=default,11,23,207,300,208,690.00
xss,vocab,vocab=default,12,22,209,300,210,696.67
xss,vocab,vocab=default,13,22,211,300,212,703.33
xss,vocab,vocab=default,14,23,209,300,210,696.67
xss,vocab,vocab=default,15,23,196,300,197,653.33
xss,vocab,vocab=default,16,23,197,300,198,656.67
xss,vocab,vocab=default,17,28,191,300,192,636.67
xss,vocab,vocab=default,18,23,206,300,207,686.67
xss,vocab,vocab=default,19,23,200,300,201,666.67
xss,vocab,vocab=xss+,0,22,201,300,202,670.00
xss,vocab,vocab=xss+,1,24,189,300,190,630.00
xss,vocab,vocab=xss+,2,24,197,300,198,656.67
xss,vocab,vocab=xss+,3,23,198,300,199,660.00
xss,vocab,vocab=xss+,4,24,188,300,189,626.67
xss,vocab,vocab=xss+,5,23,192,300,193,640.00
xss,vocab,vocab=xss+,6,24,197,300,198,656.67
xss,vocab,vocab=xss+,7,30,208,300,209,693.33
xss,vocab,vocab=xss+,8,23,203,300,204,676.67
xss,vocab,vocab=xss+,9,29,190,300,191,633.33
xss,vocab,vocab=xss+,10,33,181,300,182,603.33
xss,vocab,vocab=xss+,11,26,206,300,207,686.67
xss,vocab,vocab=xss+,12,24,203,300,204,676.67
xss,vocab,vocab=xss+,13,22,210,300,211,700.00
xss,vocab,vocab=xss+,14,28,197,300,198,656.67
xss,vocab,vocab=xss+,15,24,202,300,203,673.33
xss,vocab,vocab=xss+,16,27,193,300,194,643.33
xss,vocab,vocab=xss+,17,27,193,300,194,643.33
xss,vocab,vocab=xss+,18,31,188,300,188,626.67
xss,vocab,vocab=xss+,19,24,191,300,191,636.67
xss,vocab,vocab=sqli+,0,29,204,300,205,680.00
xss,vocab,vocab=sqli+,1,23,192,300,193,640.00
xss,vocab,vocab=sqli+,2,27,202,300,203,673.33
xss,vocab,vocab=sqli+,3,23,201,300,202,670.00
xss,vocab,vocab=sqli+,4,27,216,300,217,720.00
xss,vocab,vocab=sqli+,5,35,214,300,215,713.33
xss,vocab,vocab=sqli+,6,27,200,300,201,666.67
xss,vocab,vocab=sqli+,7,22,211,300,212,703.33
xss,vocab,vocab=sqli+,8,22,219,300,220,730.00
xss,vocab,vocab=sqli+,9,23,200,300,201,666.67
xss,vocab,vocab=sqli+,10,24,182,300,183,606.67
xss,vocab,vocab=sqli+,11,23,203,300,204,676.67
xss,vocab,vocab=sqli+,12,22,205,300,206,683.33
xss,vocab,vocab=sqli+,13,22,211,300,212,703.33
xss,vocab,vocab=sqli+,14,23,201,300,202,670.00
xss,vocab,vocab=sqli+,15,23,215,300,216,716.67
xss,vocab,vocab=sqli+,16,23,202,300,203,673.33
xss,vocab,vocab=sqli+,17,23,202,300,203,673.33
xss,vocab,vocab=sqli+,18,22,200,300,201,666.67
xss,vocab,vocab=sqli+,19,22,216,300,217,720.00
xss,vocab,vocab=ssti+,0,23,223,300,224,743.33
xss,vocab,vocab=ssti+,1,23,214,300,215,713.33
xss,vocab,vocab=ssti+,2,23,215,300,216,716.67
xss,vocab,vocab=ssti+,3,24,208,300,209,693.33
xss,vocab,vocab=ssti+,4,22,209,300,210,696.67
xss,vocab,vocab=ssti+,5,22,221,300,222,736.67
xss,vocab,vocab=ssti+,6,23,217,300,218,723.33
xss,vocab,vocab=ssti+,7,23,208,300,209,693.33
xss,vocab,vocab=ssti+,8,30,214,300,215,713.33
xss,vocab,vocab=ssti+,9,26,215,300,216,716.67
xss,vocab,vocab=ssti+,10,23,215,300,216,716.67
xss,vocab,vocab=ssti+,11,27,220,300,221,733.33
xss,vocab,vocab=ssti+,12,23,204,300,205,680.00
xss,vocab,vocab=ssti+,13,23,221,300,222,736.67
xss,vocab,vocab=ssti+,14,23,210,300,211,700.00
xss,vocab,vocab=ssti+,15,23,214,300,215,713.33
xss,vocab,vocab=ssti+,16,24,209,300,210,696.67
xss,vocab,vocab=ssti+,17,25,211,300,212,703.33
xss,vocab,vocab=ssti+,18,24,208,300,209,693.33
xss,vocab,vocab=ssti+,19,24,214,300,215,713.33
cmdi,gen_ratio,gen=0.0,0,29,270,300,269,900.00
cmdi,gen_ratio,gen=0.0,1,26,272,300,273,906.67
cmdi,gen_ratio,gen=0.0,2,30,264,300,265,880.00
cmdi,gen_ratio,gen=0.0,3,34,261,300,262,870.00
cmdi,gen_ratio,gen=0.0,4,37,269,300,270,896.67
cmdi,gen_ratio,gen=0.0,5,44,275,300,276,916.67
cmdi,gen_ratio,gen=0.0,6,39,238,300,239,793.33
cmdi,gen_ratio,gen=0.0,7,34,263,300,264,876.67
cmdi,gen_ratio,gen=0.0,8,31,269,300,270,896.67
cmdi,gen_ratio,gen=0.0,9,34,276,300,277,920.00
cmdi,gen_ratio,gen=0.0,10,30,274,300,275,913.33
cmdi,gen_ratio,gen=0.0,11,30,267,300,268,890.00
cmdi,gen_ratio,gen=0.0,12,28,276,300,277,920.00
cmdi,gen_ratio,gen=0.0,13,25,268,300,269,893.33
cmdi,gen_ratio,gen=0.0,14,37,223,300,224,743.33
cmdi,gen_ratio,gen=0.0,15,32,263,300,264,876.67
cmdi,gen_ratio,gen=0.0,16,25,257,300,258,856.67
cmdi,gen_ratio,gen=0.0,17,29,255,300,256,850.00
cmdi,gen_ratio,gen=0.0,18,36,266,300,267,886.67
cmdi,gen_ratio,gen=0.0,19,37,274,300,275,913.33
cmdi,gen_ratio,gen=0.1,0,27,259,300,260,863.33
cmdi,gen_ratio,gen=0.1,1,37,258,300,259,860.00
cmdi,gen_ratio,gen=0.1,2,30,271,300,272,903.33
cmdi,gen_ratio,gen=0.1,3,27,251,300,252,836.67
cmdi,gen_ratio,gen=0.1,4,52,269,300,270,896.67
cmdi,gen_ratio,gen=0.1,5,30,258,300,259,860.00
cmdi,gen_ratio,gen=0.1,6,25,263,300,264,876.67
cmdi,gen_ratio,gen=0.1,7,25,255,300,256,850.00
cmdi,gen_ratio,gen=0.1,8,33,239,300,240,796.67
cmdi,gen_ratio,gen=0.1,9,53,279,300,280,930.00
cmdi,gen_ratio,gen=0.1,10,36,262,300,263,873.33
cmdi,gen_ratio,gen=0.1,11,30,266,300,267,886.67
cmdi,gen_ratio,gen=0.1,12,30,282,300,283,940.00
cmdi,gen_ratio,gen=0.1,13,35,271,300,272,903.33
cmdi,gen_ratio,gen=0.1,14,33,247,300,248,823.33
cmdi,gen_ratio,gen=0.1,15,28,266,300,267,886.67
cmdi,gen_ratio,gen=0.1,16,28,260,300,261,866.67
cmdi,gen_ratio,gen=0.1,17,41,262,300,263,873.33
cmdi,gen_ratio,gen=0.1,18,30,270,300,271,900.00
cmdi,gen_ratio,gen=0.1,19,32,270,300,271,900.00
cmdi,gen_ratio,gen=0.2,0,34,271,300,272,903.33
cmdi,gen_ratio,gen=0.2,1,28,257,300,258,856.67
cmdi,gen_ratio,gen=0.2,2,29,264,300,265,880.00
cmdi,gen_ratio,gen=0.2,3,40,245,300,246,816.67
cmdi,gen_ratio,gen=0.2,4,28,265,300,266,883.33
cmdi,gen_ratio,gen=0.2,5,31,264,300,265,880.00
cmdi,gen_ratio,gen=0.2,6,42,265,300,266,883.33
cmdi,gen_ratio,gen=0.2,7,26,252,300,252,840.00
cmdi,gen_ratio,gen=0.2,8,27,260,300,261,866.67
cmdi,gen_ratio,gen=0.2,9,43,267,300,267,890.00
cmdi,gen_ratio,gen=0.2,10,31,273,300,274,910.00
cmdi,gen_ratio,gen=0.2,11,35,266,300,267,886.67
cmdi,gen_ratio,gen=0.2,12,43,273,300,274,910.00
cmdi,gen_ratio,gen=0.2,13,30,265,300,266,883.33
cmdi,gen_ratio,gen=0.2,14,29,242,300,243,806.67
cmdi,gen_ratio,gen=0.2,15,27,257,300,258,856.67
cmdi,gen_ratio,gen=0.2,16,34,255,300,256,850.00
cmdi,gen_ratio,gen=0.2,17,30,241,300,242,803.33
cmdi,gen_ratio,gen=0.2,18,35,271,300,272,903.33
cmdi,gen_ratio,gen=0.2,19,34,260,300,261,866.67
cmdi,gen_ratio,gen=0.3,0,38,261,300,262,870.00
cmdi,gen_ratio,gen=0.3,1,27,273,300,274,910.00
cmdi,gen_ratio,gen=0.3,2,39,266,300,267,886.67
cmdi,gen_ratio,gen=0.3,3,29,242,300,243,806.67
cmdi,gen_ratio,gen=0.3,4,30,271,300,272,903.33
cmdi,gen_ratio,gen=0.3,5,30,260,300,261,866.67
cmdi,gen_ratio,gen=0.3,6,29,262,300,263,873.33
cmdi,gen_ratio,gen=0.3,7,26,254,300,255,846.67
cmdi,gen_ratio,gen=0.3,8,27,248,300,249,826.67
cmdi,gen_ratio,gen=0.3,9,35,261,300,262,870.00
cmdi,gen_ratio,gen=0.3,10,28,264,300,265,880.00
cmdi,gen_ratio,gen=0.3,11,32,267,300,268,890.00
cmdi,gen_ratio,gen=0.3,12,30,263,300,264,876.67
cmdi,gen_ratio,gen=0.3,13,30,271,300,272,903.33
cmdi,gen_ratio,gen=0.3,14,28,264,300,265,880.00
cmdi,gen_ratio,gen=0.3,15,28,257,300,258,856.67
cmdi,gen_ratio,gen=0.3,16,27,239,300,239,796.67
cmdi,gen_ratio,gen=0.3,17,37,256,300,257,853.33
cmdi,gen_ratio,gen=0.3,18,35,256,300,257,853.33
cmdi,gen_ratio,gen=0.3,19,33,263,300,264,876.67
cmdi,gen_ratio,gen=0.4,0,29,249,300,250,830.00
cmdi,gen_ratio,gen=0.4,1,28,252,300,253,840.00
cmdi,gen_ratio,gen=0.4,2,29,263,300,264,876.67
cmdi,gen_ratio,gen=0.4,3,29,244,300,245,813.33
cmdi,gen_ratio,gen=0.4,4,40,263,300,264,876.67
cmdi,gen_ratio,gen=0.4,5,31,256,300,257,853.33
cmdi,gen_ratio,gen=0.4,6,27,253,300,254,843.33
cmdi,gen_ratio,gen=0.4,7,35,258,300,258,860.00
cmdi,gen_ratio,gen=0.4,8,38,250,300,251,833.33
cmdi,gen_ratio,gen=0.4,9,39,265,300,266,883.33
cmdi,gen_ratio,gen=0.4,10,44,259,300,260,863.33
cmdi,gen_ratio,gen=0.4,11,40,272,300,273,906.67
cmdi,gen_ratio,gen=0.4,12,35,264,300,265,880.00
cmdi,gen_ratio,gen=0.4,13,44,258,300,259,860.00
cmdi,gen_ratio,gen=0.4,14,27,257,300,258,856.67
cmdi,gen_ratio,gen=0.4,15,30,253,300,254,843.33
cmdi,gen_ratio,gen=0.4,16,31,233,300,234,776.67
cmdi,gen_ratio,gen=0.4,17,29,255,300,256,850.00
cmdi,gen_ratio,gen=0.4,18,28,257,300,258,856.67
cmdi,gen_ratio,gen=0.4,19,37,267,300,268,890.00
cmdi,gen_ratio,gen=0.5,0,44,248,300,249,826.67
cmdi,gen_ratio,gen=0.5,1,28,251,300,252,836.67
cmdi,gen_ratio,gen=0.5,2,37,252,300,253,840.00
cmdi,gen_ratio,gen=0.5,3,37,250,300,251,833.33
cmdi,gen_ratio,gen=0.5,4,29,256,300,257,853.33
cmdi,gen_ratio,gen=0.5,5,32,269,300,270,896.67
cmdi,gen_ratio,gen=0.5,6,35,260,300,261,866.67
cmdi,gen_ratio,gen=0.5,7,29,268,300,268,893.33
cmdi,gen_ratio,gen=0.5,8,29,249,300,250,830.00
cmdi,gen_ratio,gen=0.5,9,40,263,300,264,876.67
cmdi,gen_ratio,gen=0.5,10,32,266,300,267,886.67
cmdi,gen_ratio,gen=0.5,11,28,253,300,254,843.33
cmdi,gen_ratio,gen=0.5,12,31,268,300,269,893.33
cmdi,gen_ratio,gen=0.5,13,29,248,300,249,826.67
cmdi,gen_ratio,gen=0.5,14,37,251,300,252,836.67
cmdi,gen_ratio,gen=0.5,15,31,255,300,256,850.00
cmdi,gen_ratio,gen=0.5,16,27,259,300,260,863.33
cmdi,gen_ratio,gen=0.5,17,30,249,300,250,830.00
cmdi,gen_ratio,gen=0.5,18,28,272,300,273,906.67
cmdi,gen_ratio,gen=0.5,19,35,259,300,260,863.33
cmdi,gen_ratio,gen=0.6,0,37,254,300,255,846.67
cmdi,gen_ratio,gen=0.6,1,28,254,300,255,846.67
cmdi,gen_ratio,gen=0.6,2,33,266,300,267,886.67
cmdi,gen_ratio,gen=0.6,3,32,250,300,251,833.33
cmdi,gen_ratio,gen=0.6,4,28,251,300,252,836.67
cmdi,gen_ratio,gen=0.6,5,30,259,300,260,863.33
cmdi,gen_ratio,gen=0.6,6,30,241,300,242,803.33
cmdi,gen_ratio,gen=0.6,7,30,259,300,260,863.33
cmdi,gen_ratio,gen=0.6,8,29,248,300,249,826.67
cmdi,gen_ratio,gen=0.6,9,41,248,300,249,826.67
cmdi,gen_ratio,gen=0.6,10,30,260,300,261,866.67
cmdi,gen_ratio,gen=0.6,11,30,265,300,266,883.33
cmdi,gen_ratio,gen=0.6,12,32,260,300,261,866.67
cmdi,gen_ratio,gen=0.6,13,29,257,300,258,856.67
cmdi,gen_ratio,gen=0.6,14,44,259,300,260,863.33
cmdi,gen_ratio,gen=0.6,15,28,256,300,257,853.33
cmdi,gen_ratio,gen=0.6,16,35,257,300,258,856.67
cmdi,gen_ratio,gen=0.6,17,37,260,300,261,866.67
cmdi,gen_ratio,gen=0.6,18,30,259,300,260,863.33
cmdi,gen_ratio,gen=0.6,19,29,262,300,263,873.33
cmdi,gen_ratio,gen=0.7,0,43,250,300,251,833.33
cmdi,gen_ratio,gen=0.7,1,38,260,300,261,866.67
cmdi,gen_ratio,gen=0.7,2,34,263,300,264,876.67
cmdi,gen_ratio,gen=0.7,3,29,252,300,253,840.00
cmdi,gen_ratio,gen=0.7,4,30,260,300,261,866.67
cmdi,gen_ratio,gen=0.7,5,31,259,300,260,863.33
cmdi,gen_ratio,gen=0.7,6,41,253,300,254,843.33
cmdi,gen_ratio,gen=0.7,7,31,263,300,264,876.67
cmdi,gen_ratio,gen=0.7,8,29,236,300,237,786.67
cmdi,gen_ratio,gen=0.7,9,32,256,300,257,853.33
cmdi,gen_ratio,gen=0.7,10,33,249,300,250,830.00
cmdi,gen_ratio,gen=0.7,11,30,254,300,255,846.67
cmdi,gen_ratio,gen=0.7,12,31,268,300,269,893.33
cmdi,gen_ratio,gen=0.7,13,33,249,300,250,830.00
cmdi,gen_ratio,gen=0.7,14,30,247,300,248,823.33
cmdi,gen_ratio,gen=0.7,15,32,251,300,252,836.67
cmdi,gen_ratio,gen=0.7,16,29,251,300,252,836.67
cmdi,gen_ratio,gen=0.7,17,31,253,300,254,843.33
cmdi,gen_ratio,gen=0.7,18,31,258,300,259,860.00
cmdi,gen_ratio,gen=0.7,19,33,265,300,266,883.33
cmdi,gen_ratio,gen=0.8,0,33,252,300,253,840.00
cmdi,gen_ratio,gen=0.8,1,28,242,300,243,806.67
cmdi,gen_ratio,gen=0.8,2,32,245,300,246,816.67
cmdi,gen_ratio,gen=0.8,3,29,245,300,246,816.67
cmdi,gen_ratio,gen=0.8,4,29,266,300,267,886.67
cmdi,gen_ratio,gen=0.8,5,31,256,300,257,853.33
cmdi,gen_ratio,gen=0.8,6,29,244,300,245,813.33
cmdi,gen_ratio,gen=0.8,7,34,260,300,261,866.67
cmdi,gen_ratio,gen=0.8,8,33,250,300,251,833.33
cmdi,gen_ratio,gen=0.8,9,29,242,300,243,806.67
cmdi,gen_ratio,gen=0.8,10,29,256,300,257,853.33
cmdi,gen_ratio,gen=0.8,11,30,251,300,252,836.67
cmdi,gen_ratio,gen=0.8,12,30,265,300,266,883.33
cmdi,gen_ratio,gen=0.8,13,31,258,300,259,860.00
cmdi,gen_ratio,gen=0.8,14,36,245,300,246,816.67
cmdi,gen_ratio,gen=0.8,15,33,245,300,246,816.67
cmdi,gen_ratio,gen=0.8,16,29,245,300,246,816.67
cmdi,gen_ratio,gen=0.8,17,39,244,300,245,813.33
cmdi,gen_ratio,gen=0.8,18,35,245,300,246,816.67
cmdi,gen_ratio,gen=0.8,19,29,252,300,253,840.00
cmdi,gen_ratio,gen=0.9,0,37,254,300,255,846.67
cmdi,gen_ratio,gen=0.9,1,31,256,300,257,853.33
cmdi,gen_ratio,gen=0.9,2,34,259,300,260,863.33
cmdi,gen_ratio,gen=0.9,3,33,245,300,246,816.67
cmdi,gen_ratio,gen=0.9,4,40,264,300,265,880.00
cmdi,gen_ratio,gen=0.9,5,44,256,300,257,853.33
cmdi,gen_ratio,gen=0.9,6,33,250,300,251,833.33
cmdi,gen_ratio,gen=0.9,7,31,256,300,257,853.33
cmdi,gen_ratio,gen=0.9,8,34,262,300,263,873.33
cmdi,gen_ratio,gen=0.9,9,28,252,300,253,840.00
cmdi,gen_ratio,gen=0.9,10,31,251,300,252,836.67
cmdi,gen_ratio,gen=0.9,11,31,255,300,256,850.00
cmdi,gen_ratio,gen=0.9,12,30,263,300,264,876.67
cmdi,gen_ratio,gen=0.9,13,39,248,300,249,826.67
cmdi,gen_ratio,gen=0.9,14,34,252,300,253,840.00
cmdi,gen_ratio,gen=0.9,15,31,254,300,255,846.67
cmdi,gen_ratio,gen=0.9,16,29,254,300,255,846.67
cmdi,gen_ratio,gen=0.9,17,31,256,300,257,853.33
cmdi,gen_ratio,gen=0.9,18,30,254,300,255,846.67
cmdi,gen_ratio,gen=0.9,19,30,259,300,260,863.33
cmdi,gen_ratio,gen=1.0,0,33,247,300,248,823.33
cmdi,gen_ratio,gen=1.0,1,29,252,300,253,840.00
cmdi,gen_ratio,gen=1.0,2,32,256,300,257,853.33
cmdi,gen_ratio,gen=1.0,3,27,243,300,244,810.00
cmdi,gen_ratio,gen=1.0,4,32,249,300,250,830.00
cmdi,gen_ratio,gen=1.0,5,35,259,300,260,863.33
cmdi,gen_ratio,gen=1.0,6,31,256,300,257,853.33
cmdi,gen_ratio,gen=1.0,7,28,263,300,264,876.67
cmdi,gen_ratio,gen=1.0,8,31,269,300,270,896.67
cmdi,gen_ratio,gen=1.0,9,31,248,300,249,826.67
cmdi,gen_ratio,gen=1.0,10,31,247,300,248,823.33
cmdi,gen_ratio,gen=1.0,11,30,257,300,258,856.67
cmdi,gen_ratio,gen=1.0,12,30,259,300,260,863.33
cmdi,gen_ratio,gen=1.0,13,31,245,300,246,816.67
cmdi,gen_ratio,gen=1.0,14,31,254,300,255,846.67
cmdi,gen_ratio,gen=1.0,15,33,248,300,249,826.67
cmdi,gen_ratio,gen=1.0,16,33,265,300,266,883.33
cmdi,gen_ratio,gen=1.0,17,31,253,300,254,843.33
cmdi,gen_ratio,gen=1.0,18,30,250,300,251,833.33
cmdi,gen_ratio,gen=1.0,19,32,265,300,266,883.33
cmdi,length,len=short,0,25,267,300,265,890.00
cmdi,length,len=short,1,31,278,300,278,926.67
cmdi,length,len=short,2,30,274,300,275,913.33
cmdi,length,len=short,3,26,258,300,259,860.00
cmdi,length,len=short,4,24,278,300,277,926.67
cmdi,length,len=short,5,37,268,300,269,893.33
cmdi,length,len=short,6,25,272,300,272,906.67
cmdi,length,len=short,7,25,268,300,268,893.33
cmdi,length,len=short,8,25,270,300,270,900.00
cmdi,length,len=short,9,27,271,300,269,903.33
cmdi,length,len=short,10,28,272,300,273,906.67
cmdi,length,len=short,11,34,275,300,273,916.67
cmdi,length,len=short,12,24,264,300,263,880.00
cmdi,length,len=short,13,35,277,300,276,923.33
cmdi,length,len=short,14,31,271,300,271,903.33
cmdi,length,len=short,15,25,268,300,268,893.33
cmdi,length,len=short,16,34,267,300,267,890.00
cmdi,length,len=short,17,29,271,300,271,903.33
cmdi,length,len=short,18,24,268,300,267,893.33
cmdi,length,len=short,19,25,275,300,276,916.67
cmdi,length,len=medium,0,33,250,300,251,833.33
cmdi,length,len=medium,1,38,260,300,261,866.67
cmdi,length,len=medium,2,35,263,300,264,876.67
cmdi,length,len=medium,3,32,252,300,253,840.00
cmdi,length,len=medium,4,29,260,300,261,866.67
cmdi,length,len=medium,5,30,259,300,260,863.33
cmdi,length,len=medium,6,28,253,300,254,843.33
cmdi,length,len=medium,7,29,263,300,264,876.67
cmdi,length,len=medium,8,28,236,300,237,786.67
cmdi,length,len=medium,9,33,256,300,257,853.33
cmdi,length,len=medium,10,35,249,300,250,830.00
cmdi,length,len=medium,11,30,254,300,255,846.67
cmdi,length,len=medium,12,28,268,300,269,893.33
cmdi,length,len=medium,13,34,249,300,250,830.00
cmdi,length,len=medium,14,30,247,300,248,823.33
cmdi,length,len=medium,15,32,251,300,252,836.67
cmdi,length,len=medium,16,28,251,300,252,836.67
cmdi,length,len=medium,17,31,253,300,254,843.33
cmdi,length,len=medium,18,32,258,300,259,860.00
cmdi,length,len=medium,19,32,265,300,266,883.33
cmdi,length,len=long,0,41,232,300,233,773.33
cmdi,length,len=long,1,36,254,300,255,846.67
cmdi,length,len=long,2,40,239,300,240,796.67
cmdi,length,len=long,3,45,226,300,227,753.33
cmdi,length,len=long,4,37,248,300,249,826.67
cmdi,length,len=long,5,40,237,300,238,790.00
cmdi,length,len=long,6,39,224,300,225,746.67
cmdi,length,len=long,7,45,228,300,229,760.00
cmdi,length,len=long,8,39,235,300,236,783.33
cmdi,length,len=long,9,39,237,300,238,790.00
cmdi,length,len=long,10,44,208,300,209,693.33
cmdi,length,len=long,11,57,236,300,237,786.67
cmdi,length,len=long,12,41,225,300,226,750.00
cmdi,length,len=long,13,60,239,300,240,796.67
cmdi,length,len=long,14,40,233,300,234,776.67
cmdi,length,len=long,15,49,235,300,236,783.33
cmdi,length,len=long,16,37,228,300,229,760.00
cmdi,length,len=long,17,45,228,300,228,760.00
cmdi,length,len=long,18,37,228,300,229,760.00
cmdi,length,len=long,19,56,242,300,243,806.67
cmdi,havoc,havoc=default,0,34,250,300,251,833.33
cmdi,havoc,havoc=default,1,37,260,300,261,866.67
cmdi,havoc,havoc=default,2,34,263,300,264,876.67
cmdi,havoc,havoc=default,3,29,252,300,253,840.00
cmdi,havoc,havoc=default,4,28,260,300,261,866.67
cmdi,havoc,havoc=default,5,30,259,300,260,863.33
cmdi,havoc,havoc=default,6,28,253,300,254,843.33
cmdi,havoc,havoc=default,7,28,263,300,264,876.67
cmdi,havoc,havoc=default,8,28,236,300,237,786.67
cmdi,havoc,havoc=default,9,32,256,300,257,853.33
cmdi,havoc,havoc=default,10,31,249,300,250,830.00
cmdi,havoc,havoc=default,11,29,254,300,255,846.67
cmdi,havoc,havoc=default,12,28,268,300,269,893.33
cmdi,havoc,havoc=default,13,32,249,300,250,830.00
cmdi,havoc,havoc=default,14,34,247,300,248,823.33
cmdi,havoc,havoc=default,15,34,251,300,252,836.67
cmdi,havoc,havoc=default,16,29,251,300,252,836.67
cmdi,havoc,havoc=default,17,31,253,300,254,843.33
cmdi,havoc,havoc=default,18,33,258,300,259,860.00
cmdi,havoc,havoc=default,19,33,265,300,266,883.33
cmdi,havoc,havoc=structural,0,32,250,300,251,833.33
cmdi,havoc,havoc=structural,1,28,251,300,252,836.67
cmdi,havoc,havoc=structural,2,30,254,300,255,846.67
cmdi,havoc,havoc=structural,3,27,233,300,234,776.67
cmdi,havoc,havoc=structural,4,28,248,300,249,826.67
cmdi,havoc,havoc=structural,5,32,244,300,245,813.33
cmdi,havoc,havoc=structural,6,37,243,300,244,810.00
cmdi,havoc,havoc=structural,7,32,263,300,264,876.67
cmdi,havoc,havoc=structural,8,41,251,300,252,836.67
cmdi,havoc,havoc=structural,9,33,248,300,249,826.67
cmdi,havoc,havoc=structural,10,28,260,300,261,866.67
cmdi,havoc,havoc=structural,11,28,269,300,270,896.67
cmdi,havoc,havoc=structural,12,45,260,300,260,866.67
cmdi,havoc,havoc=structural,13,30,261,300,262,870.00
cmdi,havoc,havoc=structural,14,26,243,300,244,810.00
cmdi,havoc,havoc=structural,15,39,248,300,249,826.67
cmdi,havoc,havoc=structural,16,31,248,300,249,826.67
cmdi,havoc,havoc=structural,17,27,252,300,253,840.00
cmdi,havoc,havoc=structural,18,37,250,300,251,833.33
cmdi,havoc,havoc=structural,19,40,239,300,240,796.67
cmdi,havoc,havoc=destructive,0,43,237,300,238,790.00
cmdi,havoc,havoc=destructive,1,45,246,300,247,820.00
cmdi,havoc,havoc=destructive,2,84,265,300,266,883.33
cmdi,havoc,havoc=destructive,3,40,254,300,255,846.67
cmdi,havoc,havoc=destructive,4,33,260,300,261,866.67
cmdi,havoc,havoc=destructive,5,41,263,300,264,876.67
cmdi,havoc,havoc=destructive,6,51,252,300,253,840.00
cmdi,havoc,havoc=destructive,7,37,247,300,247,823.33
cmdi,havoc,havoc=destructive,8,55,263,300,264,876.67
cmdi,havoc,havoc=destructive,9,40,243,300,244,810.00
cmdi,havoc,havoc=destructive,10,77,253,300,254,843.33
cmdi,havoc,havoc=destructive,11,56,257,300,258,856.67
cmdi,havoc,havoc=destructive,12,43,250,300,251,833.33
cmdi,havoc,havoc=destructive,13,52,266,300,267,886.67
cmdi,havoc,havoc=destructive,14,45,264,300,265,880.00
cmdi,havoc,havoc=destructive,15,52,260,300,261,866.67
cmdi,havoc,havoc=destructive,16,75,245,300,246,816.67
cmdi,havoc,havoc=destructive,17,80,256,300,257,853.33
cmdi,havoc,havoc=destructive,18,58,247,300,248,823.33
cmdi,havoc,havoc=destructive,19,44,254,300,255,846.67
cmdi,havoc,havoc=encoding,0,32,254,300,255,846.67
cmdi,havoc,havoc=encoding,1,42,249,300,250,830.00
cmdi,havoc,havoc=encoding,2,30,262,300,263,873.33
cmdi,havoc,havoc=encoding,3,34,253,300,253,843.33
cmdi,havoc,havoc=encoding,4,28,251,300,252,836.67
cmdi,havoc,havoc=encoding,5,34,255,300,256,850.00
cmdi,havoc,havoc=encoding,6,29,259,300,260,863.33
cmdi,havoc,havoc=encoding,7,29,263,300,264,876.67
cmdi,havoc,havoc=encoding,8,30,257,300,258,856.67
cmdi,havoc,havoc=encoding,9,32,256,300,257,853.33
cmdi,havoc,havoc=encoding,10,32,252,300,253,840.00
cmdi,havoc,havoc=encoding,11,35,272,300,273,906.67
cmdi,havoc,havoc=encoding,12,29,258,300,259,860.00
cmdi,havoc,havoc=encoding,13,30,253,300,254,843.33
cmdi,havoc,havoc=encoding,14,35,235,300,236,783.33
cmdi,havoc,havoc=encoding,15,34,258,300,259,860.00
cmdi,havoc,havoc=encoding,16,29,253,300,254,843.33
cmdi,havoc,havoc=encoding,17,31,246,300,247,820.00
cmdi,havoc,havoc=encoding,18,32,259,300,260,863.33
cmdi,havoc,havoc=encoding,19,29,264,300,265,880.00
cmdi,placement,place=a0.0_p0.5,0,30,211,300,212,703.33
cmdi,placement,place=a0.0_p0.5,1,29,215,300,216,716.67
cmdi,placement,place=a0.0_p0.5,2,31,221,300,222,736.67
cmdi,placement,place=a0.0_p0.5,3,26,203,300,204,676.67
cmdi,placement,place=a0.0_p0.5,4,42,215,300,216,716.67
cmdi,placement,place=a0.0_p0.5,5,34,223,300,224,743.33
cmdi,placement,place=a0.0_p0.5,6,32,208,300,209,693.33
cmdi,placement,place=a0.0_p0.5,7,35,218,300,219,726.67
cmdi,placement,place=a0.0_p0.5,8,29,218,300,219,726.67
cmdi,placement,place=a0.0_p0.5,9,29,213,300,214,710.00
cmdi,placement,place=a0.0_p0.5,10,28,214,300,215,713.33
cmdi,placement,place=a0.0_p0.5,11,32,210,300,211,700.00
cmdi,placement,place=a0.0_p0.5,12,27,221,300,222,736.67
cmdi,placement,place=a0.0_p0.5,13,30,218,300,219,726.67
cmdi,placement,place=a0.0_p0.5,14,30,215,300,216,716.67
cmdi,placement,place=a0.0_p0.5,15,35,222,300,223,740.00
cmdi,placement,place=a0.0_p0.5,16,26,220,300,221,733.33
cmdi,placement,place=a0.0_p0.5,17,29,214,300,215,713.33
cmdi,placement,place=a0.0_p0.5,18,30,238,300,239,793.33
cmdi,placement,place=a0.0_p0.5,19,37,223,300,224,743.33
cmdi,placement,place=a0.0_p1.0,0,29,211,300,212,703.33
cmdi,placement,place=a0.0_p1.0,1,31,215,300,216,716.67
cmdi,placement,place=a0.0_p1.0,2,50,221,300,222,736.67
cmdi,placement,place=a0.0_p1.0,3,31,203,300,204,676.67
cmdi,placement,place=a0.0_p1.0,4,46,215,300,216,716.67
cmdi,placement,place=a0.0_p1.0,5,32,223,300,224,743.33
cmdi,placement,place=a0.0_p1.0,6,32,208,300,209,693.33
cmdi,placement,place=a0.0_p1.0,7,29,218,300,219,726.67
cmdi,placement,place=a0.0_p1.0,8,29,218,300,219,726.67
cmdi,placement,place=a0.0_p1.0,9,29,213,300,214,710.00
cmdi,placement,place=a0.0_p1.0,10,28,214,300,215,713.33
cmdi,placement,place=a0.0_p1.0,11,37,210,300,211,700.00
cmdi,placement,place=a0.0_p1.0,12,28,221,300,222,736.67
cmdi,placement,place=a0.0_p1.0,13,30,218,300,219,726.67
cmdi,placement,place=a0.0_p1.0,14,28,215,300,216,716.67
cmdi,placement,place=a0.0_p1.0,15,35,222,300,223,740.00
cmdi,placement,place=a0.0_p1.0,16,29,220,300,221,733.33
cmdi,placement,place=a0.0_p1.0,17,29,214,300,215,713.33
cmdi,placement,place=a0.0_p1.0,18,28,238,300,239,793.33
cmdi,placement,place=a0.0_p1.0,19,34,223,300,224,743.33
cmdi,placement,place=a0.0_p2.0,0,27,211,300,212,703.33
cmdi,placement,place=a0.0_p2.0,1,26,215,300,216,716.67
cmdi,placement,place=a0.0_p2.0,2,31,221,300,222,736.67
cmdi,placement,place=a0.0_p2.0,3,28,203,300,204,676.67
cmdi,placement,place=a0.0_p2.0,4,32,215,300,216,716.67
cmdi,placement,place=a0.0_p2.0,5,30,223,300,224,743.33
cmdi,placement,place=a0.0_p2.0,6,33,208,300,209,693.33
cmdi,placement,place=a0.0_p2.0,7,28,218,300,219,726.67
cmdi,placement,place=a0.0_p2.0,8,29,218,300,219,726.67
cmdi,placement,place=a0.0_p2.0,9,30,213,300,214,710.00
cmdi,placement,place=a0.0_p2.0,10,28,214,300,215,713.33
cmdi,placement,place=a0.0_p2.0,11,32,210,300,211,700.00
cmdi,placement,place=a0.0_p2.0,12,28,221,300,222,736.67
cmdi,placement,place=a0.0_p2.0,13,30,218,300,219,726.67
cmdi,placement,place=a0.0_p2.0,14,27,215,300,216,716.67
cmdi,placement,place=a0.0_p2.0,15,29,222,300,223,740.00
cmdi,placement,place=a0.0_p2.0,16,26,220,300,221,733.33
cmdi,placement,place=a0.0_p2.0,17,31,214,300,215,713.33
cmdi,placement,place=a0.0_p2.0,18,28,238,300,239,793.33
cmdi,placement,place=a0.0_p2.0,19,31,223,300,224,743.33
cmdi,placement,place=a0.0_p4.0,0,27,211,300,212,703.33
cmdi,placement,place=a0.0_p4.0,1,27,215,300,216,716.67
cmdi,placement,place=a0.0_p4.0,2,31,221,300,222,736.67
cmdi,placement,place=a0.0_p4.0,3,26,203,300,204,676.67
cmdi,placement,place=a0.0_p4.0,4,33,215,300,216,716.67
cmdi,placement,place=a0.0_p4.0,5,30,223,300,224,743.33
cmdi,placement,place=a0.0_p4.0,6,28,208,300,209,693.33
cmdi,placement,place=a0.0_p4.0,7,28,218,300,219,726.67
cmdi,placement,place=a0.0_p4.0,8,29,218,300,219,726.67
cmdi,placement,place=a0.0_p4.0,9,29,213,300,214,710.00
cmdi,placement,place=a0.0_p4.0,10,34,214,300,215,713.33
cmdi,placement,place=a0.0_p4.0,11,44,210,300,211,700.00
cmdi,placement,place=a0.0_p4.0,12,27,221,300,222,736.67
cmdi,placement,place=a0.0_p4.0,13,30,218,300,219,726.67
cmdi,placement,place=a0.0_p4.0,14,37,215,300,216,716.67
cmdi,placement,place=a0.0_p4.0,15,37,222,300,223,740.00
cmdi,placement,place=a0.0_p4.0,16,26,220,300,221,733.33
cmdi,placement,place=a0.0_p4.0,17,34,214,300,215,713.33
cmdi,placement,place=a0.0_p4.0,18,33,238,300,239,793.33
cmdi,placement,place=a0.0_p4.0,19,32,223,300,224,743.33
cmdi,placement,place=a0.5_p0.0,0,30,293,300,294,976.67
cmdi,placement,place=a0.5_p0.0,1,29,293,300,294,976.67
cmdi,placement,place=a0.5_p0.0,2,34,293,300,294,976.67
cmdi,placement,place=a0.5_p0.0,3,31,291,300,292,970.00
cmdi,placement,place=a0.5_p0.0,4,27,291,300,292,970.00
cmdi,placement,place=a0.5_p0.0,5,30,295,300,296,983.33
cmdi,placement,place=a0.5_p0.0,6,30,293,300,294,976.67
cmdi,placement,place=a0.5_p0.0,7,28,291,300,292,970.00
cmdi,placement,place=a0.5_p0.0,8,33,290,300,291,966.67
cmdi,placement,place=a0.5_p0.0,9,31,290,300,291,966.67
cmdi,placement,place=a0.5_p0.0,10,28,289,300,290,963.33
cmdi,placement,place=a0.5_p0.0,11,31,290,300,291,966.67
cmdi,placement,place=a0.5_p0.0,12,35,296,300,297,986.67
cmdi,placement,place=a0.5_p0.0,13,32,295,300,296,983.33
cmdi,placement,place=a0.5_p0.0,14,27,295,300,296,983.33
cmdi,placement,place=a0.5_p0.0,15,30,296,300,297,986.67
cmdi,placement,place=a0.5_p0.0,16,28,289,300,290,963.33
cmdi,placement,place=a0.5_p0.0,17,28,290,300,291,966.67
cmdi,placement,place=a0.5_p0.0,18,35,291,300,292,970.00
cmdi,placement,place=a0.5_p0.0,19,33,292,300,293,973.33
cmdi,placement,place=a0.5_p0.5,0,29,252,300,253,840.00
cmdi,placement,place=a0.5_p0.5,1,35,258,300,259,860.00
cmdi,placement,place=a0.5_p0.5,2,35,264,300,265,880.00
cmdi,placement,place=a0.5_p0.5,3,28,245,300,246,816.67
cmdi,placement,place=a0.5_p0.5,4,30,256,300,257,853.33
cmdi,placement,place=a0.5_p0.5,5,29,259,300,260,863.33
cmdi,placement,place=a0.5_p0.5,6,30,235,300,236,783.33
cmdi,placement,place=a0.5_p0.5,7,31,260,300,261,866.67
cmdi,placement,place=a0.5_p0.5,8,29,245,300,246,816.67
cmdi,placement,place=a0.5_p0.5,9,34,250,300,251,833.33
cmdi,placement,place=a0.5_p0.5,10,27,262,300,263,873.33
cmdi,placement,place=a0.5_p0.5,11,29,252,300,253,840.00
cmdi,placement,place=a0.5_p0.5,12,27,260,300,261,866.67
cmdi,placement,place=a0.5_p0.5,13,29,245,300,246,816.67
cmdi,placement,place=a0.5_p0.5,14,29,243,300,244,810.00
cmdi,placement,place=a0.5_p0.5,15,43,256,300,257,853.33
cmdi,placement,place=a0.5_p0.5,16,35,244,300,245,813.33
cmdi,placement,place=a0.5_p0.5,17,27,242,300,243,806.67
cmdi,placement,place=a0.5_p0.5,18,29,252,300,253,840.00
cmdi,placement,place=a0.5_p0.5,19,37,261,300,262,870.00
cmdi,placement,place=a0.5_p1.0,0,37,228,300,229,760.00
cmdi,placement,place=a0.5_p1.0,1,33,242,300,242,806.67
cmdi,placement,place=a0.5_p1.0,2,39,241,300,242,803.33
cmdi,placement,place=a0.5_p1.0,3,31,229,300,230,763.33
cmdi,placement,place=a0.5_p1.0,4,41,240,300,241,800.00
cmdi,placement,place=a0.5_p1.0,5,45,240,300,241,800.00
cmdi,placement,place=a0.5_p1.0,6,35,238,300,239,793.33
cmdi,placement,place=a0.5_p1.0,7,29,245,300,245,816.67
cmdi,placement,place=a0.5_p1.0,8,28,248,300,249,826.67
cmdi,placement,place=a0.5_p1.0,9,29,249,300,250,830.00
cmdi,placement,place=a0.5_p1.0,10,29,235,300,236,783.33
cmdi,placement,place=a0.5_p1.0,11,33,245,300,245,816.67
cmdi,placement,place=a0.5_p1.0,12,28,255,300,256,850.00
cmdi,placement,place=a0.5_p1.0,13,30,235,300,236,783.33
cmdi,placement,place=a0.5_p1.0,14,30,239,300,240,796.67
cmdi,placement,place=a0.5_p1.0,15,30,227,300,228,756.67
cmdi,placement,place=a0.5_p1.0,16,28,243,300,244,810.00
cmdi,placement,place=a0.5_p1.0,17,29,244,300,245,813.33
cmdi,placement,place=a0.5_p1.0,18,28,259,300,260,863.33
cmdi,placement,place=a0.5_p1.0,19,28,248,300,249,826.67
cmdi,placement,place=a0.5_p2.0,0,31,244,300,245,813.33
cmdi,placement,place=a0.5_p2.0,1,26,226,300,227,753.33
cmdi,placement,place=a0.5_p2.0,2,30,232,300,232,773.33
cmdi,placement,place=a0.5_p2.0,3,31,230,300,231,766.67
cmdi,placement,place=a0.5_p2.0,4,30,236,300,237,786.67
cmdi,placement,place=a0.5_p2.0,5,28,234,300,235,780.00
cmdi,placement,place=a0.5_p2.0,6,27,231,300,232,770.00
cmdi,placement,place=a0.5_p2.0,7,32,233,300,234,776.67
cmdi,placement,place=a0.5_p2.0,8,28,224,300,225,746.67
cmdi,placement,place=a0.5_p2.0,9,30,237,300,238,790.00
cmdi,placement,place=a0.5_p2.0,10,28,218,300,219,726.67
cmdi,placement,place=a0.5_p2.0,11,30,223,300,224,743.33
cmdi,placement,place=a0.5_p2.0,12,29,238,300,239,793.33
cmdi,placement,place=a0.5_p2.0,13,28,232,300,233,773.33
cmdi,placement,place=a0.5_p2.0,14,29,229,300,230,763.33
cmdi,placement,place=a0.5_p2.0,15,30,234,300,235,780.00
cmdi,placement,place=a0.5_p2.0,16,28,225,300,226,750.00
cmdi,placement,place=a0.5_p2.0,17,27,227,300,228,756.67
cmdi,placement,place=a0.5_p2.0,18,36,239,300,240,796.67
cmdi,placement,place=a0.5_p2.0,19,31,240,300,241,800.00
cmdi,placement,place=a0.5_p4.0,0,29,218,300,219,726.67
cmdi,placement,place=a0.5_p4.0,1,35,228,300,229,760.00
cmdi,placement,place=a0.5_p4.0,2,37,230,300,231,766.67
cmdi,placement,place=a0.5_p4.0,3,29,212,300,213,706.67
cmdi,placement,place=a0.5_p4.0,4,34,225,300,226,750.00
cmdi,placement,place=a0.5_p4.0,5,35,235,300,236,783.33
cmdi,placement,place=a0.5_p4.0,6,27,229,300,230,763.33
cmdi,placement,place=a0.5_p4.0,7,29,232,300,233,773.33
cmdi,placement,place=a0.5_p4.0,8,31,214,300,215,713.33
cmdi,placement,place=a0.5_p4.0,9,30,217,300,218,723.33
cmdi,placement,place=a0.5_p4.0,10,30,216,300,217,720.00
cmdi,placement,place=a0.5_p4.0,11,33,223,300,224,743.33
cmdi,placement,place=a0.5_p4.0,12,38,242,300,243,806.67
cmdi,placement,place=a0.5_p4.0,13,32,230,300,231,766.67
cmdi,placement,place=a0.5_p4.0,14,29,211,300,212,703.33
cmdi,placement,place=a0.5_p4.0,15,31,224,300,225,746.67
cmdi,placement,place=a0.5_p4.0,16,29,216,300,217,720.00
cmdi,placement,place=a0.5_p4.0,17,29,222,300,223,740.00
cmdi,placement,place=a0.5_p4.0,18,28,231,300,232,770.00
cmdi,placement,place=a0.5_p4.0,19,37,238,300,239,793.33
cmdi,placement,place=a1.0_p0.0,0,32,293,300,294,976.67
cmdi,placement,place=a1.0_p0.0,1,29,293,300,294,976.67
cmdi,placement,place=a1.0_p0.0,2,39,293,300,294,976.67
cmdi,placement,place=a1.0_p0.0,3,33,291,300,292,970.00
cmdi,placement,place=a1.0_p0.0,4,28,291,300,292,970.00
cmdi,placement,place=a1.0_p0.0,5,35,295,300,296,983.33
cmdi,placement,place=a1.0_p0.0,6,31,293,300,294,976.67
cmdi,placement,place=a1.0_p0.0,7,28,291,300,292,970.00
cmdi,placement,place=a1.0_p0.0,8,36,290,300,291,966.67
cmdi,placement,place=a1.0_p0.0,9,30,290,300,291,966.67
cmdi,placement,place=a1.0_p0.0,10,28,289,300,290,963.33
cmdi,placement,place=a1.0_p0.0,11,33,290,300,291,966.67
cmdi,placement,place=a1.0_p0.0,12,29,296,300,297,986.67
cmdi,placement,place=a1.0_p0.0,13,30,295,300,296,983.33
cmdi,placement,place=a1.0_p0.0,14,32,295,300,296,983.33
cmdi,placement,place=a1.0_p0.0,15,36,296,300,297,986.67
cmdi,placement,place=a1.0_p0.0,16,28,289,300,290,963.33
cmdi,placement,place=a1.0_p0.0,17,29,290,300,291,966.67
cmdi,placement,place=a1.0_p0.0,18,32,291,300,292,970.00
cmdi,placement,place=a1.0_p0.0,19,30,292,300,293,973.33
cmdi,placement,place=a1.0_p0.5,0,31,259,300,260,863.33
cmdi,placement,place=a1.0_p0.5,1,27,260,300,261,866.67
cmdi,placement,place=a1.0_p0.5,2,32,277,300,278,923.33
cmdi,placement,place=a1.0_p0.5,3,29,257,300,258,856.67
cmdi,placement,place=a1.0_p0.5,4,27,272,300,273,906.67
cmdi,placement,place=a1.0_p0.5,5,39,263,300,264,876.67
cmdi,placement,place=a1.0_p0.5,6,33,262,300,263,873.33
cmdi,placement,place=a1.0_p0.5,7,28,267,300,268,890.00
cmdi,placement,place=a1.0_p0.5,8,26,269,300,270,896.67
cmdi,placement,place=a1.0_p0.5,9,38,261,300,262,870.00
cmdi,placement,place=a1.0_p0.5,10,29,256,300,257,853.33
cmdi,placement,place=a1.0_p0.5,11,36,274,300,275,913.33
cmdi,placement,place=a1.0_p0.5,12,33,271,300,272,903.33
cmdi,placement,place=a1.0_p0.5,13,30,273,300,274,910.00
cmdi,placement,place=a1.0_p0.5,14,33,262,300,263,873.33
cmdi,placement,place=a1.0_p0.5,15,38,263,300,264,876.67
cmdi,placement,place=a1.0_p0.5,16,34,266,300,267,886.67
cmdi,placement,place=a1.0_p0.5,17,30,268,300,269,893.33
cmdi,placement,place=a1.0_p0.5,18,32,270,300,271,900.00
cmdi,placement,place=a1.0_p0.5,19,28,275,300,276,916.67
cmdi,placement,place=a1.0_p1.0,0,29,252,300,253,840.00
cmdi,placement,place=a1.0_p1.0,1,35,258,300,259,860.00
cmdi,placement,place=a1.0_p1.0,2,35,264,300,265,880.00
cmdi,placement,place=a1.0_p1.0,3,28,245,300,246,816.67
cmdi,placement,place=a1.0_p1.0,4,29,256,300,257,853.33
cmdi,placement,place=a1.0_p1.0,5,28,259,300,260,863.33
cmdi,placement,place=a1.0_p1.0,6,30,235,300,236,783.33
cmdi,placement,place=a1.0_p1.0,7,31,260,300,261,866.67
cmdi,placement,place=a1.0_p1.0,8,29,245,300,246,816.67
cmdi,placement,place=a1.0_p1.0,9,38,250,300,251,833.33
cmdi,placement,place=a1.0_p1.0,10,27,262,300,263,873.33
cmdi,placement,place=a1.0_p1.0,11,29,252,300,253,840.00
cmdi,placement,place=a1.0_p1.0,12,27,260,300,261,866.67
cmdi,placement,place=a1.0_p1.0,13,29,245,300,246,816.67
cmdi,placement,place=a1.0_p1.0,14,30,243,300,244,810.00
cmdi,placement,place=a1.0_p1.0,15,32,256,300,257,853.33
cmdi,placement,place=a1.0_p1.0,16,39,244,300,245,813.33
cmdi,placement,place=a1.0_p1.0,17,31,242,300,243,806.67
cmdi,placement,place=a1.0_p1.0,18,29,252,300,253,840.00
cmdi,placement,place=a1.0_p1.0,19,33,261,300,262,870.00
cmdi,placement,place=a1.0_p2.0,0,33,228,300,229,760.00
cmdi,placement,place=a1.0_p2.0,1,33,242,300,242,806.67
cmdi,placement,place=a1.0_p2.0,2,33,241,300,242,803.33
cmdi,placement,place=a1.0_p2.0,3,27,229,300,230,763.33
cmdi,placement,place=a1.0_p2.0,4,28,240,300,241,800.00
cmdi,placement,place=a1.0_p2.0,5,29,240,300,241,800.00
cmdi,placement,place=a1.0_p2.0,6,33,238,300,239,793.33
cmdi,placement,place=a1.0_p2.0,7,31,245,300,245,816.67
cmdi,placement,place=a1.0_p2.0,8,28,248,300,249,826.67
cmdi,placement,place=a1.0_p2.0,9,39,249,300,250,830.00
cmdi,placement,place=a1.0_p2.0,10,41,235,300,236,783.33
cmdi,placement,place=a1.0_p2.0,11,34,245,300,245,816.67
cmdi,placement,place=a1.0_p2.0,12,34,255,300,256,850.00
cmdi,placement,place=a1.0_p2.0,13,38,235,300,236,783.33
cmdi,placement,place=a1.0_p2.0,14,33,239,300,240,796.67
cmdi,placement,place=a1.0_p2.0,15,42,227,300,228,756.67
cmdi,placement,place=a1.0_p2.0,16,32,243,300,244,810.00
cmdi,placement,place=a1.0_p2.0,17,29,244,300,245,813.33
cmdi,placement,place=a1.0_p2.0,18,32,259,300,260,863.33
cmdi,placement,place=a1.0_p2.0,19,34,248,300,249,826.67
cmdi,placement,place=a1.0_p4.0,0,32,244,300,245,813.33
cmdi,placement,place=a1.0_p4.0,1,26,226,300,227,753.33
cmdi,placement,place=a1.0_p4.0,2,33,232,300,232,773.33
cmdi,placement,place=a1.0_p4.0,3,27,230,300,231,766.67
cmdi,placement,place=a1.0_p4.0,4,29,236,300,237,786.67
cmdi,placement,place=a1.0_p4.0,5,28,234,300,235,780.00
cmdi,placement,place=a1.0_p4.0,6,28,231,300,232,770.00
cmdi,placement,place=a1.0_p4.0,7,31,233,300,234,776.67
cmdi,placement,place=a1.0_p4.0,8,27,224,300,225,746.67
cmdi,placement,place=a1.0_p4.0,9,30,237,300,238,790.00
cmdi,placement,place=a1.0_p4.0,10,28,218,300,219,726.67
cmdi,placement,place=a1.0_p4.0,11,30,223,300,224,743.33
cmdi,placement,place=a1.0_p4.0,12,33,238,300,239,793.33
cmdi,placement,place=a1.0_p4.0,13,29,232,300,233,773.33
cmdi,placement,place=a1.0_p4.0,14,30,229,300,230,763.33
cmdi,placement,place=a1.0_p4.0,15,30,234,300,235,780.00
cmdi,placement,place=a1.0_p4.0,16,31,225,300,226,750.00
cmdi,placement,place=a1.0_p4.0,17,28,227,300,228,756.67
cmdi,placement,place=a1.0_p4.0,18,29,239,300,240,796.67
cmdi,placement,place=a1.0_p4.0,19,29,240,300,241,800.00
cmdi,placement,place=a2.0_p0.0,0,43,293,300,294,976.67
cmdi,placement,place=a2.0_p0.0,1,29,293,300,294,976.67
cmdi,placement,place=a2.0_p0.0,2,29,293,300,294,976.67
cmdi,placement,place=a2.0_p0.0,3,31,291,300,292,970.00
cmdi,placement,place=a2.0_p0.0,4,29,291,300,292,970.00
cmdi,placement,place=a2.0_p0.0,5,32,295,300,296,983.33
cmdi,placement,place=a2.0_p0.0,6,38,293,300,294,976.67
cmdi,placement,place=a2.0_p0.0,7,31,291,300,292,970.00
cmdi,placement,place=a2.0_p0.0,8,28,290,300,291,966.67
cmdi,placement,place=a2.0_p0.0,9,28,290,300,291,966.67
cmdi,placement,place=a2.0_p0.0,10,29,289,300,290,963.33
cmdi,placement,place=a2.0_p0.0,11,31,290,300,291,966.67
cmdi,placement,place=a2.0_p0.0,12,29,296,300,297,986.67
cmdi,placement,place=a2.0_p0.0,13,41,295,300,296,983.33
cmdi,placement,place=a2.0_p0.0,14,34,295,300,296,983.33
cmdi,placement,place=a2.0_p0.0,15,29,296,300,297,986.67
cmdi,placement,place=a2.0_p0.0,16,35,289,300,290,963.33
cmdi,placement,place=a2.0_p0.0,17,32,290,300,291,966.67
cmdi,placement,place=a2.0_p0.0,18,31,291,300,292,970.00
cmdi,placement,place=a2.0_p0.0,19,39,292,300,293,973.33
cmdi,placement,place=a2.0_p0.5,0,31,265,300,266,883.33
cmdi,placement,place=a2.0_p0.5,1,30,280,300,281,933.33
cmdi,placement,place=a2.0_p0.5,2,38,283,300,284,943.33
cmdi,placement,place=a2.0_p0.5,3,29,276,300,277,920.00
cmdi,placement,place=a2.0_p0.5,4,34,286,300,286,953.33
cmdi,placement,place=a2.0_p0.5,5,44,278,300,279,926.67
cmdi,placement,place=a2.0_p0.5,6,28,261,300,262,870.00
cmdi,placement,place=a2.0_p0.5,7,28,277,300,278,923.33
cmdi,placement,place=a2.0_p0.5,8,29,282,300,283,940.00
cmdi,placement,place=a2.0_p0.5,9,29,270,300,271,900.00
cmdi,placement,place=a2.0_p0.5,10,28,273,300,274,910.00
cmdi,placement,place=a2.0_p0.5,11,33,285,300,286,950.00
cmdi,placement,place=a2.0_p0.5,12,30,277,300,278,923.33
cmdi,placement,place=a2.0_p0.5,13,30,285,300,286,950.00
cmdi,placement,place=a2.0_p0.5,14,27,266,300,267,886.67
cmdi,placement,place=a2.0_p0.5,15,34,278,300,279,926.67
cmdi,placement,place=a2.0_p0.5,16,36,281,300,282,936.67
cmdi,placement,place=a2.0_p0.5,17,31,276,300,277,920.00
cmdi,placement,place=a2.0_p0.5,18,30,280,300,281,933.33
cmdi,placement,place=a2.0_p0.5,19,29,268,300,269,893.33
cmdi,placement,place=a2.0_p1.0,0,32,259,300,260,863.33
cmdi,placement,place=a2.0_p1.0,1,27,260,300,261,866.67
cmdi,placement,place=a2.0_p1.0,2,38,277,300,278,923.33
cmdi,placement,place=a2.0_p1.0,3,28,257,300,258,856.67
cmdi,placement,place=a2.0_p1.0,4,27,272,300,273,906.67
cmdi,placement,place=a2.0_p1.0,5,30,263,300,264,876.67
cmdi,placement,place=a2.0_p1.0,6,36,262,300,263,873.33
cmdi,placement,place=a2.0_p1.0,7,29,267,300,268,890.00
cmdi,placement,place=a2.0_p1.0,8,27,269,300,270,896.67
cmdi,placement,place=a2.0_p1.0,9,29,261,300,262,870.00
cmdi,placement,place=a2.0_p1.0,10,31,256,300,257,853.33
cmdi,placement,place=a2.0_p1.0,11,33,274,300,275,913.33
cmdi,placement,place=a2.0_p1.0,12,27,271,300,272,903.33
cmdi,placement,place=a2.0_p1.0,13,29,273,300,274,910.00
cmdi,placement,place=a2.0_p1.0,14,30,262,300,263,873.33
cmdi,placement,place=a2.0_p1.0,15,29,263,300,264,876.67
cmdi,placement,place=a2.0_p1.0,16,29,266,300,267,886.67
cmdi,placement,place=a2.0_p1.0,17,40,268,300,269,893.33
cmdi,placement,place=a2.0_p1.0,18,34,270,300,271,900.00
cmdi,placement,place=a2.0_p1.0,19,28,275,300,276,916.67
cmdi,placement,place=a2.0_p2.0,0,38,252,300,253,840.00
cmdi,placement,place=a2.0_p2.0,1,34,258,300,259,860.00
cmdi,placement,place=a2.0_p2.0,2,35,264,300,265,880.00
cmdi,placement,place=a2.0_p2.0,3,41,245,300,246,816.67
cmdi,placement,place=a2.0_p2.0,4,31,256,300,257,853.33
cmdi,placement,place=a2.0_p2.0,5,28,259,300,260,863.33
cmdi,placement,place=a2.0_p2.0,6,39,235,300,236,783.33
cmdi,placement,place=a2.0_p2.0,7,34,260,300,261,866.67
cmdi,placement,place=a2.0_p2.0,8,32,245,300,246,816.67
cmdi,placement,place=a2.0_p2.0,9,41,250,300,251,833.33
cmdi,placement,place=a2.0_p2.0,10,27,262,300,263,873.33
cmdi,placement,place=a2.0_p2.0,11,29,252,300,253,840.00
cmdi,placement,place=a2.0_p2.0,12,28,260,300,261,866.67
cmdi,placement,place=a2.0_p2.0,13,29,245,300,246,816.67
cmdi,placement,place=a2.0_p2.0,14,29,243,300,244,810.00
cmdi,placement,place=a2.0_p2.0,15,32,256,300,257,853.33
cmdi,placement,place=a2.0_p2.0,16,30,244,300,245,813.33
cmdi,placement,place=a2.0_p2.0,17,31,242,300,243,806.67
cmdi,placement,place=a2.0_p2.0,18,29,252,300,253,840.00
cmdi,placement,place=a2.0_p2.0,19,27,261,300,262,870.00
cmdi,placement,place=a2.0_p4.0,0,30,228,300,229,760.00
cmdi,placement,place=a2.0_p4.0,1,32,242,300,242,806.67
cmdi,placement,place=a2.0_p4.0,2,34,241,300,242,803.33
cmdi,placement,place=a2.0_p4.0,3,29,229,300,230,763.33
cmdi,placement,place=a2.0_p4.0,4,28,240,300,241,800.00
cmdi,placement,place=a2.0_p4.0,5,29,240,300,241,800.00
cmdi,placement,place=a2.0_p4.0,6,39,238,300,239,793.33
cmdi,placement,place=a2.0_p4.0,7,30,245,300,245,816.67
cmdi,placement,place=a2.0_p4.0,8,28,248,300,249,826.67
cmdi,placement,place=a2.0_p4.0,9,29,249,300,250,830.00
cmdi,placement,place=a2.0_p4.0,10,29,235,300,236,783.33
cmdi,placement,place=a2.0_p4.0,11,33,245,300,245,816.67
cmdi,placement,place=a2.0_p4.0,12,28,255,300,256,850.00
cmdi,placement,place=a2.0_p4.0,13,30,235,300,236,783.33
cmdi,placement,place=a2.0_p4.0,14,32,239,300,240,796.67
cmdi,placement,place=a2.0_p4.0,15,32,227,300,228,756.67
cmdi,placement,place=a2.0_p4.0,16,30,243,300,244,810.00
cmdi,placement,place=a2.0_p4.0,17,29,244,300,245,813.33
cmdi,placement,place=a2.0_p4.0,18,28,259,300,260,863.33
cmdi,placement,place=a2.0_p4.0,19,28,248,300,249,826.67
cmdi,placement,place=a4.0_p0.0,0,35,293,300,294,976.67
cmdi,placement,place=a4.0_p0.0,1,41,293,300,294,976.67
cmdi,placement,place=a4.0_p0.0,2,33,293,300,294,976.67
cmdi,placement,place=a4.0_p0.0,3,40,291,300,292,970.00
cmdi,placement,place=a4.0_p0.0,4,37,291,300,292,970.00
cmdi,placement,place=a4.0_p0.0,5,29,295,300,296,983.33
cmdi,placement,place=a4.0_p0.0,6,31,293,300,294,976.67
cmdi,placement,place=a4.0_p0.0,7,36,291,300,292,970.00
cmdi,placement,place=a4.0_p0.0,8,35,290,300,291,966.67
cmdi,placement,place=a4.0_p0.0,9,28,290,300,291,966.67
cmdi,placement,place=a4.0_p0.0,10,28,289,300,290,963.33
cmdi,placement,place=a4.0_p0.0,11,33,290,300,291,966.67
cmdi,placement,place=a4.0_p0.0,12,34,296,300,297,986.67
cmdi,placement,place=a4.0_p0.0,13,29,295,300,296,983.33
cmdi,placement,place=a4.0_p0.0,14,31,295,300,296,983.33
cmdi,placement,place=a4.0_p0.0,15,32,296,300,297,986.67
cmdi,placement,place=a4.0_p0.0,16,28,289,300,290,963.33
cmdi,placement,place=a4.0_p0.0,17,30,290,300,291,966.67
cmdi,placement,place=a4.0_p0.0,18,32,291,300,292,970.00
cmdi,placement,place=a4.0_p0.0,19,29,292,300,293,973.33
cmdi,placement,place=a4.0_p0.5,0,30,283,300,284,943.33
cmdi,placement,place=a4.0_p0.5,1,29,285,300,286,950.00
cmdi,placement,place=a4.0_p0.5,2,30,288,300,289,960.00
cmdi,placement,place=a4.0_p0.5,3,28,281,300,282,936.67
cmdi,placement,place=a4.0_p0.5,4,27,286,300,286,953.33
cmdi,placement,place=a4.0_p0.5,5,30,285,300,286,950.00
cmdi,placement,place=a4.0_p0.5,6,29,274,300,275,913.33
cmdi,placement,place=a4.0_p0.5,7,29,277,300,278,923.33
cmdi,placement,place=a4.0_p0.5,8,28,288,300,289,960.00
cmdi,placement,place=a4.0_p0.5,9,30,273,300,274,910.00
cmdi,placement,place=a4.0_p0.5,10,31,284,300,284,946.67
cmdi,placement,place=a4.0_p0.5,11,35,286,300,287,953.33
cmdi,placement,place=a4.0_p0.5,12,30,284,300,285,946.67
cmdi,placement,place=a4.0_p0.5,13,32,289,300,290,963.33
cmdi,placement,place=a4.0_p0.5,14,27,290,300,291,966.67
cmdi,placement,place=a4.0_p0.5,15,34,286,300,287,953.33
cmdi,placement,place=a4.0_p0.5,16,30,286,300,287,953.33
cmdi,placement,place=a4.0_p0.5,17,28,288,300,289,960.00
cmdi,placement,place=a4.0_p0.5,18,28,288,300,289,960.00
cmdi,placement,place=a4.0_p0.5,19,30,284,300,285,946.67
cmdi,placement,place=a4.0_p1.0,0,30,265,300,266,883.33
cmdi,placement,place=a4.0_p1.0,1,33,280,300,281,933.33
cmdi,placement,place=a4.0_p1.0,2,30,283,300,284,943.33
cmdi,placement,place=a4.0_p1.0,3,29,276,300,277,920.00
cmdi,placement,place=a4.0_p1.0,4,27,286,300,286,953.33
cmdi,placement,place=a4.0_p1.0,5,33,278,300,279,926.67
cmdi,placement,place=a4.0_p1.0,6,39,261,300,262,870.00
cmdi,placement,place=a4.0_p1.0,7,39,277,300,278,923.33
cmdi,placement,place=a4.0_p1.0,8,37,282,300,283,940.00
cmdi,placement,place=a4.0_p1.0,9,40,270,300,271,900.00
cmdi,placement,place=a4.0_p1.0,10,29,273,300,274,910.00
cmdi,placement,place=a4.0_p1.0,11,43,285,300,286,950.00
cmdi,placement,place=a4.0_p1.0,12,41,277,300,278,923.33
cmdi,placement,place=a4.0_p1.0,13,41,285,300,286,950.00
cmdi,placement,place=a4.0_p1.0,14,31,266,300,267,886.67
cmdi,placement,place=a4.0_p1.0,15,29,278,300,279,926.67
cmdi,placement,place=a4.0_p1.0,16,29,281,300,282,936.67
cmdi,placement,place=a4.0_p1.0,17,29,276,300,277,920.00
cmdi,placement,place=a4.0_p1.0,18,30,280,300,281,933.33
cmdi,placement,place=a4.0_p1.0,19,29,268,300,269,893.33
cmdi,placement,place=a4.0_p2.0,0,32,259,300,260,863.33
cmdi,placement,place=a4.0_p2.0,1,27,260,300,261,866.67
cmdi,placement,place=a4.0_p2.0,2,31,277,300,278,923.33
cmdi,placement,place=a4.0_p2.0,3,30,257,300,258,856.67
cmdi,placement,place=a4.0_p2.0,4,30,272,300,273,906.67
cmdi,placement,place=a4.0_p2.0,5,31,263,300,264,876.67
cmdi,placement,place=a4.0_p2.0,6,28,262,300,263,873.33
cmdi,placement,place=a4.0_p2.0,7,27,267,300,268,890.00
cmdi,placement,place=a4.0_p2.0,8,26,269,300,270,896.67
cmdi,placement,place=a4.0_p2.0,9,30,261,300,262,870.00
cmdi,placement,place=a4.0_p2.0,10,27,256,300,257,853.33
cmdi,placement,place=a4.0_p2.0,11,32,274,300,275,913.33
cmdi,placement,place=a4.0_p2.0,12,27,271,300,272,903.33
cmdi,placement,place=a4.0_p2.0,13,28,273,300,274,910.00
cmdi,placement,place=a4.0_p2.0,14,29,262,300,263,873.33
cmdi,placement,place=a4.0_p2.0,15,29,263,300,264,876.67
cmdi,placement,place=a4.0_p2.0,16,29,266,300,267,886.67
cmdi,placement,place=a4.0_p2.0,17,29,268,300,269,893.33
cmdi,placement,place=a4.0_p2.0,18,28,270,300,271,900.00
cmdi,placement,place=a4.0_p2.0,19,27,275,300,276,916.67
cmdi,placement,place=a4.0_p4.0,0,29,252,300,253,840.00
cmdi,placement,place=a4.0_p4.0,1,33,258,300,259,860.00
cmdi,placement,place=a4.0_p4.0,2,37,264,300,265,880.00
cmdi,placement,place=a4.0_p4.0,3,29,245,300,246,816.67
cmdi,placement,place=a4.0_p4.0,4,30,256,300,257,853.33
cmdi,placement,place=a4.0_p4.0,5,28,259,300,260,863.33
cmdi,placement,place=a4.0_p4.0,6,32,235,300,236,783.33
cmdi,placement,place=a4.0_p4.0,7,37,260,300,261,866.67
cmdi,placement,place=a4.0_p4.0,8,30,245,300,246,816.67
cmdi,placement,place=a4.0_p4.0,9,43,250,300,251,833.33
cmdi,placement,place=a4.0_p4.0,10,29,262,300,263,873.33
cmdi,placement,place=a4.0_p4.0,11,29,252,300,253,840.00
cmdi,placement,place=a4.0_p4.0,12,35,260,300,261,866.67
cmdi,placement,place=a4.0_p4.0,13,33,245,300,246,816.67
cmdi,placement,place=a4.0_p4.0,14,33,243,300,244,810.00
cmdi,placement,place=a4.0_p4.0,15,32,256,300,257,853.33
cmdi,placement,place=a4.0_p4.0,16,40,244,300,245,813.33
cmdi,placement,place=a4.0_p4.0,17,32,242,300,243,806.67
cmdi,placement,place=a4.0_p4.0,18,35,252,300,253,840.00
cmdi,placement,place=a4.0_p4.0,19,35,261,300,262,870.00
cmdi,placement,place=default,0,33,250,300,251,833.33
cmdi,placement,place=default,1,37,260,300,261,866.67
cmdi,placement,place=default,2,36,263,300,264,876.67
cmdi,placement,place=default,3,28,252,300,253,840.00
cmdi,placement,place=default,4,28,260,300,261,866.67
cmdi,placement,place=default,5,33,259,300,260,863.33
cmdi,placement,place=default,6,33,253,300,254,843.33
cmdi,placement,place=default,7,29,263,300,264,876.67
cmdi,placement,place=default,8,28,236,300,237,786.67
cmdi,placement,place=default,9,32,256,300,257,853.33
cmdi,placement,place=default,10,31,249,300,250,830.00
cmdi,placement,place=default,11,28,254,300,255,846.67
cmdi,placement,place=default,12,28,268,300,269,893.33
cmdi,placement,place=default,13,31,249,300,250,830.00
cmdi,placement,place=default,14,30,247,300,248,823.33
cmdi,placement,place=default,15,32,251,300,252,836.67
cmdi,placement,place=default,16,29,251,300,252,836.67
cmdi,placement,place=default,17,31,253,300,254,843.33
cmdi,placement,place=default,18,35,258,300,259,860.00
cmdi,placement,place=default,19,33,265,300,266,883.33
cmdi,placement,place=wrap,0,32,225,300,226,750.00
cmdi,placement,place=wrap,1,36,226,300,227,753.33
cmdi,placement,place=wrap,2,33,217,300,218,723.33
cmdi,placement,place=wrap,3,33,216,300,217,720.00
cmdi,placement,place=wrap,4,44,221,300,222,736.67
cmdi,placement,place=wrap,5,41,230,300,231,766.67
cmdi,placement,place=wrap,6,39,216,300,217,720.00
cmdi,placement,place=wrap,7,42,227,300,228,756.67
cmdi,placement,place=wrap,8,35,220,300,221,733.33
cmdi,placement,place=wrap,9,32,219,300,220,730.00
cmdi,placement,place=wrap,10,34,222,300,223,740.00
cmdi,placement,place=wrap,11,38,222,300,223,740.00
cmdi,placement,place=wrap,12,31,233,300,234,776.67
cmdi,placement,place=wrap,13,32,215,300,216,716.67
cmdi,placement,place=wrap,14,34,215,300,216,716.67
cmdi,placement,place=wrap,15,36,213,300,214,710.00
cmdi,placement,place=wrap,16,39,225,300,226,750.00
cmdi,placement,place=wrap,17,38,214,300,215,713.33
cmdi,placement,place=wrap,18,42,216,300,217,720.00
cmdi,placement,place=wrap,19,46,223,300,224,743.33
cmdi,placement,place=wrap+b,0,39,246,300,247,820.00
cmdi,placement,place=wrap+b,1,35,254,300,255,846.67
cmdi,placement,place=wrap+b,2,38,259,300,260,863.33
cmdi,placement,place=wrap+b,3,39,249,300,250,830.00
cmdi,placement,place=wrap+b,4,32,265,300,266,883.33
cmdi,placement,place=wrap+b,5,35,264,300,265,880.00
cmdi,placement,place=wrap+b,6,32,254,300,255,846.67
cmdi,placement,place=wrap+b,7,29,261,300,262,870.00
cmdi,placement,place=wrap+b,8,33,244,300,244,813.33
cmdi,placement,place=wrap+b,9,38,241,300,242,803.33
cmdi,placement,place=wrap+b,10,32,245,300,246,816.67
cmdi,placement,place=wrap+b,11,37,262,300,263,873.33
cmdi,placement,place=wrap+b,12,30,262,300,263,873.33
cmdi,placement,place=wrap+b,13,33,253,300,254,843.33
cmdi,placement,place=wrap+b,14,35,259,300,260,863.33
cmdi,placement,place=wrap+b,15,36,255,300,256,850.00
cmdi,placement,place=wrap+b,16,31,255,300,256,850.00
cmdi,placement,place=wrap+b,17,32,257,300,258,856.67
cmdi,placement,place=wrap+b,18,34,254,300,255,846.67
cmdi,placement,place=wrap+b,19,33,269,300,270,896.67
cmdi,ops,ops=1,0,32,263,300,264,876.67
cmdi,ops,ops=1,1,28,257,300,258,856.67
cmdi,ops,ops=1,2,29,271,300,272,903.33
cmdi,ops,ops=1,3,27,262,300,263,873.33
cmdi,ops,ops=1,4,28,267,300,268,890.00
cmdi,ops,ops=1,5,28,267,300,268,890.00
cmdi,ops,ops=1,6,27,270,300,271,900.00
cmdi,ops,ops=1,7,31,273,300,273,910.00
cmdi,ops,ops=1,8,27,259,300,260,863.33
cmdi,ops,ops=1,9,27,269,300,270,896.67
cmdi,ops,ops=1,10,26,259,300,260,863.33
cmdi,ops,ops=1,11,34,257,300,257,856.67
cmdi,ops,ops=1,12,26,268,300,268,893.33
cmdi,ops,ops=1,13,27,266,300,267,886.67
cmdi,ops,ops=1,14,32,264,300,264,880.00
cmdi,ops,ops=1,15,28,259,300,259,863.33
cmdi,ops,ops=1,16,31,257,300,258,856.67
cmdi,ops,ops=1,17,27,263,300,264,876.67
cmdi,ops,ops=1,18,31,263,300,264,876.67
cmdi,ops,ops=1,19,27,263,300,264,876.67
cmdi,ops,ops=2,0,36,256,300,257,853.33
cmdi,ops,ops=2,1,41,254,300,254,846.67
cmdi,ops,ops=2,2,34,265,300,266,883.33
cmdi,ops,ops=2,3,30,252,300,253,840.00
cmdi,ops,ops=2,4,31,269,300,270,896.67
cmdi,ops,ops=2,5,37,263,300,263,876.67
cmdi,ops,ops=2,6,28,264,300,265,880.00
cmdi,ops,ops=2,7,37,265,300,266,883.33
cmdi,ops,ops=2,8,44,268,300,269,893.33
cmdi,ops,ops=2,9,30,262,300,263,873.33
cmdi,ops,ops=2,10,27,252,300,253,840.00
cmdi,ops,ops=2,11,34,261,300,262,870.00
cmdi,ops,ops=2,12,34,270,300,271,900.00
cmdi,ops,ops=2,13,29,261,300,262,870.00
cmdi,ops,ops=2,14,31,257,300,257,856.67
cmdi,ops,ops=2,15,31,257,300,258,856.67
cmdi,ops,ops=2,16,30,254,300,255,846.67
cmdi,ops,ops=2,17,27,253,300,254,843.33
cmdi,ops,ops=2,18,35,255,300,256,850.00
cmdi,ops,ops=2,19,29,258,300,259,860.00
cmdi,ops,ops=4,0,33,250,300,251,833.33
cmdi,ops,ops=4,1,39,260,300,261,866.67
cmdi,ops,ops=4,2,38,263,300,264,876.67
cmdi,ops,ops=4,3,29,252,300,253,840.00
cmdi,ops,ops=4,4,32,260,300,261,866.67
cmdi,ops,ops=4,5,40,259,300,260,863.33
cmdi,ops,ops=4,6,29,253,300,254,843.33
cmdi,ops,ops=4,7,29,263,300,264,876.67
cmdi,ops,ops=4,8,36,236,300,237,786.67
cmdi,ops,ops=4,9,34,256,300,257,853.33
cmdi,ops,ops=4,10,32,249,300,250,830.00
cmdi,ops,ops=4,11,29,254,300,255,846.67
cmdi,ops,ops=4,12,29,268,300,269,893.33
cmdi,ops,ops=4,13,30,249,300,250,830.00
cmdi,ops,ops=4,14,30,247,300,248,823.33
cmdi,ops,ops=4,15,34,251,300,252,836.67
cmdi,ops,ops=4,16,30,251,300,252,836.67
cmdi,ops,ops=4,17,31,253,300,254,843.33
cmdi,ops,ops=4,18,39,258,300,259,860.00
cmdi,ops,ops=4,19,41,265,300,266,883.33
cmdi,ops,ops=8,0,37,241,300,242,803.33
cmdi,ops,ops=8,1,31,240,300,241,800.00
cmdi,ops,ops=8,2,35,256,300,257,853.33
cmdi,ops,ops=8,3,31,236,300,237,786.67
cmdi,ops,ops=8,4,30,234,300,235,780.00
cmdi,ops,ops=8,5,39,255,300,256,850.00
cmdi,ops,ops=8,6,39,240,300,241,800.00
cmdi,ops,ops=8,7,34,252,300,253,840.00
cmdi,ops,ops=8,8,43,256,300,257,853.33
cmdi,ops,ops=8,9,43,248,300,249,826.67
cmdi,ops,ops=8,10,36,246,300,247,820.00
cmdi,ops,ops=8,11,48,247,300,248,823.33
cmdi,ops,ops=8,12,35,256,300,257,853.33
cmdi,ops,ops=8,13,39,240,300,241,800.00
cmdi,ops,ops=8,14,40,237,300,238,790.00
cmdi,ops,ops=8,15,30,232,300,233,773.33
cmdi,ops,ops=8,16,30,228,300,229,760.00
cmdi,ops,ops=8,17,35,259,300,260,863.33
cmdi,ops,ops=8,18,30,250,300,251,833.33
cmdi,ops,ops=8,19,29,248,300,249,826.67
cmdi,ops,ops=16,0,70,233,300,234,776.67
cmdi,ops,ops=16,1,32,225,300,226,750.00
cmdi,ops,ops=16,2,43,249,300,250,830.00
cmdi,ops,ops=16,3,33,224,300,225,746.67
cmdi,ops,ops=16,4,49,243,300,244,810.00
cmdi,ops,ops=16,5,33,225,300,226,750.00
cmdi,ops,ops=16,6,42,216,300,217,720.00
cmdi,ops,ops=16,7,39,227,300,228,756.67
cmdi,ops,ops=16,8,33,235,300,236,783.33
cmdi,ops,ops=16,9,35,229,300,230,763.33
cmdi,ops,ops=16,10,34,234,300,235,780.00
cmdi,ops,ops=16,11,32,231,300,232,770.00
cmdi,ops,ops=16,12,34,244,300,245,813.33
cmdi,ops,ops=16,13,29,220,300,221,733.33
cmdi,ops,ops=16,14,36,234,300,235,780.00
cmdi,ops,ops=16,15,45,235,300,236,783.33
cmdi,ops,ops=16,16,33,232,300,233,773.33
cmdi,ops,ops=16,17,59,248,300,249,826.67
cmdi,ops,ops=16,18,31,230,300,231,766.67
cmdi,ops,ops=16,19,41,232,300,233,773.33
cmdi,feedback,fb=default,0,44,250,300,251,833.33
cmdi,feedback,fb=default,1,37,260,300,261,866.67
cmdi,feedback,fb=default,2,35,263,300,264,876.67
cmdi,feedback,fb=default,3,29,252,300,253,840.00
cmdi,feedback,fb=default,4,28,260,300,261,866.67
cmdi,feedback,fb=default,5,31,259,300,260,863.33
cmdi,feedback,fb=default,6,28,253,300,254,843.33
cmdi,feedback,fb=default,7,28,263,300,264,876.67
cmdi,feedback,fb=default,8,31,236,300,237,786.67
cmdi,feedback,fb=default,9,35,256,300,257,853.33
cmdi,feedback,fb=default,10,31,249,300,250,830.00
cmdi,feedback,fb=default,11,30,254,300,255,846.67
cmdi,feedback,fb=default,12,30,268,300,269,893.33
cmdi,feedback,fb=default,13,30,249,300,250,830.00
cmdi,feedback,fb=default,14,30,247,300,248,823.33
cmdi,feedback,fb=default,15,32,251,300,252,836.67
cmdi,feedback,fb=default,16,29,251,300,252,836.67
cmdi,feedback,fb=default,17,31,253,300,254,843.33
cmdi,feedback,fb=default,18,31,258,300,259,860.00
cmdi,feedback,fb=default,19,32,265,300,266,883.33
cmdi,feedback,fb=flat3,0,33,267,300,268,890.00
cmdi,feedback,fb=flat3,1,28,250,300,251,833.33
cmdi,feedback,fb=flat3,2,27,255,300,256,850.00
cmdi,feedback,fb=flat3,3,28,246,300,247,820.00
cmdi,feedback,fb=flat3,4,30,254,300,255,846.67
cmdi,feedback,fb=flat3,5,30,255,300,256,850.00
cmdi,feedback,fb=flat3,6,30,247,300,248,823.33
cmdi,feedback,fb=flat3,7,40,252,300,253,840.00
cmdi,feedback,fb=flat3,8,27,245,300,246,816.67
cmdi,feedback,fb=flat3,9,29,246,300,247,820.00
cmdi,feedback,fb=flat3,10,35,251,300,252,836.67
cmdi,feedback,fb=flat3,11,32,261,300,262,870.00
cmdi,feedback,fb=flat3,12,31,255,300,256,850.00
cmdi,feedback,fb=flat3,13,31,264,300,265,880.00
cmdi,feedback,fb=flat3,14,36,247,300,248,823.33
cmdi,feedback,fb=flat3,15,27,253,300,254,843.33
cmdi,feedback,fb=flat3,16,30,242,300,243,806.67
cmdi,feedback,fb=flat3,17,32,247,300,248,823.33
cmdi,feedback,fb=flat3,18,34,250,300,251,833.33
cmdi,feedback,fb=flat3,19,30,257,300,258,856.67
cmdi,feedback,fb=flat6,0,33,257,300,258,856.67
cmdi,feedback,fb=flat6,1,30,252,300,253,840.00
cmdi,feedback,fb=flat6,2,29,255,300,256,850.00
cmdi,feedback,fb=flat6,3,35,251,300,252,836.67
cmdi,feedback,fb=flat6,4,39,255,300,256,850.00
cmdi,feedback,fb=flat6,5,39,262,300,263,873.33
cmdi,feedback,fb=flat6,6,35,257,300,258,856.67
cmdi,feedback,fb=flat6,7,46,264,300,265,880.00
cmdi,feedback,fb=flat6,8,30,254,300,254,846.67
cmdi,feedback,fb=flat6,9,29,257,300,258,856.67
cmdi,feedback,fb=flat6,10,34,244,300,245,813.33
cmdi,feedback,fb=flat6,11,42,267,300,268,890.00
cmdi,feedback,fb=flat6,12,33,258,300,259,860.00
cmdi,feedback,fb=flat6,13,42,260,300,261,866.67
cmdi,feedback,fb=flat6,14,33,256,300,257,853.33
cmdi,feedback,fb=flat6,15,32,252,300,253,840.00
cmdi,feedback,fb=flat6,16,33,242,300,243,806.67
cmdi,feedback,fb=flat6,17,32,244,300,245,813.33
cmdi,feedback,fb=flat6,18,32,253,300,254,843.33
cmdi,feedback,fb=flat6,19,36,260,300,261,866.67
cmdi,feedback,fb=compressed,0,31,257,300,258,856.67
cmdi,feedback,fb=compressed,1,29,242,300,243,806.67
cmdi,feedback,fb=compressed,2,29,254,300,255,846.67
cmdi,feedback,fb=compressed,3,31,253,300,254,843.33
cmdi,feedback,fb=compressed,4,29,249,300,249,830.00
cmdi,feedback,fb=compressed,5,33,260,300,261,866.67
cmdi,feedback,fb=compressed,6,32,247,300,248,823.33
cmdi,feedback,fb=compressed,7,28,261,300,262,870.00
cmdi,feedback,fb=compressed,8,28,250,300,251,833.33
cmdi,feedback,fb=compressed,9,31,243,300,244,810.00
cmdi,feedback,fb=compressed,10,29,249,300,250,830.00
cmdi,feedback,fb=compressed,11,35,254,300,255,846.67
cmdi,feedback,fb=compressed,12,33,267,300,268,890.00
cmdi,feedback,fb=compressed,13,30,255,300,256,850.00
cmdi,feedback,fb=compressed,14,30,240,300,241,800.00
cmdi,feedback,fb=compressed,15,31,248,300,249,826.67
cmdi,feedback,fb=compressed,16,37,254,300,255,846.67
cmdi,feedback,fb=compressed,17,28,249,300,250,830.00
cmdi,feedback,fb=compressed,18,29,265,300,266,883.33
cmdi,feedback,fb=compressed,19,45,263,300,264,876.67
cmdi,feedback,fb=expanded,0,39,246,300,247,820.00
cmdi,feedback,fb=expanded,1,31,254,300,255,846.67
cmdi,feedback,fb=expanded,2,41,248,300,249,826.67
cmdi,feedback,fb=expanded,3,33,235,300,236,783.33
cmdi,feedback,fb=expanded,4,30,258,300,259,860.00
cmdi,feedback,fb=expanded,5,35,256,300,257,853.33
cmdi,feedback,fb=expanded,6,28,255,300,256,850.00
cmdi,feedback,fb=expanded,7,30,250,300,251,833.33
cmdi,feedback,fb=expanded,8,27,248,300,249,826.67
cmdi,feedback,fb=expanded,9,29,242,300,243,806.67
cmdi,feedback,fb=expanded,10,30,260,300,261,866.67
cmdi,feedback,fb=expanded,11,35,254,300,255,846.67
cmdi,feedback,fb=expanded,12,37,262,300,263,873.33
cmdi,feedback,fb=expanded,13,37,257,300,258,856.67
cmdi,feedback,fb=expanded,14,40,247,300,248,823.33
cmdi,feedback,fb=expanded,15,36,244,300,245,813.33
cmdi,feedback,fb=expanded,16,32,251,300,252,836.67
cmdi,feedback,fb=expanded,17,37,251,300,252,836.67
cmdi,feedback,fb=expanded,18,32,252,300,253,840.00
cmdi,feedback,fb=expanded,19,31,265,300,266,883.33
cmdi,feedback,fb=status>error,0,33,257,300,258,856.67
cmdi,feedback,fb=status>error,1,30,252,300,253,840.00
cmdi,feedback,fb=status>error,2,29,255,300,256,850.00
cmdi,feedback,fb=status>error,3,29,251,300,252,836.67
cmdi,feedback,fb=status>error,4,27,255,300,256,850.00
cmdi,feedback,fb=status>error,5,40,262,300,263,873.33
cmdi,feedback,fb=status>error,6,33,257,300,258,856.67
cmdi,feedback,fb=status>error,7,33,264,300,265,880.00
cmdi,feedback,fb=status>error,8,27,254,300,254,846.67
cmdi,feedback,fb=status>error,9,29,257,300,258,856.67
cmdi,feedback,fb=status>error,10,30,244,300,245,813.33
cmdi,feedback,fb=status>error,11,37,267,300,268,890.00
cmdi,feedback,fb=status>error,12,35,258,300,259,860.00
cmdi,feedback,fb=status>error,13,32,260,300,261,866.67
cmdi,feedback,fb=status>error,14,29,256,300,257,853.33
cmdi,feedback,fb=status>error,15,31,252,300,253,840.00
cmdi,feedback,fb=status>error,16,29,242,300,243,806.67
cmdi,feedback,fb=status>error,17,27,244,300,245,813.33
cmdi,feedback,fb=status>error,18,32,253,300,254,843.33
cmdi,feedback,fb=status>error,19,31,260,300,261,866.67
cmdi,feedback,fb=bodydiff+,0,32,250,300,251,833.33
cmdi,feedback,fb=bodydiff+,1,37,260,300,261,866.67
cmdi,feedback,fb=bodydiff+,2,44,263,300,264,876.67
cmdi,feedback,fb=bodydiff+,3,29,252,300,253,840.00
cmdi,feedback,fb=bodydiff+,4,28,260,300,261,866.67
cmdi,feedback,fb=bodydiff+,5,36,259,300,260,863.33
cmdi,feedback,fb=bodydiff+,6,31,253,300,254,843.33
cmdi,feedback,fb=bodydiff+,7,28,263,300,264,876.67
cmdi,feedback,fb=bodydiff+,8,28,236,300,237,786.67
cmdi,feedback,fb=bodydiff+,9,38,256,300,257,853.33
cmdi,feedback,fb=bodydiff+,10,35,249,300,250,830.00
cmdi,feedback,fb=bodydiff+,11,30,254,300,255,846.67
cmdi,feedback,fb=bodydiff+,12,40,268,300,269,893.33
cmdi,feedback,fb=bodydiff+,13,43,249,300,250,830.00
cmdi,feedback,fb=bodydiff+,14,42,247,300,248,823.33
cmdi,feedback,fb=bodydiff+,15,42,251,300,252,836.67
cmdi,feedback,fb=bodydiff+,16,29,251,300,252,836.67
cmdi,feedback,fb=bodydiff+,17,32,253,300,254,843.33
cmdi,feedback,fb=bodydiff+,18,32,258,300,259,860.00
cmdi,feedback,fb=bodydiff+,19,33,265,300,266,883.33
cmdi,feedback,fb=strict,0,34,250,300,251,833.33
cmdi,feedback,fb=strict,1,43,260,300,261,866.67
cmdi,feedback,fb=strict,2,35,263,300,264,876.67
cmdi,feedback,fb=strict,3,28,252,300,253,840.00
cmdi,feedback,fb=strict,4,28,260,300,261,866.67
cmdi,feedback,fb=strict,5,30,259,300,260,863.33
cmdi,feedback,fb=strict,6,29,253,300,254,843.33
cmdi,feedback,fb=strict,7,35,263,300,264,876.67
cmdi,feedback,fb=strict,8,30,236,300,237,786.67
cmdi,feedback,fb=strict,9,33,256,300,257,853.33
cmdi,feedback,fb=strict,10,32,249,300,250,830.00
cmdi,feedback,fb=strict,11,29,254,300,255,846.67
cmdi,feedback,fb=strict,12,27,268,300,269,893.33
cmdi,feedback,fb=strict,13,30,249,300,250,830.00
cmdi,feedback,fb=strict,14,31,247,300,248,823.33
cmdi,feedback,fb=strict,15,33,251,300,252,836.67
cmdi,feedback,fb=strict,16,29,251,300,252,836.67
cmdi,feedback,fb=strict,17,33,253,300,254,843.33
cmdi,feedback,fb=strict,18,33,258,300,259,860.00
cmdi,feedback,fb=strict,19,33,265,300,266,883.33
cmdi,min_score,minscore=1,0,35,250,300,251,833.33
cmdi,min_score,minscore=1,1,38,260,300,261,866.67
cmdi,min_score,minscore=1,2,35,263,300,264,876.67
cmdi,min_score,minscore=1,3,29,252,300,253,840.00
cmdi,min_score,minscore=1,4,30,260,300,261,866.67
cmdi,min_score,minscore=1,5,30,259,300,260,863.33
cmdi,min_score,minscore=1,6,28,253,300,254,843.33
cmdi,min_score,minscore=1,7,42,263,300,264,876.67
cmdi,min_score,minscore=1,8,30,236,300,237,786.67
cmdi,min_score,minscore=1,9,32,256,300,257,853.33
cmdi,min_score,minscore=1,10,31,249,300,250,830.00
cmdi,min_score,minscore=1,11,30,254,300,255,846.67
cmdi,min_score,minscore=1,12,30,268,300,269,893.33
cmdi,min_score,minscore=1,13,40,249,300,250,830.00
cmdi,min_score,minscore=1,14,31,247,300,248,823.33
cmdi,min_score,minscore=1,15,37,251,300,252,836.67
cmdi,min_score,minscore=1,16,30,251,300,252,836.67
cmdi,min_score,minscore=1,17,32,253,300,254,843.33
cmdi,min_score,minscore=1,18,35,258,300,259,860.00
cmdi,min_score,minscore=1,19,33,265,300,266,883.33
cmdi,min_score,minscore=2,0,36,250,300,251,833.33
cmdi,min_score,minscore=2,1,38,260,300,261,866.67
cmdi,min_score,minscore=2,2,35,263,300,264,876.67
cmdi,min_score,minscore=2,3,28,252,300,253,840.00
cmdi,min_score,minscore=2,4,30,260,300,261,866.67
cmdi,min_score,minscore=2,5,32,259,300,260,863.33
cmdi,min_score,minscore=2,6,37,253,300,254,843.33
cmdi,min_score,minscore=2,7,34,263,300,264,876.67
cmdi,min_score,minscore=2,8,33,236,300,237,786.67
cmdi,min_score,minscore=2,9,32,256,300,257,853.33
cmdi,min_score,minscore=2,10,34,249,300,250,830.00
cmdi,min_score,minscore=2,11,29,254,300,255,846.67
cmdi,min_score,minscore=2,12,29,268,300,269,893.33
cmdi,min_score,minscore=2,13,31,249,300,250,830.00
cmdi,min_score,minscore=2,14,31,247,300,248,823.33
cmdi,min_score,minscore=2,15,33,251,300,252,836.67
cmdi,min_score,minscore=2,16,31,251,300,252,836.67
cmdi,min_score,minscore=2,17,31,253,300,254,843.33
cmdi,min_score,minscore=2,18,32,258,300,259,860.00
cmdi,min_score,minscore=2,19,35,265,300,266,883.33
cmdi,min_score,minscore=3,0,33,250,300,251,833.33
cmdi,min_score,minscore=3,1,37,260,300,261,866.67
cmdi,min_score,minscore=3,2,44,263,300,264,876.67
cmdi,min_score,minscore=3,3,30,252,300,253,840.00
cmdi,min_score,minscore=3,4,29,260,300,261,866.67
cmdi,min_score,minscore=3,5,30,259,300,260,863.33
cmdi,min_score,minscore=3,6,29,253,300,254,843.33
cmdi,min_score,minscore=3,7,30,263,300,264,876.67
cmdi,min_score,minscore=3,8,29,236,300,237,786.67
cmdi,min_score,minscore=3,9,32,256,300,257,853.33
cmdi,min_score,minscore=3,10,32,249,300,250,830.00
cmdi,min_score,minscore=3,11,30,254,300,255,846.67
cmdi,min_score,minscore=3,12,29,268,300,269,893.33
cmdi,min_score,minscore=3,13,32,249,300,250,830.00
cmdi,min_score,minscore=3,14,30,247,300,248,823.33
cmdi,min_score,minscore=3,15,39,251,300,252,836.67
cmdi,min_score,minscore=3,16,36,251,300,252,836.67
cmdi,min_score,minscore=3,17,31,253,300,254,843.33
cmdi,min_score,minscore=3,18,36,258,300,259,860.00
cmdi,min_score,minscore=3,19,39,265,300,266,883.33
cmdi,min_score,minscore=4,0,33,250,300,251,833.33
cmdi,min_score,minscore=4,1,43,260,300,261,866.67
cmdi,min_score,minscore=4,2,38,263,300,264,876.67
cmdi,min_score,minscore=4,3,31,252,300,253,840.00
cmdi,min_score,minscore=4,4,31,260,300,261,866.67
cmdi,min_score,minscore=4,5,38,259,300,260,863.33
cmdi,min_score,minscore=4,6,28,253,300,254,843.33
cmdi,min_score,minscore=4,7,32,263,300,264,876.67
cmdi,min_score,minscore=4,8,39,236,300,237,786.67
cmdi,min_score,minscore=4,9,35,256,300,257,853.33
cmdi,min_score,minscore=4,10,31,249,300,250,830.00
cmdi,min_score,minscore=4,11,29,254,300,255,846.67
cmdi,min_score,minscore=4,12,28,268,300,269,893.33
cmdi,min_score,minscore=4,13,30,249,300,250,830.00
cmdi,min_score,minscore=4,14,30,247,300,248,823.33
cmdi,min_score,minscore=4,15,32,251,300,252,836.67
cmdi,min_score,minscore=4,16,29,251,300,252,836.67
cmdi,min_score,minscore=4,17,31,253,300,254,843.33
cmdi,min_score,minscore=4,18,31,258,300,259,860.00
cmdi,min_score,minscore=4,19,32,265,300,266,883.33
cmdi,min_score,minscore=5,0,23,0,300,1,0.00
cmdi,min_score,minscore=5,1,23,0,300,1,0.00
cmdi,min_score,minscore=5,2,23,0,300,1,0.00
cmdi,min_score,minscore=5,3,22,0,300,1,0.00
cmdi,min_score,minscore=5,4,23,0,300,1,0.00
cmdi,min_score,minscore=5,5,23,0,300,1,0.00
cmdi,min_score,minscore=5,6,24,0,300,1,0.00
cmdi,min_score,minscore=5,7,22,0,300,1,0.00
cmdi,min_score,minscore=5,8,23,0,300,1,0.00
cmdi,min_score,minscore=5,9,23,0,300,1,0.00
cmdi,min_score,minscore=5,10,23,0,300,1,0.00
cmdi,min_score,minscore=5,11,23,0,300,1,0.00
cmdi,min_score,minscore=5,12,23,0,300,1,0.00
cmdi,min_score,minscore=5,13,27,0,300,1,0.00
cmdi,min_score,minscore=5,14,24,0,300,1,0.00
cmdi,min_score,minscore=5,15,24,0,300,1,0.00
cmdi,min_score,minscore=5,16,23,0,300,1,0.00
cmdi,min_score,minscore=5,17,23,0,300,1,0.00
cmdi,min_score,minscore=5,18,24,0,300,1,0.00
cmdi,min_score,minscore=5,19,23,0,300,1,0.00
cmdi,min_score,minscore=6,0,23,0,300,1,0.00
cmdi,min_score,minscore=6,1,23,0,300,1,0.00
cmdi,min_score,minscore=6,2,27,0,300,1,0.00
cmdi,min_score,minscore=6,3,24,0,300,1,0.00
cmdi,min_score,minscore=6,4,23,0,300,1,0.00
cmdi,min_score,minscore=6,5,25,0,300,1,0.00
cmdi,min_score,minscore=6,6,31,0,300,1,0.00
cmdi,min_score,minscore=6,7,32,0,300,1,0.00
cmdi,min_score,minscore=6,8,30,0,300,1,0.00
cmdi,min_score,minscore=6,9,23,0,300,1,0.00
cmdi,min_score,minscore=6,10,23,0,300,1,0.00
cmdi,min_score,minscore=6,11,23,0,300,1,0.00
cmdi,min_score,minscore=6,12,22,0,300,1,0.00
cmdi,min_score,minscore=6,13,23,0,300,1,0.00
cmdi,min_score,minscore=6,14,22,0,300,1,0.00
cmdi,min_score,minscore=6,15,24,0,300,1,0.00
cmdi,min_score,minscore=6,16,22,0,300,1,0.00
cmdi,min_score,minscore=6,17,25,0,300,1,0.00
cmdi,min_score,minscore=6,18,23,0,300,1,0.00
cmdi,min_score,minscore=6,19,23,0,300,1,0.00
cmdi,stop_prob,stop=0.10_min1,0,38,250,300,251,833.33
cmdi,stop_prob,stop=0.10_min1,1,35,240,300,241,800.00
cmdi,stop_prob,stop=0.10_min1,2,38,256,300,256,853.33
cmdi,stop_prob,stop=0.10_min1,3,41,220,300,221,733.33
cmdi,stop_prob,stop=0.10_min1,4,39,256,300,257,853.33
cmdi,stop_prob,stop=0.10_min1,5,48,240,300,241,800.00
cmdi,stop_prob,stop=0.10_min1,6,34,245,300,246,816.67
cmdi,stop_prob,stop=0.10_min1,7,36,253,300,254,843.33
cmdi,stop_prob,stop=0.10_min1,8,39,232,300,233,773.33
cmdi,stop_prob,stop=0.10_min1,9,39,236,300,237,786.67
cmdi,stop_prob,stop=0.10_min1,10,32,228,300,229,760.00
cmdi,stop_prob,stop=0.10_min1,11,45,238,300,239,793.33
cmdi,stop_prob,stop=0.10_min1,12,34,236,300,237,786.67
cmdi,stop_prob,stop=0.10_min1,13,39,242,300,243,806.67
cmdi,stop_prob,stop=0.10_min1,14,40,230,300,230,766.67
cmdi,stop_prob,stop=0.10_min1,15,36,254,300,254,846.67
cmdi,stop_prob,stop=0.10_min1,16,45,242,300,243,806.67
cmdi,stop_prob,stop=0.10_min1,17,39,244,300,245,813.33
cmdi,stop_prob,stop=0.10_min1,18,37,236,300,237,786.67
cmdi,stop_prob,stop=0.10_min1,19,41,254,300,255,846.67
cmdi,stop_prob,stop=0.25_min1,0,30,264,300,265,880.00
cmdi,stop_prob,stop=0.25_min1,1,28,265,300,266,883.33
cmdi,stop_prob,stop=0.25_min1,2,27,267,300,268,890.00
cmdi,stop_prob,stop=0.25_min1,3,28,256,300,256,853.33
cmdi,stop_prob,stop=0.25_min1,4,28,271,300,271,903.33
cmdi,stop_prob,stop=0.25_min1,5,28,260,300,257,866.67
cmdi,stop_prob,stop=0.25_min1,6,34,262,300,263,873.33
cmdi,stop_prob,stop=0.25_min1,7,32,266,300,267,886.67
cmdi,stop_prob,stop=0.25_min1,8,26,242,300,243,806.67
cmdi,stop_prob,stop=0.25_min1,9,27,256,300,257,853.33
cmdi,stop_prob,stop=0.25_min1,10,27,257,300,257,856.67
cmdi,stop_prob,stop=0.25_min1,11,36,263,300,264,876.67
cmdi,stop_prob,stop=0.25_min1,12,29,266,300,267,886.67
cmdi,stop_prob,stop=0.25_min1,13,39,268,300,269,893.33
cmdi,stop_prob,stop=0.25_min1,14,33,260,300,261,866.67
cmdi,stop_prob,stop=0.25_min1,15,28,256,300,257,853.33
cmdi,stop_prob,stop=0.25_min1,16,33,262,300,263,873.33
cmdi,stop_prob,stop=0.25_min1,17,38,256,300,257,853.33
cmdi,stop_prob,stop=0.25_min1,18,29,272,300,273,906.67
cmdi,stop_prob,stop=0.25_min1,19,29,269,300,270,896.67
cmdi,stop_prob,stop=0.50_min1,0,27,263,300,262,876.67
cmdi,stop_prob,stop=0.50_min1,1,31,270,300,268,900.00
cmdi,stop_prob,stop=0.50_min1,2,26,274,300,275,913.33
cmdi,stop_prob,stop=0.50_min1,3,28,262,300,263,873.33
cmdi,stop_prob,stop=0.50_min1,4,30,284,300,285,946.67
cmdi,stop_prob,stop=0.50_min1,5,30,277,300,278,923.33
cmdi,stop_prob,stop=0.50_min1,6,24,268,300,268,893.33
cmdi,stop_prob,stop=0.50_min1,7,28,264,300,264,880.00
cmdi,stop_prob,stop=0.50_min1,8,25,261,300,262,870.00
cmdi,stop_prob,stop=0.50_min1,9,27,268,300,268,893.33
cmdi,stop_prob,stop=0.50_min1,10,32,277,300,275,923.33
cmdi,stop_prob,stop=0.50_min1,11,29,277,300,275,923.33
cmdi,stop_prob,stop=0.50_min1,12,25,265,300,263,883.33
cmdi,stop_prob,stop=0.50_min1,13,26,269,300,270,896.67
cmdi,stop_prob,stop=0.50_min1,14,26,269,300,267,896.67
cmdi,stop_prob,stop=0.50_min1,15,25,263,300,261,876.67
cmdi,stop_prob,stop=0.50_min1,16,32,267,300,267,890.00
cmdi,stop_prob,stop=0.50_min1,17,28,262,300,263,873.33
cmdi,stop_prob,stop=0.50_min1,18,24,275,300,275,916.67
cmdi,stop_prob,stop=0.50_min1,19,25,272,300,273,906.67
cmdi,stop_prob,stop=0.75_min1,0,25,273,300,272,910.00
cmdi,stop_prob,stop=0.75_min1,1,23,275,300,275,916.67
cmdi,stop_prob,stop=0.75_min1,2,28,279,300,277,930.00
cmdi,stop_prob,stop=0.75_min1,3,33,263,300,262,876.67
cmdi,stop_prob,stop=0.75_min1,4,27,273,300,267,910.00
cmdi,stop_prob,stop=0.75_min1,5,27,277,300,275,923.33
cmdi,stop_prob,stop=0.75_min1,6,24,270,300,267,900.00
cmdi,stop_prob,stop=0.75_min1,7,25,273,300,269,910.00
cmdi,stop_prob,stop=0.75_min1,8,26,281,300,282,936.67
cmdi,stop_prob,stop=0.75_min1,9,25,278,300,275,926.67
cmdi,stop_prob,stop=0.75_min1,10,25,281,300,281,936.67
cmdi,stop_prob,stop=0.75_min1,11,24,275,300,270,916.67
cmdi,stop_prob,stop=0.75_min1,12,24,265,300,264,883.33
cmdi,stop_prob,stop=0.75_min1,13,26,278,300,277,926.67
cmdi,stop_prob,stop=0.75_min1,14,25,280,300,280,933.33
cmdi,stop_prob,stop=0.75_min1,15,24,287,300,282,956.67
cmdi,stop_prob,stop=0.75_min1,16,24,279,300,276,930.00
cmdi,stop_prob,stop=0.75_min1,17,27,274,300,274,913.33
cmdi,stop_prob,stop=0.75_min1,18,25,277,300,276,923.33
cmdi,stop_prob,stop=0.75_min1,19,27,270,300,270,900.00
cmdi,stop_prob,stop=0.90_min1,0,36,272,300,272,906.67
cmdi,stop_prob,stop=0.90_min1,1,28,276,300,273,920.00
cmdi,stop_prob,stop=0.90_min1,2,26,270,300,270,900.00
cmdi,stop_prob,stop=0.90_min1,3,24,269,300,267,896.67
cmdi,stop_prob,stop=0.90_min1,4,32,283,300,279,943.33
cmdi,stop_prob,stop=0.90_min1,5,31,290,300,286,966.67
cmdi,stop_prob,stop=0.90_min1,6,24,278,300,278,926.67
cmdi,stop_prob,stop=0.90_min1,7,23,283,300,277,943.33
cmdi,stop_prob,stop=0.90_min1,8,31,280,300,276,933.33
cmdi,stop_prob,stop=0.90_min1,9,35,290,300,280,966.67
cmdi,stop_prob,stop=0.90_min1,10,25,274,300,270,913.33
cmdi,stop_prob,stop=0.90_min1,11,24,281,300,272,936.67
cmdi,stop_prob,stop=0.90_min1,12,35,273,300,273,910.00
cmdi,stop_prob,stop=0.90_min1,13,31,276,300,268,920.00
cmdi,stop_prob,stop=0.90_min1,14,40,274,300,270,913.33
cmdi,stop_prob,stop=0.90_min1,15,26,280,300,277,933.33
cmdi,stop_prob,stop=0.90_min1,16,24,286,300,281,953.33
cmdi,stop_prob,stop=0.90_min1,17,24,280,300,277,933.33
cmdi,stop_prob,stop=0.90_min1,18,25,269,300,262,896.67
cmdi,stop_prob,stop=0.90_min1,19,26,282,300,276,940.00
cmdi,min_atoms,min=1,0,36,264,300,265,880.00
cmdi,min_atoms,min=1,1,29,265,300,266,883.33
cmdi,min_atoms,min=1,2,26,267,300,268,890.00
cmdi,min_atoms,min=1,3,26,256,300,256,853.33
cmdi,min_atoms,min=1,4,29,271,300,271,903.33
cmdi,min_atoms,min=1,5,28,260,300,257,866.67
cmdi,min_atoms,min=1,6,27,262,300,263,873.33
cmdi,min_atoms,min=1,7,26,266,300,267,886.67
cmdi,min_atoms,min=1,8,27,242,300,243,806.67
cmdi,min_atoms,min=1,9,27,256,300,257,853.33
cmdi,min_atoms,min=1,10,26,257,300,257,856.67
cmdi,min_atoms,min=1,11,34,263,300,264,876.67
cmdi,min_atoms,min=1,12,30,266,300,267,886.67
cmdi,min_atoms,min=1,13,28,268,300,269,893.33
cmdi,min_atoms,min=1,14,30,260,300,261,866.67
cmdi,min_atoms,min=1,15,29,256,300,257,853.33
cmdi,min_atoms,min=1,16,33,262,300,263,873.33
cmdi,min_atoms,min=1,17,30,256,300,257,853.33
cmdi,min_atoms,min=1,18,30,272,300,273,906.67
cmdi,min_atoms,min=1,19,29,269,300,270,896.67
cmdi,min_atoms,min=2,0,43,250,300,251,833.33
cmdi,min_atoms,min=2,1,34,261,300,262,870.00
cmdi,min_atoms,min=2,2,31,253,300,254,843.33
cmdi,min_atoms,min=2,3,30,240,300,241,800.00
cmdi,min_atoms,min=2,4,29,260,300,261,866.67
cmdi,min_atoms,min=2,5,31,264,300,265,880.00
cmdi,min_atoms,min=2,6,31,252,300,253,840.00
cmdi,min_atoms,min=2,7,30,260,300,261,866.67
cmdi,min_atoms,min=2,8,30,258,300,259,860.00
cmdi,min_atoms,min=2,9,31,248,300,249,826.67
cmdi,min_atoms,min=2,10,37,238,300,239,793.33
cmdi,min_atoms,min=2,11,39,264,300,265,880.00
cmdi,min_atoms,min=2,12,30,259,300,259,863.33
cmdi,min_atoms,min=2,13,34,255,300,256,850.00
cmdi,min_atoms,min=2,14,31,233,300,234,776.67
cmdi,min_atoms,min=2,15,31,255,300,256,850.00
cmdi,min_atoms,min=2,16,31,244,300,245,813.33
cmdi,min_atoms,min=2,17,31,249,300,250,830.00
cmdi,min_atoms,min=2,18,32,248,300,249,826.67
cmdi,min_atoms,min=2,19,34,253,300,254,843.33
cmdi,min_atoms,min=3,0,38,253,300,254,843.33
cmdi,min_atoms,min=3,1,32,249,300,250,830.00
cmdi,min_atoms,min=3,2,33,251,300,252,836.67
cmdi,min_atoms,min=3,3,33,237,300,238,790.00
cmdi,min_atoms,min=3,4,28,247,300,248,823.33
cmdi,min_atoms,min=3,5,36,253,300,254,843.33
cmdi,min_atoms,min=3,6,30,246,300,247,820.00
cmdi,min_atoms,min=3,7,31,247,300,248,823.33
cmdi,min_atoms,min=3,8,29,247,300,248,823.33
cmdi,min_atoms,min=3,9,34,240,300,241,800.00
cmdi,min_atoms,min=3,10,29,254,300,255,846.67
cmdi,min_atoms,min=3,11,33,240,300,241,800.00
cmdi,min_atoms,min=3,12,31,267,300,268,890.00
cmdi,min_atoms,min=3,13,35,244,300,245,813.33
cmdi,min_atoms,min=3,14,40,256,300,257,853.33
cmdi,min_atoms,min=3,15,33,247,300,248,823.33
cmdi,min_atoms,min=3,16,35,247,300,248,823.33
cmdi,min_atoms,min=3,17,32,249,300,250,830.00
cmdi,min_atoms,min=3,18,32,266,300,267,886.67
cmdi,min_atoms,min=3,19,33,262,300,263,873.33
cmdi,min_atoms,min=4,0,35,241,300,242,803.33
cmdi,min_atoms,min=4,1,33,230,300,231,766.67
cmdi,min_atoms,min=4,2,33,256,300,257,853.33
cmdi,min_atoms,min=4,3,39,240,300,241,800.00
cmdi,min_atoms,min=4,4,35,241,300,242,803.33
cmdi,min_atoms,min=4,5,31,246,300,246,820.00
cmdi,min_atoms,min=4,6,34,235,300,236,783.33
cmdi,min_atoms,min=4,7,31,239,300,239,796.67
cmdi,min_atoms,min=4,8,30,246,300,247,820.00
cmdi,min_atoms,min=4,9,35,239,300,240,796.67
cmdi,min_atoms,min=4,10,40,231,300,232,770.00
cmdi,min_atoms,min=4,11,49,239,300,240,796.67
cmdi,min_atoms,min=4,12,44,252,300,253,840.00
cmdi,min_atoms,min=4,13,31,237,300,238,790.00
cmdi,min_atoms,min=4,14,34,242,300,243,806.67
cmdi,min_atoms,min=4,15,36,239,300,240,796.67
cmdi,min_atoms,min=4,16,32,244,300,245,813.33
cmdi,min_atoms,min=4,17,30,242,300,243,806.67
cmdi,min_atoms,min=4,18,48,244,300,245,813.33
cmdi,min_atoms,min=4,19,35,241,300,242,803.33
cmdi,vocab,vocab=default,0,34,247,300,248,823.33
cmdi,vocab,vocab=default,1,39,252,300,253,840.00
cmdi,vocab,vocab=default,2,37,256,300,257,853.33
cmdi,vocab,vocab=default,3,28,243,300,244,810.00
cmdi,vocab,vocab=default,4,31,249,300,250,830.00
cmdi,vocab,vocab=default,5,39,259,300,260,863.33
cmdi,vocab,vocab=default,6,32,256,300,257,853.33
cmdi,vocab,vocab=default,7,29,263,300,264,876.67
cmdi,vocab,vocab=default,8,38,269,300,270,896.67
cmdi,vocab,vocab=default,9,40,248,300,249,826.67
cmdi,vocab,vocab=default,10,31,247,300,248,823.33
cmdi,vocab,vocab=default,11,31,257,300,258,856.67
cmdi,vocab,vocab=default,12,35,259,300,260,863.33
cmdi,vocab,vocab=default,13,36,245,300,246,816.67
cmdi,vocab,vocab=default,14,41,254,300,255,846.67
cmdi,vocab,vocab=default,15,30,248,300,249,826.67
cmdi,vocab,vocab=default,16,30,265,300,266,883.33
cmdi,vocab,vocab=default,17,31,253,300,254,843.33
cmdi,vocab,vocab=default,18,29,250,300,251,833.33
cmdi,vocab,vocab=default,19,32,265,300,266,883.33
cmdi,vocab,vocab=xss+,0,35,256,300,257,853.33
cmdi,vocab,vocab=xss+,1,33,242,300,243,806.67
cmdi,vocab,vocab=xss+,2,31,231,300,232,770.00
cmdi,vocab,vocab=xss+,3,32,254,300,255,846.67
cmdi,vocab,vocab=xss+,4,31,248,300,249,826.67
cmdi,vocab,vocab=xss+,5,34,244,300,245,813.33
cmdi,vocab,vocab=xss+,6,30,246,300,247,820.00
cmdi,vocab,vocab=xss+,7,29,247,300,248,823.33
cmdi,vocab,vocab=xss+,8,31,249,300,250,830.00
cmdi,vocab,vocab=xss+,9,31,251,300,252,836.67
cmdi,vocab,vocab=xss+,10,36,257,300,258,856.67
cmdi,vocab,vocab=xss+,11,40,258,300,259,860.00
cmdi,vocab,vocab=xss+,12,43,255,300,256,850.00
cmdi,vocab,vocab=xss+,13,33,249,300,250,830.00
cmdi,vocab,vocab=xss+,14,35,251,300,252,836.67
cmdi,vocab,vocab=xss+,15,30,242,300,243,806.67
cmdi,vocab,vocab=xss+,16,37,243,300,244,810.00
cmdi,vocab,vocab=xss+,17,38,245,300,246,816.67
cmdi,vocab,vocab=xss+,18,30,244,300,245,813.33
cmdi,vocab,vocab=xss+,19,32,256,300,257,853.33
cmdi,vocab,vocab=sqli+,0,31,257,300,258,856.67
cmdi,vocab,vocab=sqli+,1,31,253,300,254,843.33
cmdi,vocab,vocab=sqli+,2,33,259,300,260,863.33
cmdi,vocab,vocab=sqli+,3,32,248,300,249,826.67
cmdi,vocab,vocab=sqli+,4,30,254,300,255,846.67
cmdi,vocab,vocab=sqli+,5,39,266,300,267,886.67
cmdi,vocab,vocab=sqli+,6,32,263,300,264,876.67
cmdi,vocab,vocab=sqli+,7,28,264,300,265,880.00
cmdi,vocab,vocab=sqli+,8,31,274,300,275,913.33
cmdi,vocab,vocab=sqli+,9,31,249,300,250,830.00
cmdi,vocab,vocab=sqli+,10,32,250,300,251,833.33
cmdi,vocab,vocab=sqli+,11,28,264,300,265,880.00
cmdi,vocab,vocab=sqli+,12,29,256,300,257,853.33
cmdi,vocab,vocab=sqli+,13,32,253,300,254,843.33
cmdi,vocab,vocab=sqli+,14,32,255,300,256,850.00
cmdi,vocab,vocab=sqli+,15,30,244,300,245,813.33
cmdi,vocab,vocab=sqli+,16,30,252,300,253,840.00
cmdi,vocab,vocab=sqli+,17,31,250,300,250,833.33
cmdi,vocab,vocab=sqli+,18,29,265,300,266,883.33
cmdi,vocab,vocab=sqli+,19,38,260,300,261,866.67
cmdi,vocab,vocab=ssti+,0,36,262,300,263,873.33
cmdi,vocab,vocab=ssti+,1,39,247,300,248,823.33
cmdi,vocab,vocab=ssti+,2,39,253,300,254,843.33
cmdi,vocab,vocab=ssti+,3,36,248,300,249,826.67
cmdi,vocab,vocab=ssti+,4,30,252,300,253,840.00
cmdi,vocab,vocab=ssti+,5,32,265,300,266,883.33
cmdi,vocab,vocab=ssti+,6,37,252,300,253,840.00
cmdi,vocab,vocab=ssti+,7,32,262,300,263,873.33
cmdi,vocab,vocab=ssti+,8,34,259,300,260,863.33
cmdi,vocab,vocab=ssti+,9,32,258,300,258,860.00
cmdi,vocab,vocab=ssti+,10,32,258,300,259,860.00
cmdi,vocab,vocab=ssti+,11,48,250,300,251,833.33
cmdi,vocab,vocab=ssti+,12,38,260,300,261,866.67
cmdi,vocab,vocab=ssti+,13,44,263,300,264,876.67
cmdi,vocab,vocab=ssti+,14,42,260,300,261,866.67
cmdi,vocab,vocab=ssti+,15,36,268,300,269,893.33
cmdi,vocab,vocab=ssti+,16,39,264,300,265,880.00
cmdi,vocab,vocab=ssti+,17,42,259,300,260,863.33
cmdi,vocab,vocab=ssti+,18,42,260,300,261,866.67
cmdi,vocab,vocab=ssti+,19,47,255,300,256,850.00
ssti,gen_ratio,gen=0.0,0,28,226,300,227,753.33
ssti,gen_ratio,gen=0.0,1,27,233,300,234,776.67
ssti,gen_ratio,gen=0.0,2,28,227,300,228,756.67
ssti,gen_ratio,gen=0.0,3,24,241,300,242,803.33
ssti,gen_ratio,gen=0.0,4,19,249,300,250,830.00
ssti,gen_ratio,gen=0.0,5,19,234,300,235,780.00
ssti,gen_ratio,gen=0.0,6,21,234,300,235,780.00
ssti,gen_ratio,gen=0.0,7,27,220,300,221,733.33
ssti,gen_ratio,gen=0.0,8,25,233,300,234,776.67
ssti,gen_ratio,gen=0.0,9,20,245,300,246,816.67
ssti,gen_ratio,gen=0.0,10,19,237,300,238,790.00
ssti,gen_ratio,gen=0.0,11,19,228,300,228,760.00
ssti,gen_ratio,gen=0.0,12,19,236,300,237,786.67
ssti,gen_ratio,gen=0.0,13,22,221,300,222,736.67
ssti,gen_ratio,gen=0.0,14,22,222,300,223,740.00
ssti,gen_ratio,gen=0.0,15,19,222,300,223,740.00
ssti,gen_ratio,gen=0.0,16,19,206,300,207,686.67
ssti,gen_ratio,gen=0.0,17,19,222,300,223,740.00
ssti,gen_ratio,gen=0.0,18,20,258,300,259,860.00
ssti,gen_ratio,gen=0.0,19,20,219,300,219,730.00
ssti,gen_ratio,gen=0.1,0,19,216,300,217,720.00
ssti,gen_ratio,gen=0.1,1,19,239,300,240,796.67
ssti,gen_ratio,gen=0.1,2,19,224,300,225,746.67
ssti,gen_ratio,gen=0.1,3,19,247,300,248,823.33
ssti,gen_ratio,gen=0.1,4,19,221,300,222,736.67
ssti,gen_ratio,gen=0.1,5,19,226,300,227,753.33
ssti,gen_ratio,gen=0.1,6,19,228,300,229,760.00
ssti,gen_ratio,gen=0.1,7,19,209,300,210,696.67
ssti,gen_ratio,gen=0.1,8,20,248,300,249,826.67
ssti,gen_ratio,gen=0.1,9,24,240,300,241,800.00
ssti,gen_ratio,gen=0.1,10,21,217,300,218,723.33
ssti,gen_ratio,gen=0.1,11,19,217,300,218,723.33
ssti,gen_ratio,gen=0.1,12,19,235,300,236,783.33
ssti,gen_ratio,gen=0.1,13,20,195,300,196,650.00
ssti,gen_ratio,gen=0.1,14,21,212,300,213,706.67
ssti,gen_ratio,gen=0.1,15,20,217,300,218,723.33
ssti,gen_ratio,gen=0.1,16,19,225,300,226,750.00
ssti,gen_ratio,gen=0.1,17,19,221,300,222,736.67
ssti,gen_ratio,gen=0.1,18,22,253,300,254,843.33
ssti,gen_ratio,gen=0.1,19,23,237,300,238,790.00
ssti,gen_ratio,gen=0.2,0,20,220,300,221,733.33
ssti,gen_ratio,gen=0.2,1,20,233,300,234,776.67
ssti,gen_ratio,gen=0.2,2,20,212,300,213,706.67
ssti,gen_ratio,gen=0.2,3,20,223,300,224,743.33
ssti,gen_ratio,gen=0.2,4,22,226,300,227,753.33
ssti,gen_ratio,gen=0.2,5,21,253,300,254,843.33
ssti,gen_ratio,gen=0.2,6,20,218,300,219,726.67
ssti,gen_ratio,gen=0.2,7,19,210,300,211,700.00
ssti,gen_ratio,gen=0.2,8,19,254,300,255,846.67
ssti,gen_ratio,gen=0.2,9,20,238,300,239,793.33
ssti,gen_ratio,gen=0.2,10,25,222,300,223,740.00
ssti,gen_ratio,gen=0.2,11,20,207,300,208,690.00
ssti,gen_ratio,gen=0.2,12,19,239,300,240,796.67
ssti,gen_ratio,gen=0.2,13,20,202,300,202,673.33
ssti,gen_ratio,gen=0.2,14,23,234,300,235,780.00
ssti,gen_ratio,gen=0.2,15,27,226,300,227,753.33
ssti,gen_ratio,gen=0.2,16,20,215,300,216,716.67
ssti,gen_ratio,gen=0.2,17,20,247,300,248,823.33
ssti,gen_ratio,gen=0.2,18,20,232,300,233,773.33
ssti,gen_ratio,gen=0.2,19,19,219,300,220,730.00
ssti,gen_ratio,gen=0.3,0,19,212,300,213,706.67
ssti,gen_ratio,gen=0.3,1,23,211,300,212,703.33
ssti,gen_ratio,gen=0.3,2,24,205,300,206,683.33
ssti,gen_ratio,gen=0.3,3,20,225,300,226,750.00
ssti,gen_ratio,gen=0.3,4,29,234,300,235,780.00
ssti,gen_ratio,gen=0.3,5,29,235,300,236,783.33
ssti,gen_ratio,gen=0.3,6,23,225,300,226,750.00
ssti,gen_ratio,gen=0.3,7,20,207,300,207,690.00
ssti,gen_ratio,gen=0.3,8,21,233,300,234,776.67
ssti,gen_ratio,gen=0.3,9,21,232,300,233,773.33
ssti,gen_ratio,gen=0.3,10,20,223,300,224,743.33
ssti,gen_ratio,gen=0.3,11,20,194,300,195,646.67
ssti,gen_ratio,gen=0.3,12,20,225,300,226,750.00
ssti,gen_ratio,gen=0.3,13,26,228,300,229,760.00
ssti,gen_ratio,gen=0.3,14,27,218,300,219,726.67
ssti,gen_ratio,gen=0.3,15,20,210,300,211,700.00
ssti,gen_ratio,gen=0.3,16,20,209,300,210,696.67
ssti,gen_ratio,gen=0.3,17,21,203,300,204,676.67
ssti,gen_ratio,gen=0.3,18,21,228,300,229,760.00
ssti,gen_ratio,gen=0.3,19,20,202,300,203,673.33
ssti,gen_ratio,gen=0.4,0,20,215,300,216,716.67
ssti,gen_ratio,gen=0.4,1,20,224,300,225,746.67
ssti,gen_ratio,gen=0.4,2,23,241,300,242,803.33
ssti,gen_ratio,gen=0.4,3,26,220,300,221,733.33
ssti,gen_ratio,gen=0.4,4,21,219,300,220,730.00
ssti,gen_ratio,gen=0.4,5,21,224,300,225,746.67
ssti,gen_ratio,gen=0.4,6,20,209,300,210,696.67
ssti,gen_ratio,gen=0.4,7,20,213,300,214,710.00
ssti,gen_ratio,gen=0.4,8,21,213,300,214,710.00
ssti,gen_ratio,gen=0.4,9,22,224,300,225,746.67
ssti,gen_ratio,gen=0.4,10,22,211,300,212,703.33
ssti,gen_ratio,gen=0.4,11,20,228,300,229,760.00
ssti,gen_ratio,gen=0.4,12,20,232,300,233,773.33
ssti,gen_ratio,gen=0.4,13,23,198,300,199,660.00
ssti,gen_ratio,gen=0.4,14,23,197,300,198,656.67
ssti,gen_ratio,gen=0.4,15,21,210,300,211,700.00
ssti,gen_ratio,gen=0.4,16,20,210,300,211,700.00
ssti,gen_ratio,gen=0.4,17,20,201,300,202,670.00
ssti,gen_ratio,gen=0.4,18,23,221,300,222,736.67
ssti,gen_ratio,gen=0.4,19,21,237,300,238,790.00
ssti,gen_ratio,gen=0.5,0,20,223,300,224,743.33
ssti,gen_ratio,gen=0.5,1,21,207,300,208,690.00
ssti,gen_ratio,gen=0.5,2,21,229,300,230,763.33
ssti,gen_ratio,gen=0.5,3,21,214,300,215,713.33
ssti,gen_ratio,gen=0.5,4,20,225,300,226,750.00
ssti,gen_ratio,gen=0.5,5,20,218,300,219,726.67
ssti,gen_ratio,gen=0.5,6,20,225,300,226,750.00
ssti,gen_ratio,gen=0.5,7,20,224,300,225,746.67
ssti,gen_ratio,gen=0.5,8,22,224,300,225,746.67
ssti,gen_ratio,gen=0.5,9,28,221,300,222,736.67
ssti,gen_ratio,gen=0.5,10,22,224,300,225,746.67
ssti,gen_ratio,gen=0.5,11,20,242,300,243,806.67
ssti,gen_ratio,gen=0.5,12,23,223,300,224,743.33
ssti,gen_ratio,gen=0.5,13,23,215,300,216,716.67
ssti,gen_ratio,gen=0.5,14,28,197,300,198,656.67
ssti,gen_ratio,gen=0.5,15,22,212,300,213,706.67
ssti,gen_ratio,gen=0.5,16,20,220,300,221,733.33
ssti,gen_ratio,gen=0.5,17,20,226,300,227,753.33
ssti,gen_ratio,gen=0.5,18,27,231,300,232,770.00
ssti,gen_ratio,gen=0.5,19,31,216,300,217,720.00
ssti,gen_ratio,gen=0.6,0,28,206,300,207,686.67
ssti,gen_ratio,gen=0.6,1,20,208,300,209,693.33
ssti,gen_ratio,gen=0.6,2,20,222,300,222,740.00
ssti,gen_ratio,gen=0.6,3,22,226,300,227,753.33
ssti,gen_ratio,gen=0.6,4,23,210,300,211,700.00
ssti,gen_ratio,gen=0.6,5,21,220,300,221,733.33
ssti,gen_ratio,gen=0.6,6,21,218,300,219,726.67
ssti,gen_ratio,gen=0.6,7,23,225,300,226,750.00
ssti,gen_ratio,gen=0.6,8,23,222,300,223,740.00
ssti,gen_ratio,gen=0.6,9,22,232,300,233,773.33
ssti,gen_ratio,gen=0.6,10,21,216,300,217,720.00
ssti,gen_ratio,gen=0.6,11,24,222,300,223,740.00
ssti,gen_ratio,gen=0.6,12,29,206,300,207,686.67
ssti,gen_ratio,gen=0.6,13,28,204,300,205,680.00
ssti,gen_ratio,gen=0.6,14,26,201,300,201,670.00
ssti,gen_ratio,gen=0.6,15,23,224,300,225,746.67
ssti,gen_ratio,gen=0.6,16,24,217,300,218,723.33
ssti,gen_ratio,gen=0.6,17,27,196,300,196,653.33
ssti,gen_ratio,gen=0.6,18,22,227,300,228,756.67
ssti,gen_ratio,gen=0.6,19,21,227,300,228,756.67
ssti,gen_ratio,gen=0.7,0,25,201,300,202,670.00
ssti,gen_ratio,gen=0.7,1,22,212,300,213,706.67
ssti,gen_ratio,gen=0.7,2,22,204,300,205,680.00
ssti,gen_ratio,gen=0.7,3,21,220,300,221,733.33
ssti,gen_ratio,gen=0.7,4,21,211,300,212,703.33
ssti,gen_ratio,gen=0.7,5,20,224,300,225,746.67
ssti,gen_ratio,gen=0.7,6,20,209,300,210,696.67
ssti,gen_ratio,gen=0.7,7,21,220,300,221,733.33
ssti,gen_ratio,gen=0.7,8,21,217,300,218,723.33
ssti,gen_ratio,gen=0.7,9,21,214,300,215,713.33
ssti,gen_ratio,gen=0.7,10,24,208,300,209,693.33
ssti,gen_ratio,gen=0.7,11,21,210,300,211,700.00
ssti,gen_ratio,gen=0.7,12,24,215,300,216,716.67
ssti,gen_ratio,gen=0.7,13,22,209,300,210,696.67
ssti,gen_ratio,gen=0.7,14,21,206,300,207,686.67
ssti,gen_ratio,gen=0.7,15,22,206,300,207,686.67
ssti,gen_ratio,gen=0.7,16,21,213,300,214,710.00
ssti,gen_ratio,gen=0.7,17,21,208,300,209,693.33
ssti,gen_ratio,gen=0.7,18,21,216,300,217,720.00
ssti,gen_ratio,gen=0.7,19,20,224,300,225,746.67
ssti,gen_ratio,gen=0.8,0,24,209,300,210,696.67
ssti,gen_ratio,gen=0.8,1,21,199,300,200,663.33
ssti,gen_ratio,gen=0.8,2,22,213,300,214,710.00
ssti,gen_ratio,gen=0.8,3,22,212,300,213,706.67
ssti,gen_ratio,gen=0.8,4,22,209,300,210,696.67
ssti,gen_ratio,gen=0.8,5,25,207,300,208,690.00
ssti,gen_ratio,gen=0.8,6,26,214,300,215,713.33
ssti,gen_ratio,gen=0.8,7,21,225,300,226,750.00
ssti,gen_ratio,gen=0.8,8,21,216,300,217,720.00
ssti,gen_ratio,gen=0.8,9,21,211,300,212,703.33
ssti,gen_ratio,gen=0.8,10,21,195,300,196,650.00
ssti,gen_ratio,gen=0.8,11,21,223,300,224,743.33
ssti,gen_ratio,gen=0.8,12,22,204,300,205,680.00
ssti,gen_ratio,gen=0.8,13,22,210,300,211,700.00
ssti,gen_ratio,gen=0.8,14,21,206,300,207,686.67
ssti,gen_ratio,gen=0.8,15,24,210,300,211,700.00
ssti,gen_ratio,gen=0.8,16,23,199,300,200,663.33
ssti,gen_ratio,gen=0.8,17,22,209,300,210,696.67
ssti,gen_ratio,gen=0.8,18,22,200,300,201,666.67
ssti,gen_ratio,gen=0.8,19,26,202,300,203,673.33
ssti,gen_ratio,gen=0.9,0,27,207,300,208,690.00
ssti,gen_ratio,gen=0.9,1,21,204,300,205,680.00
ssti,gen_ratio,gen=0.9,2,22,202,300,203,673.33
ssti,gen_ratio,gen=0.9,3,22,210,300,211,700.00
ssti,gen_ratio,gen=0.9,4,21,211,300,212,703.33
ssti,gen_ratio,gen=0.9,5,26,211,300,212,703.33
ssti,gen_ratio,gen=0.9,6,22,195,300,196,650.00
ssti,gen_ratio,gen=0.9,7,24,221,300,222,736.67
ssti,gen_ratio,gen=0.9,8,21,208,300,209,693.33
ssti,gen_ratio,gen=0.9,9,23,203,300,204,676.67
ssti,gen_ratio,gen=0.9,10,28,200,300,201,666.67
ssti,gen_ratio,gen=0.9,11,23,205,300,206,683.33
ssti,gen_ratio,gen=0.9,12,27,207,300,208,690.00
ssti,gen_ratio,gen=0.9,13,29,209,300,210,696.67
ssti,gen_ratio,gen=0.9,14,21,218,300,219,726.67
ssti,gen_ratio,gen=0.9,15,22,202,300,203,673.33
ssti,gen_ratio,gen=0.9,16,28,199,300,200,663.33
ssti,gen_ratio,gen=0.9,17,31,188,300,189,626.67
ssti,gen_ratio,gen=0.9,18,25,214,300,215,713.33
ssti,gen_ratio,gen=0.9,19,22,207,300,208,690.00
ssti,gen_ratio,gen=1.0,0,23,199,300,200,663.33
ssti,gen_ratio,gen=1.0,1,21,195,300,195,650.00
ssti,gen_ratio,gen=1.0,2,22,210,300,211,700.00
ssti,gen_ratio,gen=1.0,3,21,202,300,203,673.33
ssti,gen_ratio,gen=1.0,4,22,208,300,209,693.33
ssti,gen_ratio,gen=1.0,5,24,213,300,214,710.00
ssti,gen_ratio,gen=1.0,6,22,207,300,208,690.00
ssti,gen_ratio,gen=1.0,7,22,207,300,208,690.00
ssti,gen_ratio,gen=1.0,8,21,216,300,217,720.00
ssti,gen_ratio,gen=1.0,9,23,203,300,204,676.67
ssti,gen_ratio,gen=1.0,10,28,184,300,185,613.33
ssti,gen_ratio,gen=1.0,11,27,207,300,208,690.00
ssti,gen_ratio,gen=1.0,12,22,209,300,210,696.67
ssti,gen_ratio,gen=1.0,13,21,211,300,212,703.33
ssti,gen_ratio,gen=1.0,14,23,209,300,210,696.67
ssti,gen_ratio,gen=1.0,15,23,196,300,197,653.33
ssti,gen_ratio,gen=1.0,16,23,197,300,198,656.67
ssti,gen_ratio,gen=1.0,17,22,191,300,192,636.67
ssti,gen_ratio,gen=1.0,18,22,206,300,207,686.67
ssti,gen_ratio,gen=1.0,19,24,200,300,201,666.67
ssti,length,len=short,0,19,250,300,250,833.33
ssti,length,len=short,1,19,252,300,253,840.00
ssti,length,len=short,2,18,249,300,247,830.00
ssti,length,len=short,3,18,244,300,244,813.33
ssti,length,len=short,4,18,253,300,254,843.33
ssti,length,len=short,5,20,252,300,252,840.00
ssti,length,len=short,6,18,242,300,241,806.67
ssti,length,len=short,7,18,247,300,247,823.33
ssti,length,len=short,8,18,250,300,251,833.33
ssti,length,len=short,9,18,253,300,252,843.33
ssti,length,len=short,10,19,251,300,252,836.67
ssti,length,len=short,11,19,250,300,249,833.33
ssti,length,len=short,12,19,255,300,255,850.00
ssti,length,len=short,13,18,233,300,230,776.67
ssti,length,len=short,14,19,256,300,254,853.33
ssti,length,len=short,15,19,250,300,250,833.33
ssti,length,len=short,16,19,242,300,241,806.67
ssti,length,len=short,17,20,238,300,237,793.33
ssti,length,len=short,18,19,252,300,249,840.00
ssti,length,len=short,19,19,232,300,232,773.33
ssti,length,len=medium,0,21,201,300,202,670.00
ssti,length,len=medium,1,21,212,300,213,706.67
ssti,length,len=medium,2,28,204,300,205,680.00
ssti,length,len=medium,3,22,220,300,221,733.33
ssti,length,len=medium,4,21,211,300,212,703.33
ssti,length,len=medium,5,24,224,300,225,746.67
ssti,length,len=medium,6,28,209,300,210,696.67
ssti,length,len=medium,7,25,220,300,221,733.33
ssti,length,len=medium,8,21,217,300,218,723.33
ssti,length,len=medium,9,21,214,300,215,713.33
ssti,length,len=medium,10,21,208,300,209,693.33
ssti,length,len=medium,11,26,210,300,211,700.00
ssti,length,len=medium,12,23,215,300,216,716.67
ssti,length,len=medium,13,21,209,300,210,696.67
ssti,length,len=medium,14,21,206,300,207,686.67
ssti,length,len=medium,15,23,206,300,207,686.67
ssti,length,len=medium,16,22,213,300,214,710.00
ssti,length,len=medium,17,22,208,300,209,693.33
ssti,length,len=medium,18,21,216,300,217,720.00
ssti,length,len=medium,19,22,224,300,225,746.67
ssti,length,len=long,0,38,163,300,164,543.33
ssti,length,len=long,1,29,157,300,158,523.33
ssti,length,len=long,2,28,161,300,162,536.67
ssti,length,len=long,3,36,151,300,152,503.33
ssti,length,len=long,4,34,156,300,157,520.00
ssti,length,len=long,5,28,152,300,153,506.67
ssti,length,len=long,6,31,161,300,162,536.67
ssti,length,len=long,7,30,163,300,164,543.33
ssti,length,len=long,8,26,169,300,170,563.33
ssti,length,len=long,9,49,163,300,164,543.33
ssti,length,len=long,10,30,159,300,160,530.00
ssti,length,len=long,11,31,154,300,155,513.33
ssti,length,len=long,12,29,149,300,150,496.67
ssti,length,len=long,13,26,155,300,156,516.67
ssti,length,len=long,14,26,149,300,150,496.67
ssti,length,len=long,15,28,161,300,162,536.67
ssti,length,len=long,16,29,154,300,155,513.33
ssti,length,len=long,17,26,142,300,143,473.33
ssti,length,len=long,18,37,167,300,168,556.67
ssti,length,len=long,19,29,163,300,164,543.33
ssti,havoc,havoc=default,0,26,201,300,202,670.00
ssti,havoc,havoc=default,1,25,212,300,213,706.67
ssti,havoc,havoc=default,2,22,204,300,205,680.00
ssti,havoc,havoc=default,3,25,220,300,221,733.33
ssti,havoc,havoc=default,4,21,211,300,212,703.33
ssti,havoc,havoc=default,5,21,224,300,225,746.67
ssti,havoc,havoc=default,6,20,209,300,210,696.67
ssti,havoc,havoc=default,7,21,220,300,221,733.33
ssti,havoc,havoc=default,8,20,217,300,218,723.33
ssti,havoc,havoc=default,9,20,214,300,215,713.33
ssti,havoc,havoc=default,10,20,208,300,209,693.33
ssti,havoc,havoc=default,11,27,210,300,211,700.00
ssti,havoc,havoc=default,12,29,215,300,216,716.67
ssti,havoc,havoc=default,13,21,209,300,210,696.67
ssti,havoc,havoc=default,14,22,206,300,207,686.67
ssti,havoc,havoc=default,15,22,206,300,207,686.67
ssti,havoc,havoc=default,16,26,213,300,214,710.00
ssti,havoc,havoc=default,17,24,208,300,209,693.33
ssti,havoc,havoc=default,18,22,216,300,217,720.00
ssti,havoc,havoc=default,19,21,224,300,225,746.67
ssti,havoc,havoc=structural,0,24,203,300,204,676.67
ssti,havoc,havoc=structural,1,33,203,300,204,676.67
ssti,havoc,havoc=structural,2,24,213,300,213,710.00
ssti,havoc,havoc=structural,3,22,204,300,205,680.00
ssti,havoc,havoc=structural,4,20,209,300,210,696.67
ssti,havoc,havoc=structural,5,27,203,300,204,676.67
ssti,havoc,havoc=structural,6,26,198,300,199,660.00
ssti,havoc,havoc=structural,7,20,223,300,224,743.33
ssti,havoc,havoc=structural,8,20,219,300,219,730.00
ssti,havoc,havoc=structural,9,20,209,300,210,696.67
ssti,havoc,havoc=structural,10,21,197,300,198,656.67
ssti,havoc,havoc=structural,11,21,221,300,222,736.67
ssti,havoc,havoc=structural,12,24,208,300,209,693.33
ssti,havoc,havoc=structural,13,20,210,300,211,700.00
ssti,havoc,havoc=structural,14,21,197,300,197,656.67
ssti,havoc,havoc=structural,15,22,211,300,212,703.33
ssti,havoc,havoc=structural,16,22,200,300,201,666.67
ssti,havoc,havoc=structural,17,27,194,300,195,646.67
ssti,havoc,havoc=structural,18,20,213,300,214,710.00
ssti,havoc,havoc=structural,19,25,213,300,214,710.00
ssti,havoc,havoc=destructive,0,30,226,300,227,753.33
ssti,havoc,havoc=destructive,1,22,221,300,222,736.67
ssti,havoc,havoc=destructive,2,38,223,300,224,743.33
ssti,havoc,havoc=destructive,3,22,226,300,227,753.33
ssti,havoc,havoc=destructive,4,22,224,300,225,746.67
ssti,havoc,havoc=destructive,5,21,218,300,219,726.67
ssti,havoc,havoc=destructive,6,22,216,300,217,720.00
ssti,havoc,havoc=destructive,7,26,224,300,225,746.67
ssti,havoc,havoc=destructive,8,29,232,300,233,773.33
ssti,havoc,havoc=destructive,9,25,226,300,227,753.33
ssti,havoc,havoc=destructive,10,24,228,300,229,760.00
ssti,havoc,havoc=destructive,11,23,221,300,222,736.67
ssti,havoc,havoc=destructive,12,21,232,300,233,773.33
ssti,havoc,havoc=destructive,13,25,229,300,230,763.33
ssti,havoc,havoc=destructive,14,23,214,300,215,713.33
ssti,havoc,havoc=destructive,15,25,222,300,223,740.00
ssti,havoc,havoc=destructive,16,22,223,300,224,743.33
ssti,havoc,havoc=destructive,17,47,229,300,230,763.33
ssti,havoc,havoc=destructive,18,24,231,300,232,770.00
ssti,havoc,havoc=destructive,19,22,214,300,215,713.33
ssti,havoc,havoc=encoding,0,21,208,300,209,693.33
ssti,havoc,havoc=encoding,1,23,215,300,216,716.67
ssti,havoc,havoc=encoding,2,24,212,300,213,706.67
ssti,havoc,havoc=encoding,3,21,216,300,216,720.00
ssti,havoc,havoc=encoding,4,20,228,300,229,760.00
ssti,havoc,havoc=encoding,5,20,198,300,199,660.00
ssti,havoc,havoc=encoding,6,21,209,300,210,696.67
ssti,havoc,havoc=encoding,7,21,226,300,227,753.33
ssti,havoc,havoc=encoding,8,21,203,300,204,676.67
ssti,havoc,havoc=encoding,9,20,210,300,211,700.00
ssti,havoc,havoc=encoding,10,21,202,300,203,673.33
ssti,havoc,havoc=encoding,11,23,221,300,222,736.67
ssti,havoc,havoc=encoding,12,22,212,300,213,706.67
ssti,havoc,havoc=encoding,13,21,203,300,204,676.67
ssti,havoc,havoc=encoding,14,21,203,300,204,676.67
ssti,havoc,havoc=encoding,15,27,216,300,217,720.00
ssti,havoc,havoc=encoding,16,22,227,300,228,756.67
ssti,havoc,havoc=encoding,17,20,196,300,197,653.33
ssti,havoc,havoc=encoding,18,21,215,300,216,716.67
ssti,havoc,havoc=encoding,19,20,223,300,224,743.33
ssti,placement,place=a0.0_p0.5,0,26,202,300,203,673.33
ssti,placement,place=a0.0_p0.5,1,23,198,300,199,660.00
ssti,placement,place=a0.0_p0.5,2,25,211,300,212,703.33
ssti,placement,place=a0.0_p0.5,3,21,210,300,211,700.00
ssti,placement,place=a0.0_p0.5,4,26,228,300,229,760.00
ssti,placement,place=a0.0_p0.5,5,27,219,300,220,730.00
ssti,placement,place=a0.0_p0.5,6,23,221,300,222,736.67
ssti,placement,place=a0.0_p0.5,7,21,221,300,222,736.67
ssti,placement,place=a0.0_p0.5,8,21,227,300,228,756.67
ssti,placement,place=a0.0_p0.5,9,20,209,300,209,696.67
ssti,placement,place=a0.0_p0.5,10,25,197,300,198,656.67
ssti,placement,place=a0.0_p0.5,11,20,215,300,216,716.67
ssti,placement,place=a0.0_p0.5,12,22,213,300,214,710.00
ssti,placement,place=a0.0_p0.5,13,21,207,300,207,690.00
ssti,placement,place=a0.0_p0.5,14,25,216,300,217,720.00
ssti,placement,place=a0.0_p0.5,15,26,205,300,206,683.33
ssti,placement,place=a0.0_p0.5,16,21,203,300,204,676.67
ssti,placement,place=a0.0_p0.5,17,21,206,300,207,686.67
ssti,placement,place=a0.0_p0.5,18,23,227,300,228,756.67
ssti,placement,place=a0.0_p0.5,19,25,207,300,208,690.00
ssti,placement,place=a0.0_p1.0,0,22,202,300,203,673.33
ssti,placement,place=a0.0_p1.0,1,21,198,300,199,660.00
ssti,placement,place=a0.0_p1.0,2,20,211,300,212,703.33
ssti,placement,place=a0.0_p1.0,3,20,210,300,211,700.00
ssti,placement,place=a0.0_p1.0,4,20,228,300,229,760.00
ssti,placement,place=a0.0_p1.0,5,21,219,300,220,730.00
ssti,placement,place=a0.0_p1.0,6,20,221,300,222,736.67
ssti,placement,place=a0.0_p1.0,7,21,221,300,222,736.67
ssti,placement,place=a0.0_p1.0,8,20,227,300,228,756.67
ssti,placement,place=a0.0_p1.0,9,20,209,300,209,696.67
ssti,placement,place=a0.0_p1.0,10,22,197,300,198,656.67
ssti,placement,place=a0.0_p1.0,11,20,215,300,216,716.67
ssti,placement,place=a0.0_p1.0,12,21,213,300,214,710.00
ssti,placement,place=a0.0_p1.0,13,24,207,300,207,690.00
ssti,placement,place=a0.0_p1.0,14,24,216,300,217,720.00
ssti,placement,place=a0.0_p1.0,15,22,205,300,206,683.33
ssti,placement,place=a0.0_p1.0,16,20,203,300,204,676.67
ssti,placement,place=a0.0_p1.0,17,20,206,300,207,686.67
ssti,placement,place=a0.0_p1.0,18,27,227,300,228,756.67
ssti,placement,place=a0.0_p1.0,19,27,207,300,208,690.00
ssti,placement,place=a0.0_p2.0,0,21,202,300,203,673.33
ssti,placement,place=a0.0_p2.0,1,21,198,300,199,660.00
ssti,placement,place=a0.0_p2.0,2,20,211,300,212,703.33
ssti,placement,place=a0.0_p2.0,3,28,210,300,211,700.00
ssti,placement,place=a0.0_p2.0,4,21,228,300,229,760.00
ssti,placement,place=a0.0_p2.0,5,20,219,300,220,730.00
ssti,placement,place=a0.0_p2.0,6,20,221,300,222,736.67
ssti,placement,place=a0.0_p2.0,7,20,221,300,222,736.67
ssti,placement,place=a0.0_p2.0,8,20,227,300,228,756.67
ssti,placement,place=a0.0_p2.0,9,21,209,300,209,696.67
ssti,placement,place=a0.0_p2.0,10,25,197,300,198,656.67
ssti,placement,place=a0.0_p2.0,11,20,215,300,216,716.67
ssti,placement,place=a0.0_p2.0,12,21,213,300,214,710.00
ssti,placement,place=a0.0_p2.0,13,21,207,300,207,690.00
ssti,placement,place=a0.0_p2.0,14,23,216,300,217,720.00
ssti,placement,place=a0.0_p2.0,15,21,205,300,206,683.33
ssti,placement,place=a0.0_p2.0,16,20,203,300,204,676.67
ssti,placement,place=a0.0_p2.0,17,23,206,300,207,686.67
ssti,placement,place=a0.0_p2.0,18,21,227,300,228,756.67
ssti,placement,place=a0.0_p2.0,19,22,207,300,208,690.00
ssti,placement,place=a0.0_p4.0,0,20,202,300,203,673.33
ssti,placement,place=a0.0_p4.0,1,21,198,300,199,660.00
ssti,placement,place=a0.0_p4.0,2,24,211,300,212,703.33
ssti,placement,place=a0.0_p4.0,3,29,210,300,211,700.00
ssti,placement,place=a0.0_p4.0,4,29,228,300,229,760.00
ssti,placement,place=a0.0_p4.0,5,25,219,300,220,730.00
ssti,placement,place=a0.0_p4.0,6,20,221,300,222,736.67
ssti,placement,place=a0.0_p4.0,7,20,221,300,222,736.67
ssti,placement,place=a0.0_p4.0,8,25,227,300,228,756.67
ssti,placement,place=a0.0_p4.0,9,22,209,300,209,696.67
ssti,placement,place=a0.0_p4.0,10,21,197,300,198,656.67
ssti,placement,place=a0.0_p4.0,11,21,215,300,216,716.67
ssti,placement,place=a0.0_p4.0,12,21,213,300,214,710.00
ssti,placement,place=a0.0_p4.0,13,24,207,300,207,690.00
ssti,placement,place=a0.0_p4.0,14,27,216,300,217,720.00
ssti,placement,place=a0.0_p4.0,15,21,205,300,206,683.33
ssti,placement,place=a0.0_p4.0,16,20,203,300,204,676.67
ssti,placement,place=a0.0_p4.0,17,21,206,300,207,686.67
ssti,placement,place=a0.0_p4.0,18,23,227,300,228,756.67
ssti,placement,place=a0.0_p4.0,19,22,207,300,208,690.00
ssti,placement,place=a0.5_p0.0,0,21,212,300,213,706.67
ssti,placement,place=a0.5_p0.0,1,21,206,300,207,686.67
ssti,placement,place=a0.5_p0.0,2,28,211,300,212,703.33
ssti,placement,place=a0.5_p0.0,3,24,226,300,227,753.33
ssti,placement,place=a0.5_p0.0,4,24,220,300,221,733.33
ssti,placement,place=a0.5_p0.0,5,20,217,300,218,723.33
ssti,placement,place=a0.5_p0.0,6,21,199,300,200,663.33
ssti,placement,place=a0.5_p0.0,7,23,217,300,218,723.33
ssti,placement,place=a0.5_p0.0,8,21,222,300,223,740.00
ssti,placement,place=a0.5_p0.0,9,20,220,300,221,733.33
ssti,placement,place=a0.5_p0.0,10,21,209,300,210,696.67
ssti,placement,place=a0.5_p0.0,11,23,220,300,221,733.33
ssti,placement,place=a0.5_p0.0,12,22,226,300,227,753.33
ssti,placement,place=a0.5_p0.0,13,20,213,300,214,710.00
ssti,placement,place=a0.5_p0.0,14,21,217,300,218,723.33
ssti,placement,place=a0.5_p0.0,15,25,214,300,215,713.33
ssti,placement,place=a0.5_p0.0,16,22,210,300,211,700.00
ssti,placement,place=a0.5_p0.0,17,22,209,300,209,696.67
ssti,placement,place=a0.5_p0.0,18,20,228,300,229,760.00
ssti,placement,place=a0.5_p0.0,19,20,221,300,221,736.67
ssti,placement,place=a0.5_p0.5,0,20,206,300,207,686.67
ssti,placement,place=a0.5_p0.5,1,29,218,300,219,726.67
ssti,placement,place=a0.5_p0.5,2,24,222,300,223,740.00
ssti,placement,place=a0.5_p0.5,3,21,216,300,217,720.00
ssti,placement,place=a0.5_p0.5,4,20,211,300,212,703.33
ssti,placement,place=a0.5_p0.5,5,26,209,300,210,696.67
ssti,placement,place=a0.5_p0.5,6,21,203,300,204,676.67
ssti,placement,place=a0.5_p0.5,7,20,222,300,223,740.00
ssti,placement,place=a0.5_p0.5,8,21,219,300,220,730.00
ssti,placement,place=a0.5_p0.5,9,20,220,300,221,733.33
ssti,placement,place=a0.5_p0.5,10,22,208,300,209,693.33
ssti,placement,place=a0.5_p0.5,11,22,211,300,212,703.33
ssti,placement,place=a0.5_p0.5,12,21,213,300,214,710.00
ssti,placement,place=a0.5_p0.5,13,21,209,300,210,696.67
ssti,placement,place=a0.5_p0.5,14,20,214,300,215,713.33
ssti,placement,place=a0.5_p0.5,15,28,209,300,210,696.67
ssti,placement,place=a0.5_p0.5,16,23,202,300,203,673.33
ssti,placement,place=a0.5_p0.5,17,20,210,300,211,700.00
ssti,placement,place=a0.5_p0.5,18,21,218,300,219,726.67
ssti,placement,place=a0.5_p0.5,19,20,224,300,225,746.67
ssti,placement,place=a0.5_p1.0,0,21,203,300,204,676.67
ssti,placement,place=a0.5_p1.0,1,21,199,300,200,663.33
ssti,placement,place=a0.5_p1.0,2,21,203,300,204,676.67
ssti,placement,place=a0.5_p1.0,3,20,213,300,214,710.00
ssti,placement,place=a0.5_p1.0,4,21,216,300,217,720.00
ssti,placement,place=a0.5_p1.0,5,28,213,300,214,710.00
ssti,placement,place=a0.5_p1.0,6,25,200,300,201,666.67
ssti,placement,place=a0.5_p1.0,7,21,212,300,213,706.67
ssti,placement,place=a0.5_p1.0,8,21,222,300,223,740.00
ssti,placement,place=a0.5_p1.0,9,21,197,300,198,656.67
ssti,placement,place=a0.5_p1.0,10,21,203,300,204,676.67
ssti,placement,place=a0.5_p1.0,11,25,213,300,214,710.00
ssti,placement,place=a0.5_p1.0,12,21,226,300,227,753.33
ssti,placement,place=a0.5_p1.0,13,21,197,300,198,656.67
ssti,placement,place=a0.5_p1.0,14,24,208,300,209,693.33
ssti,placement,place=a0.5_p1.0,15,31,206,300,207,686.67
ssti,placement,place=a0.5_p1.0,16,23,209,300,210,696.67
ssti,placement,place=a0.5_p1.0,17,21,206,300,207,686.67
ssti,placement,place=a0.5_p1.0,18,22,219,300,220,730.00
ssti,placement,place=a0.5_p1.0,19,32,217,300,218,723.33
ssti,placement,place=a0.5_p2.0,0,28,215,300,216,716.67
ssti,placement,place=a0.5_p2.0,1,22,211,300,212,703.33
ssti,placement,place=a0.5_p2.0,2,21,210,300,211,700.00
ssti,placement,place=a0.5_p2.0,3,23,207,300,208,690.00
ssti,placement,place=a0.5_p2.0,4,28,215,300,216,716.67
ssti,placement,place=a0.5_p2.0,5,22,219,300,220,730.00
ssti,placement,place=a0.5_p2.0,6,21,210,300,211,700.00
ssti,placement,place=a0.5_p2.0,7,20,220,300,221,733.33
ssti,placement,place=a0.5_p2.0,8,23,217,300,218,723.33
ssti,placement,place=a0.5_p2.0,9,21,204,300,204,680.00
ssti,placement,place=a0.5_p2.0,10,21,201,300,202,670.00
ssti,placement,place=a0.5_p2.0,11,20,207,300,208,690.00
ssti,placement,place=a0.5_p2.0,12,24,211,300,211,703.33
ssti,placement,place=a0.5_p2.0,13,21,209,300,210,696.67
ssti,placement,place=a0.5_p2.0,14,20,212,300,213,706.67
ssti,placement,place=a0.5_p2.0,15,20,220,300,221,733.33
ssti,placement,place=a0.5_p2.0,16,20,219,300,220,730.00
ssti,placement,place=a0.5_p2.0,17,20,208,300,209,693.33
ssti,placement,place=a0.5_p2.0,18,26,224,300,225,746.67
ssti,placement,place=a0.5_p2.0,19,22,226,300,227,753.33
ssti,placement,place=a0.5_p4.0,0,20,215,300,216,716.67
ssti,placement,place=a0.5_p4.0,1,21,197,300,198,656.67
ssti,placement,place=a0.5_p4.0,2,23,215,300,216,716.67
ssti,placement,place=a0.5_p4.0,3,26,204,300,205,680.00
ssti,placement,place=a0.5_p4.0,4,21,218,300,219,726.67
ssti,placement,place=a0.5_p4.0,5,21,218,300,219,726.67
ssti,placement,place=a0.5_p4.0,6,20,209,300,210,696.67
ssti,placement,place=a0.5_p4.0,7,24,220,300,221,733.33
ssti,placement,place=a0.5_p4.0,8,21,235,300,236,783.33
ssti,placement,place=a0.5_p4.0,9,20,204,300,204,680.00
ssti,placement,place=a0.5_p4.0,10,22,197,300,198,656.67
ssti,placement,place=a0.5_p4.0,11,21,221,300,222,736.67
ssti,placement,place=a0.5_p4.0,12,25,213,300,214,710.00
ssti,placement,place=a0.5_p4.0,13,23,202,300,203,673.33
ssti,placement,place=a0.5_p4.0,14,21,212,300,213,706.67
ssti,placement,place=a0.5_p4.0,15,21,207,300,208,690.00
ssti,placement,place=a0.5_p4.0,16,20,214,300,215,713.33
ssti,placement,place=a0.5_p4.0,17,27,207,300,208,690.00
ssti,placement,place=a0.5_p4.0,18,25,220,300,221,733.33
ssti,placement,place=a0.5_p4.0,19,21,226,300,227,753.33
ssti,placement,place=a1.0_p0.0,0,20,212,300,213,706.67
ssti,placement,place=a1.0_p0.0,1,20,206,300,207,686.67
ssti,placement,place=a1.0_p0.0,2,22,211,300,212,703.33
ssti,placement,place=a1.0_p0.0,3,22,226,300,227,753.33
ssti,placement,place=a1.0_p0.0,4,22,220,300,221,733.33
ssti,placement,place=a1.0_p0.0,5,21,217,300,218,723.33
ssti,placement,place=a1.0_p0.0,6,24,199,300,200,663.33
ssti,placement,place=a1.0_p0.0,7,28,217,300,218,723.33
ssti,placement,place=a1.0_p0.0,8,22,222,300,223,740.00
ssti,placement,place=a1.0_p0.0,9,20,220,300,221,733.33
ssti,placement,place=a1.0_p0.0,10,21,209,300,210,696.67
ssti,placement,place=a1.0_p0.0,11,21,220,300,221,733.33
ssti,placement,place=a1.0_p0.0,12,29,226,300,227,753.33
ssti,placement,place=a1.0_p0.0,13,29,213,300,214,710.00
ssti,placement,place=a1.0_p0.0,14,24,217,300,218,723.33
ssti,placement,place=a1.0_p0.0,15,26,214,300,215,713.33
ssti,placement,place=a1.0_p0.0,16,21,210,300,211,700.00
ssti,placement,place=a1.0_p0.0,17,20,209,300,209,696.67
ssti,placement,place=a1.0_p0.0,18,20,228,300,229,760.00
ssti,placement,place=a1.0_p0.0,19,23,221,300,221,736.67
ssti,placement,place=a1.0_p0.5,0,22,209,300,210,696.67
ssti,placement,place=a1.0_p0.5,1,21,217,300,218,723.33
ssti,placement,place=a1.0_p0.5,2,21,218,300,219,726.67
ssti,placement,place=a1.0_p0.5,3,21,220,300,221,733.33
ssti,placement,place=a1.0_p0.5,4,24,216,300,217,720.00
ssti,placement,place=a1.0_p0.5,5,22,218,300,219,726.67
ssti,placement,place=a1.0_p0.5,6,25,201,300,202,670.00
ssti,placement,place=a1.0_p0.5,7,20,220,300,221,733.33
ssti,placement,place=a1.0_p0.5,8,22,212,300,213,706.67
ssti,placement,place=a1.0_p0.5,9,21,215,300,216,716.67
ssti,placement,place=a1.0_p0.5,10,29,214,300,215,713.33
ssti,placement,place=a1.0_p0.5,11,21,223,300,224,743.33
ssti,placement,place=a1.0_p0.5,12,21,213,300,214,710.00
ssti,placement,place=a1.0_p0.5,13,21,193,300,194,643.33
ssti,placement,place=a1.0_p0.5,14,27,211,300,212,703.33
ssti,placement,place=a1.0_p0.5,15,25,207,300,208,690.00
ssti,placement,place=a1.0_p0.5,16,20,210,300,211,700.00
ssti,placement,place=a1.0_p0.5,17,20,210,300,210,700.00
ssti,placement,place=a1.0_p0.5,18,21,219,300,220,730.00
ssti,placement,place=a1.0_p0.5,19,24,228,300,229,760.00
ssti,placement,place=a1.0_p1.0,0,21,206,300,207,686.67
ssti,placement,place=a1.0_p1.0,1,20,218,300,219,726.67
ssti,placement,place=a1.0_p1.0,2,21,222,300,223,740.00
ssti,placement,place=a1.0_p1.0,3,23,216,300,217,720.00
ssti,placement,place=a1.0_p1.0,4,27,211,300,212,703.33
ssti,placement,place=a1.0_p1.0,5,20,209,300,210,696.67
ssti,placement,place=a1.0_p1.0,6,20,203,300,204,676.67
ssti,placement,place=a1.0_p1.0,7,21,222,300,223,740.00
ssti,placement,place=a1.0_p1.0,8,28,219,300,220,730.00
ssti,placement,place=a1.0_p1.0,9,24,220,300,221,733.33
ssti,placement,place=a1.0_p1.0,10,21,208,300,209,693.33
ssti,placement,place=a1.0_p1.0,11,21,211,300,212,703.33
ssti,placement,place=a1.0_p1.0,12,21,213,300,214,710.00
ssti,placement,place=a1.0_p1.0,13,25,209,300,210,696.67
ssti,placement,place=a1.0_p1.0,14,26,214,300,215,713.33
ssti,placement,place=a1.0_p1.0,15,22,209,300,210,696.67
ssti,placement,place=a1.0_p1.0,16,21,202,300,203,673.33
ssti,placement,place=a1.0_p1.0,17,20,210,300,211,700.00
ssti,placement,place=a1.0_p1.0,18,25,218,300,219,726.67
ssti,placement,place=a1.0_p1.0,19,26,224,300,225,746.67
ssti,placement,place=a1.0_p2.0,0,20,203,300,204,676.67
ssti,placement,place=a1.0_p2.0,1,20,199,300,200,663.33
ssti,placement,place=a1.0_p2.0,2,22,203,300,204,676.67
ssti,placement,place=a1.0_p2.0,3,21,213,300,214,710.00
ssti,placement,place=a1.0_p2.0,4,21,216,300,217,720.00
ssti,placement,place=a1.0_p2.0,5,21,213,300,214,710.00
ssti,placement,place=a1.0_p2.0,6,20,200,300,201,666.67
ssti,placement,place=a1.0_p2.0,7,20,212,300,213,706.67
ssti,placement,place=a1.0_p2.0,8,22,222,300,223,740.00
ssti,placement,place=a1.0_p2.0,9,27,197,300,198,656.67
ssti,placement,place=a1.0_p2.0,10,21,203,300,204,676.67
ssti,placement,place=a1.0_p2.0,11,23,213,300,214,710.00
ssti,placement,place=a1.0_p2.0,12,20,226,300,227,753.33
ssti,placement,place=a1.0_p2.0,13,29,197,300,198,656.67
ssti,placement,place=a1.0_p2.0,14,22,208,300,209,693.33
ssti,placement,place=a1.0_p2.0,15,22,206,300,207,686.67
ssti,placement,place=a1.0_p2.0,16,20,209,300,210,696.67
ssti,placement,place=a1.0_p2.0,17,20,206,300,207,686.67
ssti,placement,place=a1.0_p2.0,18,27,219,300,220,730.00
ssti,placement,place=a1.0_p2.0,19,22,217,300,218,723.33
ssti,placement,place=a1.0_p4.0,0,20,215,300,216,716.67
ssti,placement,place=a1.0_p4.0,1,22,211,300,212,703.33
ssti,placement,place=a1.0_p4.0,2,29,210,300,211,700.00
ssti,placement,place=a1.0_p4.0,3,26,207,300,208,690.00
ssti,placement,place=a1.0_p4.0,4,21,215,300,216,716.67
ssti,placement,place=a1.0_p4.0,5,20,219,300,220,730.00
ssti,placement,place=a1.0_p4.0,6,23,210,300,211,700.00
ssti,placement,place=a1.0_p4.0,7,26,220,300,221,733.33
ssti,placement,place=a1.0_p4.0,8,25,217,300,218,723.33
ssti,placement,place=a1.0_p4.0,9,20,204,300,204,680.00
ssti,placement,place=a1.0_p4.0,10,22,201,300,202,670.00
ssti,placement,place=a1.0_p4.0,11,26,207,300,208,690.00
ssti,placement,place=a1.0_p4.0,12,22,211,300,211,703.33
ssti,placement,place=a1.0_p4.0,13,21,209,300,210,696.67
ssti,placement,place=a1.0_p4.0,14,20,212,300,213,706.67
ssti,placement,place=a1.0_p4.0,15,20,220,300,221,733.33
ssti,placement,place=a1.0_p4.0,16,20,219,300,220,730.00
ssti,placement,place=a1.0_p4.0,17,21,208,300,209,693.33
ssti,placement,place=a1.0_p4.0,18,21,224,300,225,746.67
ssti,placement,place=a1.0_p4.0,19,20,226,300,227,753.33
ssti,placement,place=a2.0_p0.0,0,20,212,300,213,706.67
ssti,placement,place=a2.0_p0.0,1,24,206,300,207,686.67
ssti,placement,place=a2.0_p0.0,2,22,211,300,212,703.33
ssti,placement,place=a2.0_p0.0,3,22,226,300,227,753.33
ssti,placement,place=a2.0_p0.0,4,21,220,300,221,733.33
ssti,placement,place=a2.0_p0.0,5,21,217,300,218,723.33
ssti,placement,place=a2.0_p0.0,6,20,199,300,200,663.33
ssti,placement,place=a2.0_p0.0,7,20,217,300,218,723.33
ssti,placement,place=a2.0_p0.0,8,22,222,300,223,740.00
ssti,placement,place=a2.0_p0.0,9,20,220,300,221,733.33
ssti,placement,place=a2.0_p0.0,10,22,209,300,210,696.67
ssti,placement,place=a2.0_p0.0,11,21,220,300,221,733.33
ssti,placement,place=a2.0_p0.0,12,22,226,300,227,753.33
ssti,placement,place=a2.0_p0.0,13,21,213,300,214,710.00
ssti,placement,place=a2.0_p0.0,14,20,217,300,218,723.33
ssti,placement,place=a2.0_p0.0,15,23,214,300,215,713.33
ssti,placement,place=a2.0_p0.0,16,20,210,300,211,700.00
ssti,placement,place=a2.0_p0.0,17,21,209,300,209,696.67
ssti,placement,place=a2.0_p0.0,18,21,228,300,229,760.00
ssti,placement,place=a2.0_p0.0,19,20,221,300,221,736.67
ssti,placement,place=a2.0_p0.5,0,20,199,300,200,663.33
ssti,placement,place=a2.0_p0.5,1,26,212,300,213,706.67
ssti,placement,place=a2.0_p0.5,2,27,210,300,211,700.00
ssti,placement,place=a2.0_p0.5,3,20,222,300,223,740.00
ssti,placement,place=a2.0_p0.5,4,20,219,300,220,730.00
ssti,placement,place=a2.0_p0.5,5,20,218,300,219,726.67
ssti,placement,place=a2.0_p0.5,6,20,208,300,209,693.33
ssti,placement,place=a2.0_p0.5,7,27,222,300,223,740.00
ssti,placement,place=a2.0_p0.5,8,21,225,300,226,750.00
ssti,placement,place=a2.0_p0.5,9,20,222,300,223,740.00
ssti,placement,place=a2.0_p0.5,10,20,209,300,210,696.67
ssti,placement,place=a2.0_p0.5,11,20,223,300,224,743.33
ssti,placement,place=a2.0_p0.5,12,22,214,300,215,713.33
ssti,placement,place=a2.0_p0.5,13,20,215,300,216,716.67
ssti,placement,place=a2.0_p0.5,14,21,220,300,221,733.33
ssti,placement,place=a2.0_p0.5,15,24,215,300,216,716.67
ssti,placement,place=a2.0_p0.5,16,21,208,300,209,693.33
ssti,placement,place=a2.0_p0.5,17,30,214,300,214,713.33
ssti,placement,place=a2.0_p0.5,18,22,223,300,224,743.33
ssti,placement,place=a2.0_p0.5,19,20,221,300,222,736.67
ssti,placement,place=a2.0_p1.0,0,20,209,300,210,696.67
ssti,placement,place=a2.0_p1.0,1,28,217,300,218,723.33
ssti,placement,place=a2.0_p1.0,2,26,218,300,219,726.67
ssti,placement,place=a2.0_p1.0,3,22,220,300,221,733.33
ssti,placement,place=a2.0_p1.0,4,20,216,300,217,720.00
ssti,placement,place=a2.0_p1.0,5,21,218,300,219,726.67
ssti,placement,place=a2.0_p1.0,6,21,201,300,202,670.00
ssti,placement,place=a2.0_p1.0,7,21,220,300,221,733.33
ssti,placement,place=a2.0_p1.0,8,21,212,300,213,706.67
ssti,placement,place=a2.0_p1.0,9,20,215,300,216,716.67
ssti,placement,place=a2.0_p1.0,10,20,214,300,215,713.33
ssti,placement,place=a2.0_p1.0,11,29,223,300,224,743.33
ssti,placement,place=a2.0_p1.0,12,26,213,300,214,710.00
ssti,placement,place=a2.0_p1.0,13,23,193,300,194,643.33
ssti,placement,place=a2.0_p1.0,14,23,211,300,212,703.33
ssti,placement,place=a2.0_p1.0,15,25,207,300,208,690.00
ssti,placement,place=a2.0_p1.0,16,21,210,300,211,700.00
ssti,placement,place=a2.0_p1.0,17,20,210,300,210,700.00
ssti,placement,place=a2.0_p1.0,18,23,219,300,220,730.00
ssti,placement,place=a2.0_p1.0,19,20,228,300,229,760.00
ssti,placement,place=a2.0_p2.0,0,20,206,300,207,686.67
ssti,placement,place=a2.0_p2.0,1,21,218,300,219,726.67
ssti,placement,place=a2.0_p2.0,2,21,222,300,223,740.00
ssti,placement,place=a2.0_p2.0,3,21,216,300,217,720.00
ssti,placement,place=a2.0_p2.0,4,20,211,300,212,703.33
ssti,placement,place=a2.0_p2.0,5,20,209,300,210,696.67
ssti,placement,place=a2.0_p2.0,6,20,203,300,204,676.67
ssti,placement,place=a2.0_p2.0,7,20,222,300,223,740.00
ssti,placement,place=a2.0_p2.0,8,21,219,300,220,730.00
ssti,placement,place=a2.0_p2.0,9,20,220,300,221,733.33
ssti,placement,place=a2.0_p2.0,10,21,208,300,209,693.33
ssti,placement,place=a2.0_p2.0,11,21,211,300,212,703.33
ssti,placement,place=a2.0_p2.0,12,22,213,300,214,710.00
ssti,placement,place=a2.0_p2.0,13,20,209,300,210,696.67
ssti,placement,place=a2.0_p2.0,14,20,214,300,215,713.33
ssti,placement,place=a2.0_p2.0,15,22,209,300,210,696.67
ssti,placement,place=a2.0_p2.0,16,27,202,300,203,673.33
ssti,placement,place=a2.0_p2.0,17,21,210,300,211,700.00
ssti,placement,place=a2.0_p2.0,18,20,218,300,219,726.67
ssti,placement,place=a2.0_p2.0,19,20,224,300,225,746.67
ssti,placement,place=a2.0_p4.0,0,27,203,300,204,676.67
ssti,placement,place=a2.0_p4.0,1,21,199,300,200,663.33
ssti,placement,place=a2.0_p4.0,2,23,203,300,204,676.67
ssti,placement,place=a2.0_p4.0,3,26,213,300,214,710.00
ssti,placement,place=a2.0_p4.0,4,21,216,300,217,720.00
ssti,placement,place=a2.0_p4.0,5,21,213,300,214,710.00
ssti,placement,place=a2.0_p4.0,6,21,200,300,201,666.67
ssti,placement,place=a2.0_p4.0,7,21,212,300,213,706.67
ssti,placement,place=a2.0_p4.0,8,21,222,300,223,740.00
ssti,placement,place=a2.0_p4.0,9,20,197,300,198,656.67
ssti,placement,place=a2.0_p4.0,10,25,203,300,204,676.67
ssti,placement,place=a2.0_p4.0,11,22,213,300,214,710.00
ssti,placement,place=a2.0_p4.0,12,21,226,300,227,753.33
ssti,placement,place=a2.0_p4.0,13,22,197,300,198,656.67
ssti,placement,place=a2.0_p4.0,14,20,208,300,209,693.33
ssti,placement,place=a2.0_p4.0,15,22,206,300,207,686.67
ssti,placement,place=a2.0_p4.0,16,21,209,300,210,696.67
ssti,placement,place=a2.0_p4.0,17,24,206,300,207,686.67
ssti,placement,place=a2.0_p4.0,18,20,219,300,220,730.00
ssti,placement,place=a2.0_p4.0,19,21,217,300,218,723.33
ssti,placement,place=a4.0_p0.0,0,29,212,300,213,706.67
ssti,placement,place=a4.0_p0.0,1,25,206,300,207,686.67
ssti,placement,place=a4.0_p0.0,2,21,211,300,212,703.33
ssti,placement,place=a4.0_p0.0,3,20,226,300,227,753.33
ssti,placement,place=a4.0_p0.0,4,21,220,300,221,733.33
ssti,placement,place=a4.0_p0.0,5,26,217,300,218,723.33
ssti,placement,place=a4.0_p0.0,6,27,199,300,200,663.33
ssti,placement,place=a4.0_p0.0,7,20,217,300,218,723.33
ssti,placement,place=a4.0_p0.0,8,20,222,300,223,740.00
ssti,placement,place=a4.0_p0.0,9,25,220,300,221,733.33
ssti,placement,place=a4.0_p0.0,10,29,209,300,210,696.67
ssti,placement,place=a4.0_p0.0,11,21,220,300,221,733.33
ssti,placement,place=a4.0_p0.0,12,21,226,300,227,753.33
ssti,placement,place=a4.0_p0.0,13,24,213,300,214,710.00
ssti,placement,place=a4.0_p0.0,14,30,217,300,218,723.33
ssti,placement,place=a4.0_p0.0,15,30,214,300,215,713.33
ssti,placement,place=a4.0_p0.0,16,20,210,300,211,700.00
ssti,placement,place=a4.0_p0.0,17,20,209,300,209,696.67
ssti,placement,place=a4.0_p0.0,18,20,228,300,229,760.00
ssti,placement,place=a4.0_p0.0,19,24,221,300,221,736.67
ssti,placement,place=a4.0_p0.5,0,21,203,300,204,676.67
ssti,placement,place=a4.0_p0.5,1,21,213,300,214,710.00
ssti,placement,place=a4.0_p0.5,2,21,214,300,215,713.33
ssti,placement,place=a4.0_p0.5,3,25,215,300,216,716.67
ssti,placement,place=a4.0_p0.5,4,22,218,300,219,726.67
ssti,placement,place=a4.0_p0.5,5,20,215,300,216,716.67
ssti,placement,place=a4.0_p0.5,6,21,192,300,193,640.00
ssti,placement,place=a4.0_p0.5,7,21,222,300,223,740.00
ssti,placement,place=a4.0_p0.5,8,25,218,300,219,726.67
ssti,placement,place=a4.0_p0.5,9,31,215,300,216,716.67
ssti,placement,place=a4.0_p0.5,10,24,209,300,210,696.67
ssti,placement,place=a4.0_p0.5,11,20,225,300,226,750.00
ssti,placement,place=a4.0_p0.5,12,22,226,300,227,753.33
ssti,placement,place=a4.0_p0.5,13,23,215,300,216,716.67
ssti,placement,place=a4.0_p0.5,14,22,215,300,216,716.67
ssti,placement,place=a4.0_p0.5,15,22,207,300,208,690.00
ssti,placement,place=a4.0_p0.5,16,20,209,300,210,696.67
ssti,placement,place=a4.0_p0.5,17,27,205,300,205,683.33
ssti,placement,place=a4.0_p0.5,18,26,228,300,229,760.00
ssti,placement,place=a4.0_p0.5,19,21,222,300,223,740.00
ssti,placement,place=a4.0_p1.0,0,20,199,300,200,663.33
ssti,placement,place=a4.0_p1.0,1,20,212,300,213,706.67
ssti,placement,place=a4.0_p1.0,2,25,210,300,211,700.00
ssti,placement,place=a4.0_p1.0,3,22,222,300,223,740.00
ssti,placement,place=a4.0_p1.0,4,21,219,300,220,730.00
ssti,placement,place=a4.0_p1.0,5,20,218,300,219,726.67
ssti,placement,place=a4.0_p1.0,6,20,208,300,209,693.33
ssti,placement,place=a4.0_p1.0,7,20,222,300,223,740.00
ssti,placement,place=a4.0_p1.0,8,21,225,300,226,750.00
ssti,placement,place=a4.0_p1.0,9,20,222,300,223,740.00
ssti,placement,place=a4.0_p1.0,10,20,209,300,210,696.67
ssti,placement,place=a4.0_p1.0,11,20,223,300,224,743.33
ssti,placement,place=a4.0_p1.0,12,21,214,300,215,713.33
ssti,placement,place=a4.0_p1.0,13,21,215,300,216,716.67
ssti,placement,place=a4.0_p1.0,14,21,220,300,221,733.33
ssti,placement,place=a4.0_p1.0,15,21,215,300,216,716.67
ssti,placement,place=a4.0_p1.0,16,20,208,300,209,693.33
ssti,placement,place=a4.0_p1.0,17,24,214,300,214,713.33
ssti,placement,place=a4.0_p1.0,18,27,223,300,224,743.33
ssti,placement,place=a4.0_p1.0,19,21,221,300,222,736.67
ssti,placement,place=a4.0_p2.0,0,20,209,300,210,696.67
ssti,placement,place=a4.0_p2.0,1,20,217,300,218,723.33
ssti,placement,place=a4.0_p2.0,2,28,218,300,219,726.67
ssti,placement,place=a4.0_p2.0,3,28,220,300,221,733.33
ssti,placement,place=a4.0_p2.0,4,20,216,300,217,720.00
ssti,placement,place=a4.0_p2.0,5,24,218,300,219,726.67
ssti,placement,place=a4.0_p2.0,6,20,201,300,202,670.00
ssti,placement,place=a4.0_p2.0,7,20,220,300,221,733.33
ssti,placement,place=a4.0_p2.0,8,25,212,300,213,706.67
ssti,placement,place=a4.0_p2.0,9,21,215,300,216,716.67
ssti,placement,place=a4.0_p2.0,10,20,214,300,215,713.33
ssti,placement,place=a4.0_p2.0,11,29,223,300,224,743.33
ssti,placement,place=a4.0_p2.0,12,27,213,300,214,710.00
ssti,placement,place=a4.0_p2.0,13,22,193,300,194,643.33
ssti,placement,place=a4.0_p2.0,14,25,211,300,212,703.33
ssti,placement,place=a4.0_p2.0,15,22,207,300,208,690.00
ssti,placement,place=a4.0_p2.0,16,23,210,300,211,700.00
ssti,placement,place=a4.0_p2.0,17,29,210,300,210,700.00
ssti,placement,place=a4.0_p2.0,18,22,219,300,220,730.00
ssti,placement,place=a4.0_p2.0,19,21,228,300,229,760.00
ssti,placement,place=a4.0_p4.0,0,20,206,300,207,686.67
ssti,placement,place=a4.0_p4.0,1,25,218,300,219,726.67
ssti,placement,place=a4.0_p4.0,2,22,222,300,223,740.00
ssti,placement,place=a4.0_p4.0,3,22,216,300,217,720.00
ssti,placement,place=a4.0_p4.0,4,20,211,300,212,703.33
ssti,placement,place=a4.0_p4.0,5,20,209,300,210,696.67
ssti,placement,place=a4.0_p4.0,6,24,203,300,204,676.67
ssti,placement,place=a4.0_p4.0,7,22,222,300,223,740.00
ssti,placement,place=a4.0_p4.0,8,23,219,300,220,730.00
ssti,placement,place=a4.0_p4.0,9,20,220,300,221,733.33
ssti,placement,place=a4.0_p4.0,10,20,208,300,209,693.33
ssti,placement,place=a4.0_p4.0,11,21,211,300,212,703.33
ssti,placement,place=a4.0_p4.0,12,22,213,300,214,710.00
ssti,placement,place=a4.0_p4.0,13,23,209,300,210,696.67
ssti,placement,place=a4.0_p4.0,14,20,214,300,215,713.33
ssti,placement,place=a4.0_p4.0,15,22,209,300,210,696.67
ssti,placement,place=a4.0_p4.0,16,21,202,300,203,673.33
ssti,placement,place=a4.0_p4.0,17,20,210,300,211,700.00
ssti,placement,place=a4.0_p4.0,18,22,218,300,219,726.67
ssti,placement,place=a4.0_p4.0,19,20,224,300,225,746.67
ssti,placement,place=default,0,21,201,300,202,670.00
ssti,placement,place=default,1,23,212,300,213,706.67
ssti,placement,place=default,2,22,204,300,205,680.00
ssti,placement,place=default,3,21,220,300,221,733.33
ssti,placement,place=default,4,21,211,300,212,703.33
ssti,placement,place=default,5,21,224,300,225,746.67
ssti,placement,place=default,6,20,209,300,210,696.67
ssti,placement,place=default,7,21,220,300,221,733.33
ssti,placement,place=default,8,21,217,300,218,723.33
ssti,placement,place=default,9,21,214,300,215,713.33
ssti,placement,place=default,10,21,208,300,209,693.33
ssti,placement,place=default,11,23,210,300,211,700.00
ssti,placement,place=default,12,24,215,300,216,716.67
ssti,placement,place=default,13,22,209,300,210,696.67
ssti,placement,place=default,14,21,206,300,207,686.67
ssti,placement,place=default,15,22,206,300,207,686.67
ssti,placement,place=default,16,22,213,300,214,710.00
ssti,placement,place=default,17,22,208,300,209,693.33
ssti,placement,place=default,18,22,216,300,217,720.00
ssti,placement,place=default,19,20,224,300,225,746.67
ssti,placement,place=wrap,0,23,205,300,206,683.33
ssti,placement,place=wrap,1,22,204,300,205,680.00
ssti,placement,place=wrap,2,26,207,300,208,690.00
ssti,placement,place=wrap,3,27,220,300,221,733.33
ssti,placement,place=wrap,4,22,206,300,207,686.67
ssti,placement,place=wrap,5,28,219,300,220,730.00
ssti,placement,place=wrap,6,32,209,300,210,696.67
ssti,placement,place=wrap,7,26,211,300,212,703.33
ssti,placement,place=wrap,8,22,224,300,225,746.67
ssti,placement,place=wrap,9,26,211,300,212,703.33
ssti,placement,place=wrap,10,31,197,300,198,656.67
ssti,placement,place=wrap,11,24,212,300,213,706.67
ssti,placement,place=wrap,12,23,210,300,211,700.00
ssti,placement,place=wrap,13,24,215,300,216,716.67
ssti,placement,place=wrap,14,33,210,300,211,700.00
ssti,placement,place=wrap,15,27,208,300,209,693.33
ssti,placement,place=wrap,16,23,227,300,228,756.67
ssti,placement,place=wrap,17,26,192,300,193,640.00
ssti,placement,place=wrap,18,23,216,300,217,720.00
ssti,placement,place=wrap,19,22,219,300,220,730.00
ssti,placement,place=wrap+b,0,23,210,300,211,700.00
ssti,placement,place=wrap+b,1,22,216,300,217,720.00
ssti,placement,place=wrap+b,2,22,218,300,219,726.67
ssti,placement,place=wrap+b,3,26,225,300,225,750.00
ssti,placement,place=wrap+b,4,21,221,300,222,736.67
ssti,placement,place=wrap+b,5,21,220,300,221,733.33
ssti,placement,place=wrap+b,6,22,215,300,216,716.67
ssti,placement,place=wrap+b,7,21,226,300,227,753.33
ssti,placement,place=wrap+b,8,22,220,300,221,733.33
ssti,placement,place=wrap+b,9,22,217,300,218,723.33
ssti,placement,place=wrap+b,10,21,210,300,211,700.00
ssti,placement,place=wrap+b,11,21,215,300,216,716.67
ssti,placement,place=wrap+b,12,25,214,300,215,713.33
ssti,placement,place=wrap+b,13,25,214,300,215,713.33
ssti,placement,place=wrap+b,14,23,208,300,208,693.33
ssti,placement,place=wrap+b,15,23,207,300,208,690.00
ssti,placement,place=wrap+b,16,21,214,300,215,713.33
ssti,placement,place=wrap+b,17,24,207,300,208,690.00
ssti,placement,place=wrap+b,18,24,225,300,226,750.00
ssti,placement,place=wrap+b,19,22,232,300,233,773.33
ssti,ops,ops=1,0,20,231,300,231,770.00
ssti,ops,ops=1,1,23,217,300,218,723.33
ssti,ops,ops=1,2,21,232,300,232,773.33
ssti,ops,ops=1,3,22,220,300,221,733.33
ssti,ops,ops=1,4,20,229,300,230,763.33
ssti,ops,ops=1,5,23,222,300,223,740.00
ssti,ops,ops=1,6,23,230,300,231,766.67
ssti,ops,ops=1,7,27,228,300,228,760.00
ssti,ops,ops=1,8,21,236,300,237,786.67
ssti,ops,ops=1,9,21,235,300,233,783.33
ssti,ops,ops=1,10,21,214,300,214,713.33
ssti,ops,ops=1,11,25,239,300,240,796.67
ssti,ops,ops=1,12,26,222,300,223,740.00
ssti,ops,ops=1,13,21,219,300,220,730.00
ssti,ops,ops=1,14,20,232,300,232,773.33
ssti,ops,ops=1,15,21,221,300,222,736.67
ssti,ops,ops=1,16,23,231,300,231,770.00
ssti,ops,ops=1,17,22,212,300,213,706.67
ssti,ops,ops=1,18,21,239,300,239,796.67
ssti,ops,ops=1,19,20,230,300,231,766.67
ssti,ops,ops=2,0,20,214,300,215,713.33
ssti,ops,ops=2,1,20,218,300,218,726.67
ssti,ops,ops=2,2,23,236,300,237,786.67
ssti,ops,ops=2,3,21,221,300,222,736.67
ssti,ops,ops=2,4,20,214,300,215,713.33
ssti,ops,ops=2,5,21,225,300,226,750.00
ssti,ops,ops=2,6,29,211,300,212,703.33
ssti,ops,ops=2,7,23,224,300,225,746.67
ssti,ops,ops=2,8,23,218,300,219,726.67
ssti,ops,ops=2,9,20,226,300,227,753.33
ssti,ops,ops=2,10,27,209,300,210,696.67
ssti,ops,ops=2,11,22,227,300,228,756.67
ssti,ops,ops=2,12,21,223,300,224,743.33
ssti,ops,ops=2,13,22,225,300,226,750.00
ssti,ops,ops=2,14,22,215,300,216,716.67
ssti,ops,ops=2,15,22,209,300,210,696.67
ssti,ops,ops=2,16,20,213,300,214,710.00
ssti,ops,ops=2,17,25,208,300,208,693.33
ssti,ops,ops=2,18,21,226,300,227,753.33
ssti,ops,ops=2,19,20,222,300,223,740.00
ssti,ops,ops=4,0,25,201,300,202,670.00
ssti,ops,ops=4,1,21,212,300,213,706.67
ssti,ops,ops=4,2,22,204,300,205,680.00
ssti,ops,ops=4,3,23,220,300,221,733.33
ssti,ops,ops=4,4,24,211,300,212,703.33
ssti,ops,ops=4,5,21,224,300,225,746.67
ssti,ops,ops=4,6,24,209,300,210,696.67
ssti,ops,ops=4,7,21,220,300,221,733.33
ssti,ops,ops=4,8,21,217,300,218,723.33
ssti,ops,ops=4,9,21,214,300,215,713.33
ssti,ops,ops=4,10,21,208,300,209,693.33
ssti,ops,ops=4,11,27,210,300,211,700.00
ssti,ops,ops=4,12,22,215,300,216,716.67
ssti,ops,ops=4,13,25,209,300,210,696.67
ssti,ops,ops=4,14,22,206,300,207,686.67
ssti,ops,ops=4,15,23,206,300,207,686.67
ssti,ops,ops=4,16,27,213,300,214,710.00
ssti,ops,ops=4,17,26,208,300,209,693.33
ssti,ops,ops=4,18,22,216,300,217,720.00
ssti,ops,ops=4,19,20,224,300,225,746.67
ssti,ops,ops=8,0,23,196,300,197,653.33
ssti,ops,ops=8,1,22,196,300,197,653.33
ssti,ops,ops=8,2,26,219,300,220,730.00
ssti,ops,ops=8,3,22,213,300,214,710.00
ssti,ops,ops=8,4,23,200,300,201,666.67
ssti,ops,ops=8,5,27,204,300,205,680.00
ssti,ops,ops=8,6,24,190,300,191,633.33
ssti,ops,ops=8,7,21,200,300,201,666.67
ssti,ops,ops=8,8,22,206,300,207,686.67
ssti,ops,ops=8,9,22,203,300,204,676.67
ssti,ops,ops=8,10,23,186,300,187,620.00
ssti,ops,ops=8,11,22,192,300,193,640.00
ssti,ops,ops=8,12,22,211,300,212,703.33
ssti,ops,ops=8,13,21,193,300,194,643.33
ssti,ops,ops=8,14,23,196,300,197,653.33
ssti,ops,ops=8,15,25,205,300,206,683.33
ssti,ops,ops=8,16,22,199,300,200,663.33
ssti,ops,ops=8,17,22,195,300,196,650.00
ssti,ops,ops=8,18,22,203,300,204,676.67
ssti,ops,ops=8,19,21,206,300,207,686.67
ssti,ops,ops=16,0,26,192,300,193,640.00
ssti,ops,ops=16,1,29,187,300,188,623.33
ssti,ops,ops=16,2,23,205,300,206,683.33
ssti,ops,ops=16,3,32,201,300,202,670.00
ssti,ops,ops=16,4,33,214,300,215,713.33
ssti,ops,ops=16,5,32,195,300,196,650.00
ssti,ops,ops=16,6,26,197,300,198,656.67
ssti,ops,ops=16,7,22,192,300,193,640.00
ssti,ops,ops=16,8,23,201,300,202,670.00
ssti,ops,ops=16,9,24,191,300,192,636.67
ssti,ops,ops=16,10,24,175,300,176,583.33
ssti,ops,ops=16,11,23,207,300,208,690.00
ssti,ops,ops=16,12,23,200,300,201,666.67
ssti,ops,ops=16,13,24,201,300,202,670.00
ssti,ops,ops=16,14,25,194,300,195,646.67
ssti,ops,ops=16,15,24,176,300,177,586.67
ssti,ops,ops=16,16,25,195,300,196,650.00
ssti,ops,ops=16,17,29,193,300,194,643.33
ssti,ops,ops=16,18,26,209,300,210,696.67
ssti,ops,ops=16,19,23,205,300,206,683.33
ssti,feedback,fb=default,0,21,201,300,202,670.00
ssti,feedback,fb=default,1,21,212,300,213,706.67
ssti,feedback,fb=default,2,21,204,300,205,680.00
ssti,feedback,fb=default,3,21,220,300,221,733.33
ssti,feedback,fb=default,4,23,211,300,212,703.33
ssti,feedback,fb=default,5,23,224,300,225,746.67
ssti,feedback,fb=default,6,20,209,300,210,696.67
ssti,feedback,fb=default,7,20,220,300,221,733.33
ssti,feedback,fb=default,8,20,217,300,218,723.33
ssti,feedback,fb=default,9,21,214,300,215,713.33
ssti,feedback,fb=default,10,21,208,300,209,693.33
ssti,feedback,fb=default,11,22,210,300,211,700.00
ssti,feedback,fb=default,12,21,215,300,216,716.67
ssti,feedback,fb=default,13,22,209,300,210,696.67
ssti,feedback,fb=default,14,21,206,300,207,686.67
ssti,feedback,fb=default,15,23,206,300,207,686.67
ssti,feedback,fb=default,16,21,213,300,214,710.00
ssti,feedback,fb=default,17,20,208,300,209,693.33
ssti,feedback,fb=default,18,21,216,300,217,720.00
ssti,feedback,fb=default,19,20,224,300,225,746.67
ssti,feedback,fb=flat3,0,21,211,300,212,703.33
ssti,feedback,fb=flat3,1,20,209,300,210,696.67
ssti,feedback,fb=flat3,2,21,212,300,213,706.67
ssti,feedback,fb=flat3,3,24,206,300,207,686.67
ssti,feedback,fb=flat3,4,20,215,300,216,716.67
ssti,feedback,fb=flat3,5,21,214,300,215,713.33
ssti,feedback,fb=flat3,6,22,194,300,195,646.67
ssti,feedback,fb=flat3,7,21,208,300,209,693.33
ssti,feedback,fb=flat3,8,22,213,300,214,710.00
ssti,feedback,fb=flat3,9,30,202,300,202,673.33
ssti,feedback,fb=flat3,10,23,216,300,217,720.00
ssti,feedback,fb=flat3,11,26,208,300,207,693.33
ssti,feedback,fb=flat3,12,22,214,300,215,713.33
ssti,feedback,fb=flat3,13,21,207,300,208,690.00
ssti,feedback,fb=flat3,14,23,210,300,211,700.00
ssti,feedback,fb=flat3,15,21,209,300,210,696.67
ssti,feedback,fb=flat3,16,20,219,300,220,730.00
ssti,feedback,fb=flat3,17,21,200,300,201,666.67
ssti,feedback,fb=flat3,18,20,225,300,226,750.00
ssti,feedback,fb=flat3,19,21,228,300,229,760.00
ssti,feedback,fb=flat6,0,21,199,300,200,663.33
ssti,feedback,fb=flat6,1,20,218,300,219,726.67
ssti,feedback,fb=flat6,2,21,218,300,219,726.67
ssti,feedback,fb=flat6,3,22,214,300,215,713.33
ssti,feedback,fb=flat6,4,20,223,300,224,743.33
ssti,feedback,fb=flat6,5,22,221,300,222,736.67
ssti,feedback,fb=flat6,6,20,216,300,217,720.00
ssti,feedback,fb=flat6,7,20,215,300,216,716.67
ssti,feedback,fb=flat6,8,30,220,300,221,733.33
ssti,feedback,fb=flat6,9,27,214,300,215,713.33
ssti,feedback,fb=flat6,10,22,208,300,209,693.33
ssti,feedback,fb=flat6,11,23,223,300,224,743.33
ssti,feedback,fb=flat6,12,28,215,300,216,716.67
ssti,feedback,fb=flat6,13,21,211,300,212,703.33
ssti,feedback,fb=flat6,14,23,224,300,225,746.67
ssti,feedback,fb=flat6,15,21,210,300,211,700.00
ssti,feedback,fb=flat6,16,21,215,300,216,716.67
ssti,feedback,fb=flat6,17,28,215,300,215,716.67
ssti,feedback,fb=flat6,18,29,224,300,225,746.67
ssti,feedback,fb=flat6,19,25,218,300,219,726.67
ssti,feedback,fb=compressed,0,21,202,300,203,673.33
ssti,feedback,fb=compressed,1,21,211,300,212,703.33
ssti,feedback,fb=compressed,2,20,215,300,216,716.67
ssti,feedback,fb=compressed,3,23,214,300,215,713.33
ssti,feedback,fb=compressed,4,20,225,300,226,750.00
ssti,feedback,fb=compressed,5,22,219,300,220,730.00
ssti,feedback,fb=compressed,6,22,206,300,207,686.67
ssti,feedback,fb=compressed,7,20,223,300,224,743.33
ssti,feedback,fb=compressed,8,24,218,300,219,726.67
ssti,feedback,fb=compressed,9,22,207,300,208,690.00
ssti,feedback,fb=compressed,10,20,202,300,203,673.33
ssti,feedback,fb=compressed,11,21,222,300,223,740.00
ssti,feedback,fb=compressed,12,20,211,300,212,703.33
ssti,feedback,fb=compressed,13,28,199,300,200,663.33
ssti,feedback,fb=compressed,14,26,222,300,222,740.00
ssti,feedback,fb=compressed,15,21,213,300,214,710.00
ssti,feedback,fb=compressed,16,21,201,300,202,670.00
ssti,feedback,fb=compressed,17,24,209,300,210,696.67
ssti,feedback,fb=compressed,18,21,216,300,217,720.00
ssti,feedback,fb=compressed,19,22,223,300,224,743.33
ssti,feedback,fb=expanded,0,20,206,300,207,686.67
ssti,feedback,fb=expanded,1,20,201,300,202,670.00
ssti,feedback,fb=expanded,2,21,206,300,207,686.67
ssti,feedback,fb=expanded,3,23,206,300,207,686.67
ssti,feedback,fb=expanded,4,20,207,300,208,690.00
ssti,feedback,fb=expanded,5,21,234,300,235,780.00
ssti,feedback,fb=expanded,6,21,204,300,205,680.00
ssti,feedback,fb=expanded,7,20,208,300,209,693.33
ssti,feedback,fb=expanded,8,22,217,300,218,723.33
ssti,feedback,fb=expanded,9,21,215,300,216,716.67
ssti,feedback,fb=expanded,10,21,212,300,213,706.67
ssti,feedback,fb=expanded,11,21,217,300,218,723.33
ssti,feedback,fb=expanded,12,21,217,300,218,723.33
ssti,feedback,fb=expanded,13,22,206,300,207,686.67
ssti,feedback,fb=expanded,14,25,209,300,210,696.67
ssti,feedback,fb=expanded,15,22,206,300,207,686.67
ssti,feedback,fb=expanded,16,21,213,300,214,710.00
ssti,feedback,fb=expanded,17,25,199,300,200,663.33
ssti,feedback,fb=expanded,18,23,220,300,221,733.33
ssti,feedback,fb=expanded,19,21,214,300,215,713.33
ssti,feedback,fb=status>error,0,21,201,300,202,670.00
ssti,feedback,fb=status>error,1,21,212,300,213,706.67
ssti,feedback,fb=status>error,2,29,204,300,205,680.00
ssti,feedback,fb=status>error,3,24,220,300,221,733.33
ssti,feedback,fb=status>error,4,21,211,300,212,703.33
ssti,feedback,fb=status>error,5,21,224,300,225,746.67
ssti,feedback,fb=status>error,6,20,209,300,210,696.67
ssti,feedback,fb=status>error,7,21,220,300,221,733.33
ssti,feedback,fb=status>error,8,21,217,300,218,723.33
ssti,feedback,fb=status>error,9,21,214,300,215,713.33
ssti,feedback,fb=status>error,10,21,208,300,209,693.33
ssti,feedback,fb=status>error,11,22,210,300,211,700.00
ssti,feedback,fb=status>error,12,22,215,300,216,716.67
ssti,feedback,fb=status>error,13,20,209,300,210,696.67
ssti,feedback,fb=status>error,14,22,206,300,207,686.67
ssti,feedback,fb=status>error,15,22,206,300,207,686.67
ssti,feedback,fb=status>error,16,21,213,300,214,710.00
ssti,feedback,fb=status>error,17,21,208,300,209,693.33
ssti,feedback,fb=status>error,18,27,216,300,217,720.00
ssti,feedback,fb=status>error,19,28,224,300,225,746.67
ssti,feedback,fb=bodydiff+,0,25,201,300,202,670.00
ssti,feedback,fb=bodydiff+,1,30,212,300,213,706.67
ssti,feedback,fb=bodydiff+,2,25,204,300,205,680.00
ssti,feedback,fb=bodydiff+,3,21,220,300,221,733.33
ssti,feedback,fb=bodydiff+,4,21,211,300,212,703.33
ssti,feedback,fb=bodydiff+,5,21,224,300,225,746.67
ssti,feedback,fb=bodydiff+,6,29,209,300,210,696.67
ssti,feedback,fb=bodydiff+,7,24,220,300,221,733.33
ssti,feedback,fb=bodydiff+,8,21,217,300,218,723.33
ssti,feedback,fb=bodydiff+,9,21,214,300,215,713.33
ssti,feedback,fb=bodydiff+,10,21,208,300,209,693.33
ssti,feedback,fb=bodydiff+,11,22,210,300,211,700.00
ssti,feedback,fb=bodydiff+,12,23,215,300,216,716.67
ssti,feedback,fb=bodydiff+,13,20,209,300,210,696.67
ssti,feedback,fb=bodydiff+,14,21,206,300,207,686.67
ssti,feedback,fb=bodydiff+,15,23,206,300,207,686.67
ssti,feedback,fb=bodydiff+,16,21,213,300,214,710.00
ssti,feedback,fb=bodydiff+,17,22,208,300,209,693.33
ssti,feedback,fb=bodydiff+,18,21,216,300,217,720.00
ssti,feedback,fb=bodydiff+,19,20,224,300,225,746.67
ssti,feedback,fb=strict,0,21,201,300,202,670.00
ssti,feedback,fb=strict,1,21,212,300,213,706.67
ssti,feedback,fb=strict,2,22,204,300,205,680.00
ssti,feedback,fb=strict,3,22,220,300,221,733.33
ssti,feedback,fb=strict,4,22,211,300,212,703.33
ssti,feedback,fb=strict,5,21,224,300,225,746.67
ssti,feedback,fb=strict,6,20,209,300,210,696.67
ssti,feedback,fb=strict,7,21,220,300,221,733.33
ssti,feedback,fb=strict,8,20,217,300,218,723.33
ssti,feedback,fb=strict,9,21,214,300,215,713.33
ssti,feedback,fb=strict,10,21,208,300,209,693.33
ssti,feedback,fb=strict,11,22,210,300,211,700.00
ssti,feedback,fb=strict,12,22,215,300,216,716.67
ssti,feedback,fb=strict,13,21,209,300,210,696.67
ssti,feedback,fb=strict,14,21,206,300,207,686.67
ssti,feedback,fb=strict,15,26,206,300,207,686.67
ssti,feedback,fb=strict,16,22,213,300,214,710.00
ssti,feedback,fb=strict,17,21,208,300,209,693.33
ssti,feedback,fb=strict,18,21,216,300,217,720.00
ssti,feedback,fb=strict,19,20,224,300,225,746.67
ssti,min_score,minscore=1,0,21,201,300,202,670.00
ssti,min_score,minscore=1,1,22,212,300,213,706.67
ssti,min_score,minscore=1,2,21,204,300,205,680.00
ssti,min_score,minscore=1,3,21,220,300,221,733.33
ssti,min_score,minscore=1,4,21,211,300,212,703.33
ssti,min_score,minscore=1,5,27,224,300,225,746.67
ssti,min_score,minscore=1,6,28,209,300,210,696.67
ssti,min_score,minscore=1,7,25,220,300,221,733.33
ssti,min_score,minscore=1,8,23,217,300,218,723.33
ssti,min_score,minscore=1,9,24,214,300,215,713.33
ssti,min_score,minscore=1,10,22,208,300,209,693.33
ssti,min_score,minscore=1,11,24,210,300,211,700.00
ssti,min_score,minscore=1,12,21,215,300,216,716.67
ssti,min_score,minscore=1,13,21,209,300,210,696.67
ssti,min_score,minscore=1,14,25,206,300,207,686.67
ssti,min_score,minscore=1,15,25,206,300,207,686.67
ssti,min_score,minscore=1,16,23,213,300,214,710.00
ssti,min_score,minscore=1,17,21,208,300,209,693.33
ssti,min_score,minscore=1,18,24,216,300,217,720.00
ssti,min_score,minscore=1,19,20,224,300,225,746.67
ssti,min_score,minscore=2,0,23,201,300,202,670.00
ssti,min_score,minscore=2,1,22,212,300,213,706.67
ssti,min_score,minscore=2,2,21,204,300,205,680.00
ssti,min_score,minscore=2,3,21,220,300,221,733.33
ssti,min_score,minscore=2,4,21,211,300,212,703.33
ssti,min_score,minscore=2,5,22,224,300,225,746.67
ssti,min_score,minscore=2,6,22,209,300,210,696.67
ssti,min_score,minscore=2,7,21,220,300,221,733.33
ssti,min_score,minscore=2,8,20,217,300,218,723.33
ssti,min_score,minscore=2,9,23,214,300,215,713.33
ssti,min_score,minscore=2,10,21,208,300,209,693.33
ssti,min_score,minscore=2,11,22,210,300,211,700.00
ssti,min_score,minscore=2,12,21,215,300,216,716.67
ssti,min_score,minscore=2,13,23,209,300,210,696.67
ssti,min_score,minscore=2,14,21,206,300,207,686.67
ssti,min_score,minscore=2,15,23,206,300,207,686.67
ssti,min_score,minscore=2,16,21,213,300,214,710.00
ssti,min_score,minscore=2,17,20,208,300,209,693.33
ssti,min_score,minscore=2,18,21,216,300,217,720.00
ssti,min_score,minscore=2,19,20,224,300,225,746.67
ssti,min_score,minscore=3,0,21,201,300,202,670.00
ssti,min_score,minscore=3,1,21,212,300,213,706.67
ssti,min_score,minscore=3,2,21,204,300,205,680.00
ssti,min_score,minscore=3,3,21,220,300,221,733.33
ssti,min_score,minscore=3,4,22,211,300,212,703.33
ssti,min_score,minscore=3,5,25,224,300,225,746.67
ssti,min_score,minscore=3,6,21,209,300,210,696.67
ssti,min_score,minscore=3,7,20,220,300,221,733.33
ssti,min_score,minscore=3,8,21,217,300,218,723.33
ssti,min_score,minscore=3,9,30,214,300,215,713.33
ssti,min_score,minscore=3,10,24,208,300,209,693.33
ssti,min_score,minscore=3,11,22,210,300,211,700.00
ssti,min_score,minscore=3,12,21,215,300,216,716.67
ssti,min_score,minscore=3,13,21,209,300,210,696.67
ssti,min_score,minscore=3,14,22,206,300,207,686.67
ssti,min_score,minscore=3,15,23,206,300,207,686.67
ssti,min_score,minscore=3,16,21,213,300,214,710.00
ssti,min_score,minscore=3,17,20,208,300,209,693.33
ssti,min_score,minscore=3,18,21,216,300,217,720.00
ssti,min_score,minscore=3,19,22,224,300,225,746.67
ssti,min_score,minscore=4,0,21,201,300,202,670.00
ssti,min_score,minscore=4,1,22,212,300,213,706.67
ssti,min_score,minscore=4,2,21,204,300,205,680.00
ssti,min_score,minscore=4,3,21,220,300,221,733.33
ssti,min_score,minscore=4,4,21,211,300,212,703.33
ssti,min_score,minscore=4,5,21,224,300,225,746.67
ssti,min_score,minscore=4,6,20,209,300,210,696.67
ssti,min_score,minscore=4,7,20,220,300,221,733.33
ssti,min_score,minscore=4,8,24,217,300,218,723.33
ssti,min_score,minscore=4,9,22,214,300,215,713.33
ssti,min_score,minscore=4,10,26,208,300,209,693.33
ssti,min_score,minscore=4,11,22,210,300,211,700.00
ssti,min_score,minscore=4,12,21,215,300,216,716.67
ssti,min_score,minscore=4,13,21,209,300,210,696.67
ssti,min_score,minscore=4,14,25,206,300,207,686.67
ssti,min_score,minscore=4,15,26,206,300,207,686.67
ssti,min_score,minscore=4,16,23,213,300,214,710.00
ssti,min_score,minscore=4,17,29,208,300,209,693.33
ssti,min_score,minscore=4,18,26,216,300,217,720.00
ssti,min_score,minscore=4,19,23,224,300,225,746.67
ssti,min_score,minscore=5,0,23,0,300,1,0.00
ssti,min_score,minscore=5,1,26,0,300,1,0.00
ssti,min_score,minscore=5,2,26,0,300,1,0.00
ssti,min_score,minscore=5,3,19,0,300,1,0.00
ssti,min_score,minscore=5,4,19,0,300,1,0.00
ssti,min_score,minscore=5,5,18,0,300,1,0.00
ssti,min_score,minscore=5,6,19,0,300,1,0.00
ssti,min_score,minscore=5,7,26,0,300,1,0.00
ssti,min_score,minscore=5,8,21,0,300,1,0.00
ssti,min_score,minscore=5,9,23,0,300,1,0.00
ssti,min_score,minscore=5,10,26,0,300,1,0.00
ssti,min_score,minscore=5,11,19,0,300,1,0.00
ssti,min_score,minscore=5,12,23,0,300,1,0.00
ssti,min_score,minscore=5,13,24,0,300,1,0.00
ssti,min_score,minscore=5,14,19,0,300,1,0.00
ssti,min_score,minscore=5,15,18,0,300,1,0.00
ssti,min_score,minscore=5,16,18,0,300,1,0.00
ssti,min_score,minscore=5,17,22,0,300,1,0.00
ssti,min_score,minscore=5,18,22,0,300,1,0.00
ssti,min_score,minscore=5,19,19,0,300,1,0.00
ssti,min_score,minscore=6,0,19,0,300,1,0.00
ssti,min_score,minscore=6,1,19,0,300,1,0.00
ssti,min_score,minscore=6,2,23,0,300,1,0.00
ssti,min_score,minscore=6,3,25,0,300,1,0.00
ssti,min_score,minscore=6,4,20,0,300,1,0.00
ssti,min_score,minscore=6,5,18,0,300,1,0.00
ssti,min_score,minscore=6,6,20,0,300,1,0.00
ssti,min_score,minscore=6,7,21,0,300,1,0.00
ssti,min_score,minscore=6,8,19,0,300,1,0.00
ssti,min_score,minscore=6,9,19,0,300,1,0.00
ssti,min_score,minscore=6,10,19,0,300,1,0.00
ssti,min_score,minscore=6,11,18,0,300,1,0.00
ssti,min_score,minscore=6,12,18,0,300,1,0.00
ssti,min_score,minscore=6,13,18,0,300,1,0.00
ssti,min_score,minscore=6,14,20,0,300,1,0.00
ssti,min_score,minscore=6,15,19,0,300,1,0.00
ssti,min_score,minscore=6,16,18,0,300,1,0.00
ssti,min_score,minscore=6,17,18,0,300,1,0.00
ssti,min_score,minscore=6,18,21,0,300,1,0.00
ssti,min_score,minscore=6,19,18,0,300,1,0.00
ssti,stop_prob,stop=0.10_min1,0,26,189,300,190,630.00
ssti,stop_prob,stop=0.10_min1,1,25,171,300,172,570.00
ssti,stop_prob,stop=0.10_min1,2,30,167,300,167,556.67
ssti,stop_prob,stop=0.10_min1,3,28,174,300,175,580.00
ssti,stop_prob,stop=0.10_min1,4,29,183,300,184,610.00
ssti,stop_prob,stop=0.10_min1,5,24,179,300,180,596.67
ssti,stop_prob,stop=0.10_min1,6,24,180,300,181,600.00
ssti,stop_prob,stop=0.10_min1,7,25,185,300,186,616.67
ssti,stop_prob,stop=0.10_min1,8,26,184,300,185,613.33
ssti,stop_prob,stop=0.10_min1,9,26,172,300,173,573.33
ssti,stop_prob,stop=0.10_min1,10,29,179,300,179,596.67
ssti,stop_prob,stop=0.10_min1,11,27,181,300,182,603.33
ssti,stop_prob,stop=0.10_min1,12,27,175,300,176,583.33
ssti,stop_prob,stop=0.10_min1,13,25,177,300,178,590.00
ssti,stop_prob,stop=0.10_min1,14,32,178,300,179,593.33
ssti,stop_prob,stop=0.10_min1,15,32,174,300,175,580.00
ssti,stop_prob,stop=0.10_min1,16,31,167,300,168,556.67
ssti,stop_prob,stop=0.10_min1,17,27,180,300,181,600.00
ssti,stop_prob,stop=0.10_min1,18,36,198,300,199,660.00
ssti,stop_prob,stop=0.10_min1,19,26,198,300,199,660.00
ssti,stop_prob,stop=0.25_min1,0,20,236,300,237,786.67
ssti,stop_prob,stop=0.25_min1,1,20,214,300,215,713.33
ssti,stop_prob,stop=0.25_min1,2,24,222,300,223,740.00
ssti,stop_prob,stop=0.25_min1,3,29,211,300,211,703.33
ssti,stop_prob,stop=0.25_min1,4,21,239,300,240,796.67
ssti,stop_prob,stop=0.25_min1,5,27,230,300,231,766.67
ssti,stop_prob,stop=0.25_min1,6,22,209,300,210,696.67
ssti,stop_prob,stop=0.25_min1,7,28,230,300,231,766.67
ssti,stop_prob,stop=0.25_min1,8,26,232,300,231,773.33
ssti,stop_prob,stop=0.25_min1,9,21,223,300,224,743.33
ssti,stop_prob,stop=0.25_min1,10,21,229,300,229,763.33
ssti,stop_prob,stop=0.25_min1,11,20,224,300,225,746.67
ssti,stop_prob,stop=0.25_min1,12,22,220,300,221,733.33
ssti,stop_prob,stop=0.25_min1,13,20,208,300,209,693.33
ssti,stop_prob,stop=0.25_min1,14,23,210,300,211,700.00
ssti,stop_prob,stop=0.25_min1,15,23,215,300,216,716.67
ssti,stop_prob,stop=0.25_min1,16,22,209,300,210,696.67
ssti,stop_prob,stop=0.25_min1,17,20,211,300,212,703.33
ssti,stop_prob,stop=0.25_min1,18,20,236,300,237,786.67
ssti,stop_prob,stop=0.25_min1,19,20,217,300,218,723.33
ssti,stop_prob,stop=0.50_min1,0,18,248,300,248,826.67
ssti,stop_prob,stop=0.50_min1,1,19,241,300,241,803.33
ssti,stop_prob,stop=0.50_min1,2,19,249,300,247,830.00
ssti,stop_prob,stop=0.50_min1,3,18,248,300,248,826.67
ssti,stop_prob,stop=0.50_min1,4,18,257,300,258,856.67
ssti,stop_prob,stop=0.50_min1,5,19,255,300,253,850.00
ssti,stop_prob,stop=0.50_min1,6,19,241,300,239,803.33
ssti,stop_prob,stop=0.50_min1,7,18,240,300,241,800.00
ssti,stop_prob,stop=0.50_min1,8,20,232,300,233,773.33
ssti,stop_prob,stop=0.50_min1,9,19,249,300,249,830.00
ssti,stop_prob,stop=0.50_min1,10,19,247,300,245,823.33
ssti,stop_prob,stop=0.50_min1,11,18,251,300,250,836.67
ssti,stop_prob,stop=0.50_min1,12,18,244,300,245,813.33
ssti,stop_prob,stop=0.50_min1,13,18,236,300,235,786.67
ssti,stop_prob,stop=0.50_min1,14,20,258,300,259,860.00
ssti,stop_prob,stop=0.50_min1,15,18,241,300,241,803.33
ssti,stop_prob,stop=0.50_min1,16,19,236,300,233,786.67
ssti,stop_prob,stop=0.50_min1,17,18,243,300,241,810.00
ssti,stop_prob,stop=0.50_min1,18,18,247,300,246,823.33
ssti,stop_prob,stop=0.50_min1,19,18,248,300,248,826.67
ssti,stop_prob,stop=0.75_min1,0,18,257,300,254,856.67
ssti,stop_prob,stop=0.75_min1,1,18,258,300,256,860.00
ssti,stop_prob,stop=0.75_min1,2,18,256,300,256,853.33
ssti,stop_prob,stop=0.75_min1,3,18,240,300,240,800.00
ssti,stop_prob,stop=0.75_min1,4,25,266,300,264,886.67
ssti,stop_prob,stop=0.75_min1,5,20,250,300,246,833.33
ssti,stop_prob,stop=0.75_min1,6,19,245,300,244,816.67
ssti,stop_prob,stop=0.75_min1,7,18,257,300,256,856.67
ssti,stop_prob,stop=0.75_min1,8,18,255,300,254,850.00
ssti,stop_prob,stop=0.75_min1,9,18,256,300,253,853.33
ssti,stop_prob,stop=0.75_min1,10,26,248,300,243,826.67
ssti,stop_prob,stop=0.75_min1,11,18,260,300,259,866.67
ssti,stop_prob,stop=0.75_min1,12,18,252,300,247,840.00
ssti,stop_prob,stop=0.75_min1,13,21,247,300,244,823.33
ssti,stop_prob,stop=0.75_min1,14,18,260,300,260,866.67
ssti,stop_prob,stop=0.75_min1,15,18,254,300,250,846.67
ssti,stop_prob,stop=0.75_min1,16,18,250,300,240,833.33
ssti,stop_prob,stop=0.75_min1,17,19,241,300,238,803.33
ssti,stop_prob,stop=0.75_min1,18,18,256,300,254,853.33
ssti,stop_prob,stop=0.75_min1,19,18,245,300,245,816.67
ssti,stop_prob,stop=0.90_min1,0,18,253,300,248,843.33
ssti,stop_prob,stop=0.90_min1,1,23,256,300,253,853.33
ssti,stop_prob,stop=0.90_min1,2,26,260,300,256,866.67
ssti,stop_prob,stop=0.90_min1,3,20,240,300,237,800.00
ssti,stop_prob,stop=0.90_min1,4,18,258,300,257,860.00
ssti,stop_prob,stop=0.90_min1,5,18,265,300,265,883.33
ssti,stop_prob,stop=0.90_min1,6,21,258,300,256,860.00
ssti,stop_prob,stop=0.90_min1,7,19,251,300,247,836.67
ssti,stop_prob,stop=0.90_min1,8,23,258,300,256,860.00
ssti,stop_prob,stop=0.90_min1,9,19,252,300,249,840.00
ssti,stop_prob,stop=0.90_min1,10,22,252,300,247,840.00
ssti,stop_prob,stop=0.90_min1,11,18,269,300,262,896.67
ssti,stop_prob,stop=0.90_min1,12,20,259,300,255,863.33
ssti,stop_prob,stop=0.90_min1,13,18,259,300,257,863.33
ssti,stop_prob,stop=0.90_min1,14,19,259,300,260,863.33
ssti,stop_prob,stop=0.90_min1,15,18,258,300,255,860.00
ssti,stop_prob,stop=0.90_min1,16,17,254,300,252,846.67
ssti,stop_prob,stop=0.90_min1,17,19,243,300,239,810.00
ssti,stop_prob,stop=0.90_min1,18,22,266,300,262,886.67
ssti,stop_prob,stop=0.90_min1,19,22,257,300,256,856.67
ssti,min_atoms,min=1,0,20,236,300,237,786.67
ssti,min_atoms,min=1,1,20,214,300,215,713.33
ssti,min_atoms,min=1,2,19,222,300,223,740.00
ssti,min_atoms,min=1,3,20,211,300,211,703.33
ssti,min_atoms,min=1,4,20,239,300,240,796.67
ssti,min_atoms,min=1,5,23,230,300,231,766.67
ssti,min_atoms,min=1,6,21,209,300,210,696.67
ssti,min_atoms,min=1,7,19,230,300,231,766.67
ssti,min_atoms,min=1,8,25,232,300,231,773.33
ssti,min_atoms,min=1,9,25,223,300,224,743.33
ssti,min_atoms,min=1,10,21,229,300,229,763.33
ssti,min_atoms,min=1,11,21,224,300,225,746.67
ssti,min_atoms,min=1,12,22,220,300,221,733.33
ssti,min_atoms,min=1,13,22,208,300,209,693.33
ssti,min_atoms,min=1,14,30,210,300,211,700.00
ssti,min_atoms,min=1,15,21,215,300,216,716.67
ssti,min_atoms,min=1,16,21,209,300,210,696.67
ssti,min_atoms,min=1,17,20,211,300,212,703.33
ssti,min_atoms,min=1,18,20,236,300,237,786.67
ssti,min_atoms,min=1,19,20,217,300,218,723.33
ssti,min_atoms,min=2,0,21,212,300,213,706.67
ssti,min_atoms,min=2,1,21,207,300,208,690.00
ssti,min_atoms,min=2,2,22,209,300,210,696.67
ssti,min_atoms,min=2,3,23,210,300,211,700.00
ssti,min_atoms,min=2,4,21,217,300,218,723.33
ssti,min_atoms,min=2,5,20,217,300,218,723.33
ssti,min_atoms,min=2,6,20,201,300,202,670.00
ssti,min_atoms,min=2,7,20,225,300,225,750.00
ssti,min_atoms,min=2,8,21,215,300,216,716.67
ssti,min_atoms,min=2,9,21,209,300,210,696.67
ssti,min_atoms,min=2,10,21,206,300,207,686.67
ssti,min_atoms,min=2,11,21,218,300,219,726.67
ssti,min_atoms,min=2,12,23,207,300,208,690.00
ssti,min_atoms,min=2,13,29,215,300,216,716.67
ssti,min_atoms,min=2,14,27,204,300,205,680.00
ssti,min_atoms,min=2,15,21,207,300,208,690.00
ssti,min_atoms,min=2,16,22,212,300,213,706.67
ssti,min_atoms,min=2,17,21,201,300,202,670.00
ssti,min_atoms,min=2,18,23,204,300,205,680.00
ssti,min_atoms,min=2,19,21,220,300,221,733.33
ssti,min_atoms,min=3,0,21,208,300,209,693.33
ssti,min_atoms,min=3,1,22,182,300,183,606.67
ssti,min_atoms,min=3,2,23,199,300,200,663.33
ssti,min_atoms,min=3,3,27,194,300,195,646.67
ssti,min_atoms,min=3,4,27,210,300,211,700.00
ssti,min_atoms,min=3,5,25,207,300,208,690.00
ssti,min_atoms,min=3,6,24,195,300,196,650.00
ssti,min_atoms,min=3,7,26,211,300,212,703.33
ssti,min_atoms,min=3,8,27,203,300,204,676.67
ssti,min_atoms,min=3,9,25,204,300,205,680.00
ssti,min_atoms,min=3,10,23,186,300,187,620.00
ssti,min_atoms,min=3,11,29,195,300,196,650.00
ssti,min_atoms,min=3,12,36,192,300,193,640.00
ssti,min_atoms,min=3,13,28,206,300,207,686.67
ssti,min_atoms,min=3,14,27,213,300,214,710.00
ssti,min_atoms,min=3,15,34,192,300,193,640.00
ssti,min_atoms,min=3,16,23,210,300,211,700.00
ssti,min_atoms,min=3,17,22,197,300,198,656.67
ssti,min_atoms,min=3,18,22,208,300,209,693.33
ssti,min_atoms,min=3,19,29,198,300,199,660.00
ssti,min_atoms,min=4,0,23,201,300,202,670.00
ssti,min_atoms,min=4,1,22,189,300,190,630.00
ssti,min_atoms,min=4,2,23,182,300,183,606.67
ssti,min_atoms,min=4,3,23,174,300,175,580.00
ssti,min_atoms,min=4,4,22,200,300,201,666.67
ssti,min_atoms,min=4,5,24,203,300,204,676.67
ssti,min_atoms,min=4,6,23,185,300,186,616.67
ssti,min_atoms,min=4,7,22,188,300,189,626.67
ssti,min_atoms,min=4,8,23,194,300,195,646.67
ssti,min_atoms,min=4,9,25,205,300,206,683.33
ssti,min_atoms,min=4,10,23,185,300,186,616.67
ssti,min_atoms,min=4,11,24,180,300,181,600.00
ssti,min_atoms,min=4,12,23,199,300,200,663.33
ssti,min_atoms,min=4,13,29,188,300,189,626.67
ssti,min_atoms,min=4,14,27,184,300,185,613.33
ssti,min_atoms,min=4,15,25,192,300,193,640.00
ssti,min_atoms,min=4,16,23,200,300,201,666.67
ssti,min_atoms,min=4,17,23,175,300,176,583.33
ssti,min_atoms,min=4,18,24,203,300,204,676.67
ssti,min_atoms,min=4,19,24,191,300,192,636.67
ssti,vocab,vocab=default,0,23,199,300,200,663.33
ssti,vocab,vocab=default,1,21,195,300,195,650.00
ssti,vocab,vocab=default,2,22,210,300,211,700.00
ssti,vocab,vocab=default,3,22,202,300,203,673.33
ssti,vocab,vocab=default,4,21,208,300,209,693.33
ssti,vocab,vocab=default,5,24,213,300,214,710.00
ssti,vocab,vocab=default,6,23,207,300,208,690.00
ssti,vocab,vocab=default,7,25,207,300,208,690.00
ssti,vocab,vocab=default,8,23,216,300,217,720.00
ssti,vocab,vocab=default,9,21,203,300,204,676.67
ssti,vocab,vocab=default,10,22,184,300,185,613.33
ssti,vocab,vocab=default,11,27,207,300,208,690.00
ssti,vocab,vocab=default,12,26,209,300,210,696.67
ssti,vocab,vocab=default,13,21,211,300,212,703.33
ssti,vocab,vocab=default,14,23,209,300,210,696.67
ssti,vocab,vocab=default,15,29,196,300,197,653.33
ssti,vocab,vocab=default,16,25,197,300,198,656.67
ssti,vocab,vocab=default,17,22,191,300,192,636.67
ssti,vocab,vocab=default,18,23,206,300,207,686.67
ssti,vocab,vocab=default,19,21,200,300,201,666.67
ssti,vocab,vocab=xss+,0,22,201,300,202,670.00
ssti,vocab,vocab=xss+,1,25,189,300,190,630.00
ssti,vocab,vocab=xss+,2,26,197,300,198,656.67
ssti,vocab,vocab=xss+,3,23,198,300,199,660.00
ssti,vocab,vocab=xss+,4,22,188,300,189,626.67
ssti,vocab,vocab=xss+,5,23,192,300,193,640.00
ssti,vocab,vocab=xss+,6,23,197,300,198,656.67
ssti,vocab,vocab=xss+,7,21,208,300,209,693.33
ssti,vocab,vocab=xss+,8,22,203,300,204,676.67
ssti,vocab,vocab=xss+,9,32,190,300,191,633.33
ssti,vocab,vocab=xss+,10,26,181,300,182,603.33
ssti,vocab,vocab=xss+,11,22,206,300,207,686.67
ssti,vocab,vocab=xss+,12,23,203,300,204,676.67
ssti,vocab,vocab=xss+,13,22,210,300,211,700.00
ssti,vocab,vocab=xss+,14,31,197,300,198,656.67
ssti,vocab,vocab=xss+,15,24,202,300,203,673.33
ssti,vocab,vocab=xss+,16,21,193,300,194,643.33
ssti,vocab,vocab=xss+,17,22,193,300,194,643.33
ssti,vocab,vocab=xss+,18,32,188,300,188,626.67
ssti,vocab,vocab=xss+,19,30,191,300,191,636.67
ssti,vocab,vocab=sqli+,0,21,204,300,205,680.00
ssti,vocab,vocab=sqli+,1,22,192,300,193,640.00
ssti,vocab,vocab=sqli+,2,23,202,300,203,673.33
ssti,vocab,vocab=sqli+,3,22,201,300,202,670.00
ssti,vocab,vocab=sqli+,4,21,216,300,217,720.00
ssti,vocab,vocab=sqli+,5,24,214,300,215,713.33
ssti,vocab,vocab=sqli+,6,21,200,300,201,666.67
ssti,vocab,vocab=sqli+,7,20,211,300,212,703.33
ssti,vocab,vocab=sqli+,8,21,219,300,220,730.00
ssti,vocab,vocab=sqli+,9,23,200,300,201,666.67
ssti,vocab,vocab=sqli+,10,22,182,300,183,606.67
ssti,vocab,vocab=sqli+,11,22,203,300,204,676.67
ssti,vocab,vocab=sqli+,12,21,205,300,206,683.33
ssti,vocab,vocab=sqli+,13,22,211,300,212,703.33
ssti,vocab,vocab=sqli+,14,23,201,300,202,670.00
ssti,vocab,vocab=sqli+,15,22,215,300,216,716.67
ssti,vocab,vocab=sqli+,16,22,202,300,203,673.33
ssti,vocab,vocab=sqli+,17,22,202,300,203,673.33
ssti,vocab,vocab=sqli+,18,22,200,300,201,666.67
ssti,vocab,vocab=sqli+,19,21,216,300,217,720.00
ssti,vocab,vocab=ssti+,0,24,223,300,224,743.33
ssti,vocab,vocab=ssti+,1,27,214,300,215,713.33
ssti,vocab,vocab=ssti+,2,29,215,300,216,716.67
ssti,vocab,vocab=ssti+,3,33,208,300,209,693.33
ssti,vocab,vocab=ssti+,4,25,209,300,210,696.67
ssti,vocab,vocab=ssti+,5,26,221,300,222,736.67
ssti,vocab,vocab=ssti+,6,27,217,300,218,723.33
ssti,vocab,vocab=ssti+,7,27,208,300,209,693.33
ssti,vocab,vocab=ssti+,8,27,214,300,215,713.33
ssti,vocab,vocab=ssti+,9,29,215,300,216,716.67
ssti,vocab,vocab=ssti+,10,27,215,300,216,716.67
ssti,vocab,vocab=ssti+,11,33,220,300,221,733.33
ssti,vocab,vocab=ssti+,12,25,204,300,205,680.00
ssti,vocab,vocab=ssti+,13,22,221,300,222,736.67
ssti,vocab,vocab=ssti+,14,23,210,300,211,700.00
ssti,vocab,vocab=ssti+,15,22,214,300,215,713.33
ssti,vocab,vocab=ssti+,16,24,209,300,210,696.67
ssti,vocab,vocab=ssti+,17,23,211,300,212,703.33
ssti,vocab,vocab=ssti+,18,23,208,300,209,693.33
ssti,vocab,vocab=ssti+,19,21,214,300,215,713.33
sqli-strict,gen_ratio,gen=0.0,0,27,239,300,240,796.67
sqli-strict,gen_ratio,gen=0.0,1,41,204,300,205,680.00
sqli-strict,gen_ratio,gen=0.0,2,36,206,300,207,686.67
sqli-strict,gen_ratio,gen=0.0,3,27,219,300,220,730.00
sqli-strict,gen_ratio,gen=0.0,4,38,191,300,192,636.67
sqli-strict,gen_ratio,gen=0.0,5,44,254,300,255,846.67
sqli-strict,gen_ratio,gen=0.0,6,25,177,300,178,590.00
sqli-strict,gen_ratio,gen=0.0,7,28,206,300,207,686.67
sqli-strict,gen_ratio,gen=0.0,8,34,221,300,222,736.67
sqli-strict,gen_ratio,gen=0.0,9,44,238,300,239,793.33
sqli-strict,gen_ratio,gen=0.0,10,30,203,300,204,676.67
sqli-strict,gen_ratio,gen=0.0,11,50,212,300,213,706.67
sqli-strict,gen_ratio,gen=0.0,12,38,210,300,211,700.00
sqli-strict,gen_ratio,gen=0.0,13,34,213,300,214,710.00
sqli-strict,gen_ratio,gen=0.0,14,31,214,300,215,713.33
sqli-strict,gen_ratio,gen=0.0,15,36,200,300,201,666.67
sqli-strict,gen_ratio,gen=0.0,16,28,203,300,204,676.67
sqli-strict,gen_ratio,gen=0.0,17,30,223,300,224,743.33
sqli-strict,gen_ratio,gen=0.0,18,33,192,300,193,640.00
sqli-strict,gen_ratio,gen=0.0,19,26,198,300,199,660.00
sqli-strict,gen_ratio,gen=0.1,0,34,231,300,232,770.00
sqli-strict,gen_ratio,gen=0.1,1,28,205,300,206,683.33
sqli-strict,gen_ratio,gen=0.1,2,33,197,300,198,656.67
sqli-strict,gen_ratio,gen=0.1,3,26,218,300,219,726.67
sqli-strict,gen_ratio,gen=0.1,4,29,199,300,200,663.33
sqli-strict,gen_ratio,gen=0.1,5,33,224,300,225,746.67
sqli-strict,gen_ratio,gen=0.1,6,33,217,300,217,723.33
sqli-strict,gen_ratio,gen=0.1,7,28,222,300,223,740.00
sqli-strict,gen_ratio,gen=0.1,8,30,229,300,230,763.33
sqli-strict,gen_ratio,gen=0.1,9,33,204,300,205,680.00
sqli-strict,gen_ratio,gen=0.1,10,28,224,300,225,746.67
sqli-strict,gen_ratio,gen=0.1,11,36,198,300,199,660.00
sqli-strict,gen_ratio,gen=0.1,12,31,216,300,217,720.00
sqli-strict,gen_ratio,gen=0.1,13,30,207,300,208,690.00
sqli-strict,gen_ratio,gen=0.1,14,49,214,300,215,713.33
sqli-strict,gen_ratio,gen=0.1,15,34,208,300,209,693.33
sqli-strict,gen_ratio,gen=0.1,16,27,198,300,199,660.00
sqli-strict,gen_ratio,gen=0.1,17,34,206,300,207,686.67
sqli-strict,gen_ratio,gen=0.1,18,29,195,300,196,650.00
sqli-strict,gen_ratio,gen=0.1,19,30,196,300,197,653.33
sqli-strict,gen_ratio,gen=0.2,0,39,226,300,227,753.33
sqli-strict,gen_ratio,gen=0.2,1,43,216,300,217,720.00
sqli-strict,gen_ratio,gen=0.2,2,35,212,300,213,706.67
sqli-strict,gen_ratio,gen=0.2,3,32,198,300,199,660.00
sqli-strict,gen_ratio,gen=0.2,4,41,218,300,219,726.67
sqli-strict,gen_ratio,gen=0.2,5,44,217,300,218,723.33
sqli-strict,gen_ratio,gen=0.2,6,38,201,300,202,670.00
sqli-strict,gen_ratio,gen=0.2,7,35,239,300,240,796.67
sqli-strict,gen_ratio,gen=0.2,8,33,226,300,227,753.33
sqli-strict,gen_ratio,gen=0.2,9,33,208,300,208,693.33
sqli-strict,gen_ratio,gen=0.2,10,34,207,300,208,690.00
sqli-strict,gen_ratio,gen=0.2,11,36,215,300,216,716.67
sqli-strict,gen_ratio,gen=0.2,12,28,201,300,202,670.00
sqli-strict,gen_ratio,gen=0.2,13,35,215,300,216,716.67
sqli-strict,gen_ratio,gen=0.2,14,41,205,300,206,683.33
sqli-strict,gen_ratio,gen=0.2,15,30,223,300,224,743.33
sqli-strict,gen_ratio,gen=0.2,16,30,206,300,207,686.67
sqli-strict,gen_ratio,gen=0.2,17,30,224,300,225,746.67
sqli-strict,gen_ratio,gen=0.2,18,29,211,300,212,703.33
sqli-strict,gen_ratio,gen=0.2,19,27,203,300,204,676.67
sqli-strict,gen_ratio,gen=0.3,0,31,225,300,226,750.00
sqli-strict,gen_ratio,gen=0.3,1,28,224,300,225,746.67
sqli-strict,gen_ratio,gen=0.3,2,30,210,300,211,700.00
sqli-strict,gen_ratio,gen=0.3,3,31,206,300,207,686.67
sqli-strict,gen_ratio,gen=0.3,4,29,211,300,212,703.33
sqli-strict,gen_ratio,gen=0.3,5,33,220,300,221,733.33
sqli-strict,gen_ratio,gen=0.3,6,37,213,300,214,710.00
sqli-strict,gen_ratio,gen=0.3,7,30,229,300,229,763.33
sqli-strict,gen_ratio,gen=0.3,8,27,216,300,217,720.00
sqli-strict,gen_ratio,gen=0.3,9,36,208,300,209,693.33
sqli-strict,gen_ratio,gen=0.3,10,37,217,300,218,723.33
sqli-strict,gen_ratio,gen=0.3,11,37,233,300,234,776.67
sqli-strict,gen_ratio,gen=0.3,12,32,220,300,221,733.33
sqli-strict,gen_ratio,gen=0.3,13,30,218,300,219,726.67
sqli-strict,gen_ratio,gen=0.3,14,65,233,300,234,776.67
sqli-strict,gen_ratio,gen=0.3,15,33,222,300,223,740.00
sqli-strict,gen_ratio,gen=0.3,16,30,222,300,223,740.00
sqli-strict,gen_ratio,gen=0.3,17,36,235,300,236,783.33
sqli-strict,gen_ratio,gen=0.3,18,31,214,300,214,713.33
sqli-strict,gen_ratio,gen=0.3,19,32,236,300,237,786.67
sqli-strict,gen_ratio,gen=0.4,0,29,235,300,236,783.33
sqli-strict,gen_ratio,gen=0.4,1,35,222,300,223,740.00
sqli-strict,gen_ratio,gen=0.4,2,30,216,300,217,720.00
sqli-strict,gen_ratio,gen=0.4,3,52,240,300,241,800.00
sqli-strict,gen_ratio,gen=0.4,4,34,218,300,219,726.67
sqli-strict,gen_ratio,gen=0.4,5,32,216,300,217,720.00
sqli-strict,gen_ratio,gen=0.4,6,34,210,300,211,700.00
sqli-strict,gen_ratio,gen=0.4,7,34,225,300,226,750.00
sqli-strict,gen_ratio,gen=0.4,8,34,242,300,243,806.67
sqli-strict,gen_ratio,gen=0.4,9,34,222,300,223,740.00
sqli-strict,gen_ratio,gen=0.4,10,38,227,300,228,756.67
sqli-strict,gen_ratio,gen=0.4,11,44,235,300,236,783.33
sqli-strict,gen_ratio,gen=0.4,12,29,225,300,226,750.00
sqli-strict,gen_ratio,gen=0.4,13,49,228,300,229,760.00
sqli-strict,gen_ratio,gen=0.4,14,34,214,300,215,713.33
sqli-strict,gen_ratio,gen=0.4,15,34,237,300,238,790.00
sqli-strict,gen_ratio,gen=0.4,16,39,229,300,230,763.33
sqli-strict,gen_ratio,gen=0.4,17,38,236,300,237,786.67
sqli-strict,gen_ratio,gen=0.4,18,33,216,300,217,720.00
sqli-strict,gen_ratio,gen=0.4,19,34,230,300,231,766.67
sqli-strict,gen_ratio,gen=0.5,0,42,242,300,243,806.67
sqli-strict,gen_ratio,gen=0.5,1,37,224,300,225,746.67
sqli-strict,gen_ratio,gen=0.5,2,31,227,300,228,756.67
sqli-strict,gen_ratio,gen=0.5,3,40,253,300,254,843.33
sqli-strict,gen_ratio,gen=0.5,4,30,229,300,230,763.33
sqli-strict,gen_ratio,gen=0.5,5,37,229,300,230,763.33
sqli-strict,gen_ratio,gen=0.5,6,28,199,300,200,663.33
sqli-strict,gen_ratio,gen=0.5,7,30,233,300,234,776.67
sqli-strict,gen_ratio,gen=0.5,8,30,230,300,230,766.67
sqli-strict,gen_ratio,gen=0.5,9,31,236,300,237,786.67
sqli-strict,gen_ratio,gen=0.5,10,42,231,300,232,770.00
sqli-strict,gen_ratio,gen=0.5,11,38,249,300,250,830.00
sqli-strict,gen_ratio,gen=0.5,12,38,249,300,249,830.00
sqli-strict,gen_ratio,gen=0.5,13,31,226,300,227,753.33
sqli-strict,gen_ratio,gen=0.5,14,39,221,300,222,736.67
sqli-strict,gen_ratio,gen=0.5,15,28,215,300,216,716.67
sqli-strict,gen_ratio,gen=0.5,16,29,230,300,231,766.67
sqli-strict,gen_ratio,gen=0.5,17,35,227,300,228,756.67
sqli-strict,gen_ratio,gen=0.5,18,32,242,300,243,806.67
sqli-strict,gen_ratio,gen=0.5,19,29,229,300,230,763.33
sqli-strict,gen_ratio,gen=0.6,0,32,244,300,245,813.33
sqli-strict,gen_ratio,gen=0.6,1,32,240,300,241,800.00
sqli-strict,gen_ratio,gen=0.6,2,29,239,300,240,796.67
sqli-strict,gen_ratio,gen=0.6,3,39,230,300,231,766.67
sqli-strict,gen_ratio,gen=0.6,4,35,239,300,240,796.67
sqli-strict,gen_ratio,gen=0.6,5,43,246,300,247,820.00
sqli-strict,gen_ratio,gen=0.6,6,34,245,300,246,816.67
sqli-strict,gen_ratio,gen=0.6,7,42,252,300,253,840.00
sqli-strict,gen_ratio,gen=0.6,8,50,253,300,254,843.33
sqli-strict,gen_ratio,gen=0.6,9,37,234,300,235,780.00
sqli-strict,gen_ratio,gen=0.6,10,40,239,300,240,796.67
sqli-strict,gen_ratio,gen=0.6,11,47,263,300,264,876.67
sqli-strict,gen_ratio,gen=0.6,12,52,246,300,247,820.00
sqli-strict,gen_ratio,gen=0.6,13,32,231,300,232,770.00
sqli-strict,gen_ratio,gen=0.6,14,48,231,300,232,770.00
sqli-strict,gen_ratio,gen=0.6,15,36,227,300,228,756.67
sqli-strict,gen_ratio,gen=0.6,16,31,223,300,224,743.33
sqli-strict,gen_ratio,gen=0.6,17,32,237,300,238,790.00
sqli-strict,gen_ratio,gen=0.6,18,31,243,300,244,810.00
sqli-strict,gen_ratio,gen=0.6,19,32,245,300,246,816.67
sqli-strict,gen_ratio,gen=0.7,0,35,249,300,250,830.00
sqli-strict,gen_ratio,gen=0.7,1,30,235,300,236,783.33
sqli-strict,gen_ratio,gen=0.7,2,31,243,300,244,810.00
sqli-strict,gen_ratio,gen=0.7,3,37,255,300,256,850.00
sqli-strict,gen_ratio,gen=0.7,4,30,242,300,243,806.67
sqli-strict,gen_ratio,gen=0.7,5,31,244,300,245,813.33
sqli-strict,gen_ratio,gen=0.7,6,31,232,300,233,773.33
sqli-strict,gen_ratio,gen=0.7,7,30,239,300,240,796.67
sqli-strict,gen_ratio,gen=0.7,8,32,237,300,238,790.00
sqli-strict,gen_ratio,gen=0.7,9,33,239,300,240,796.67
sqli-strict,gen_ratio,gen=0.7,10,35,244,300,245,813.33
sqli-strict,gen_ratio,gen=0.7,11,33,257,300,258,856.67
sqli-strict,gen_ratio,gen=0.7,12,33,241,300,242,803.33
sqli-strict,gen_ratio,gen=0.7,13,30,234,300,235,780.00
sqli-strict,gen_ratio,gen=0.7,14,31,235,300,236,783.33
sqli-strict,gen_ratio,gen=0.7,15,30,234,300,235,780.00
sqli-strict,gen_ratio,gen=0.7,16,29,234,300,235,780.00
sqli-strict,gen_ratio,gen=0.7,17,39,241,300,242,803.33
sqli-strict,gen_ratio,gen=0.7,18,33,247,300,248,823.33
sqli-strict,gen_ratio,gen=0.7,19,31,246,300,247,820.00
sqli-strict,gen_ratio,gen=0.8,0,40,257,300,258,856.67
sqli-strict,gen_ratio,gen=0.8,1,36,257,300,258,856.67
sqli-strict,gen_ratio,gen=0.8,2,30,244,300,245,813.33
sqli-strict,gen_ratio,gen=0.8,3,39,256,300,257,853.33
sqli-strict,gen_ratio,gen=0.8,4,31,248,300,249,826.67
sqli-strict,gen_ratio,gen=0.8,5,46,264,300,265,880.00
sqli-strict,gen_ratio,gen=0.8,6,31,241,300,242,803.33
sqli-strict,gen_ratio,gen=0.8,7,29,252,300,253,840.00
sqli-strict,gen_ratio,gen=0.8,8,31,252,300,253,840.00
sqli-strict,gen_ratio,gen=0.8,9,35,241,300,242,803.33
sqli-strict,gen_ratio,gen=0.8,10,35,262,300,263,873.33
sqli-strict,gen_ratio,gen=0.8,11,50,259,300,260,863.33
sqli-strict,gen_ratio,gen=0.8,12,37,255,300,256,850.00
sqli-strict,gen_ratio,gen=0.8,13,32,247,300,248,823.33
sqli-strict,gen_ratio,gen=0.8,14,33,248,300,249,826.67
sqli-strict,gen_ratio,gen=0.8,15,31,240,300,241,800.00
sqli-strict,gen_ratio,gen=0.8,16,30,253,300,254,843.33
sqli-strict,gen_ratio,gen=0.8,17,33,247,300,248,823.33
sqli-strict,gen_ratio,gen=0.8,18,33,249,300,250,830.00
sqli-strict,gen_ratio,gen=0.8,19,33,252,300,253,840.00
sqli-strict,gen_ratio,gen=0.9,0,39,247,300,248,823.33
sqli-strict,gen_ratio,gen=0.9,1,32,248,300,249,826.67
sqli-strict,gen_ratio,gen=0.9,2,28,248,300,249,826.67
sqli-strict,gen_ratio,gen=0.9,3,40,258,300,259,860.00
sqli-strict,gen_ratio,gen=0.9,4,33,261,300,262,870.00
sqli-strict,gen_ratio,gen=0.9,5,31,259,300,260,863.33
sqli-strict,gen_ratio,gen=0.9,6,31,259,300,260,863.33
sqli-strict,gen_ratio,gen=0.9,7,33,249,300,250,830.00
sqli-strict,gen_ratio,gen=0.9,8,32,253,300,254,843.33
sqli-strict,gen_ratio,gen=0.9,9,30,245,300,246,816.67
sqli-strict,gen_ratio,gen=0.9,10,38,255,300,256,850.00
sqli-strict,gen_ratio,gen=0.9,11,41,266,300,267,886.67
sqli-strict,gen_ratio,gen=0.9,12,32,254,300,255,846.67
sqli-strict,gen_ratio,gen=0.9,13,29,237,300,238,790.00
sqli-strict,gen_ratio,gen=0.9,14,31,249,300,250,830.00
sqli-strict,gen_ratio,gen=0.9,15,31,247,300,248,823.33
sqli-strict,gen_ratio,gen=0.9,16,31,247,300,248,823.33
sqli-strict,gen_ratio,gen=0.9,17,35,253,300,254,843.33
sqli-strict,gen_ratio,gen=0.9,18,30,251,300,251,836.67
sqli-strict,gen_ratio,gen=0.9,19,31,246,300,247,820.00
sqli-strict,gen_ratio,gen=1.0,0,32,261,300,262,870.00
sqli-strict,gen_ratio,gen=1.0,1,33,251,300,252,836.67
sqli-strict,gen_ratio,gen=1.0,2,29,264,300,265,880.00
sqli-strict,gen_ratio,gen=1.0,3,42,252,300,253,840.00
sqli-strict,gen_ratio,gen=1.0,4,34,254,300,255,846.67
sqli-strict,gen_ratio,gen=1.0,5,36,269,300,270,896.67
sqli-strict,gen_ratio,gen=1.0,6,33,264,300,265,880.00
sqli-strict,gen_ratio,gen=1.0,7,41,263,300,264,876.67
sqli-strict,gen_ratio,gen=1.0,8,32,258,300,259,860.00
sqli-strict,gen_ratio,gen=1.0,9,34,254,300,255,846.67
sqli-strict,gen_ratio,gen=1.0,10,35,254,300,255,846.67
sqli-strict,gen_ratio,gen=1.0,11,45,257,300,258,856.67
sqli-strict,gen_ratio,gen=1.0,12,41,249,300,250,830.00
sqli-strict,gen_ratio,gen=1.0,13,45,263,300,264,876.67
sqli-strict,gen_ratio,gen=1.0,14,37,256,300,257,853.33
sqli-strict,gen_ratio,gen=1.0,15,39,261,300,262,870.00
sqli-strict,gen_ratio,gen=1.0,16,34,265,300,266,883.33
sqli-strict,gen_ratio,gen=1.0,17,45,255,300,256,850.00
sqli-strict,gen_ratio,gen=1.0,18,34,264,300,265,880.00
sqli-strict,gen_ratio,gen=1.0,19,31,262,300,263,873.33
sqli-strict,length,len=short,0,27,246,300,246,820.00
sqli-strict,length,len=short,1,29,251,300,251,836.67
sqli-strict,length,len=short,2,25,239,300,239,796.67
sqli-strict,length,len=short,3,24,241,300,235,803.33
sqli-strict,length,len=short,4,30,256,300,256,853.33
sqli-strict,length,len=short,5,26,264,300,265,880.00
sqli-strict,length,len=short,6,24,243,300,243,810.00
sqli-strict,length,len=short,7,25,262,300,262,873.33
sqli-strict,length,len=short,8,26,256,300,256,853.33
sqli-strict,length,len=short,9,45,263,300,264,876.67
sqli-strict,length,len=short,10,25,242,300,243,806.67
sqli-strict,length,len=short,11,24,244,300,244,813.33
sqli-strict,length,len=short,12,28,265,300,265,883.33
sqli-strict,length,len=short,13,27,257,300,258,856.67
sqli-strict,length,len=short,14,26,239,300,239,796.67
sqli-strict,length,len=short,15,26,247,300,242,823.33
sqli-strict,length,len=short,16,29,250,300,250,833.33
sqli-strict,length,len=short,17,28,256,300,257,853.33
sqli-strict,length,len=short,18,26,244,300,244,813.33
sqli-strict,length,len=short,19,29,259,300,259,863.33
sqli-strict,length,len=medium,0,35,249,300,250,830.00
sqli-strict,length,len=medium,1,31,235,300,236,783.33
sqli-strict,length,len=medium,2,31,243,300,244,810.00
sqli-strict,length,len=medium,3,41,255,300,256,850.00
sqli-strict,length,len=medium,4,30,242,300,243,806.67
sqli-strict,length,len=medium,5,31,244,300,245,813.33
sqli-strict,length,len=medium,6,31,232,300,233,773.33
sqli-strict,length,len=medium,7,31,239,300,240,796.67
sqli-strict,length,len=medium,8,32,237,300,238,790.00
sqli-strict,length,len=medium,9,34,239,300,240,796.67
sqli-strict,length,len=medium,10,41,244,300,245,813.33
sqli-strict,length,len=medium,11,46,257,300,258,856.67
sqli-strict,length,len=medium,12,35,241,300,242,803.33
sqli-strict,length,len=medium,13,34,234,300,235,780.00
sqli-strict,length,len=medium,14,33,235,300,236,783.33
sqli-strict,length,len=medium,15,38,234,300,235,780.00
sqli-strict,length,len=medium,16,31,234,300,235,780.00
sqli-strict,length,len=medium,17,30,241,300,242,803.33
sqli-strict,length,len=medium,18,33,247,300,248,823.33
sqli-strict,length,len=medium,19,36,246,300,247,820.00
sqli-strict,length,len=long,0,55,245,300,246,816.67
sqli-strict,length,len=long,1,58,239,300,240,796.67
sqli-strict,length,len=long,2,68,230,300,231,766.67
sqli-strict,length,len=long,3,37,215,300,216,716.67
sqli-strict,length,len=long,4,47,239,300,240,796.67
sqli-strict,length,len=long,5,43,224,300,225,746.67
sqli-strict,length,len=long,6,36,225,300,226,750.00
sqli-strict,length,len=long,7,53,247,300,248,823.33
sqli-strict,length,len=long,8,38,236,300,237,786.67
sqli-strict,length,len=long,9,41,223,300,223,743.33
sqli-strict,length,len=long,10,45,227,300,228,756.67
sqli-strict,length,len=long,11,48,231,300,232,770.00
sqli-strict,length,len=long,12,44,225,300,226,750.00
sqli-strict,length,len=long,13,52,233,300,234,776.67
sqli-strict,length,len=long,14,54,237,300,238,790.00
sqli-strict,length,len=long,15,41,244,300,245,813.33
sqli-strict,length,len=long,16,43,233,300,234,776.67
sqli-strict,length,len=long,17,43,236,300,237,786.67
sqli-strict,length,len=long,18,41,232,300,233,773.33
sqli-strict,length,len=long,19,53,243,300,244,810.00
sqli-strict,havoc,havoc=default,0,35,249,300,250,830.00
sqli-strict,havoc,havoc=default,1,29,235,300,236,783.33
sqli-strict,havoc,havoc=default,2,32,243,300,244,810.00
sqli-strict,havoc,havoc=default,3,39,255,300,256,850.00
sqli-strict,havoc,havoc=default,4,30,242,300,243,806.67
sqli-strict,havoc,havoc=default,5,42,244,300,245,813.33
sqli-strict,havoc,havoc=default,6,32,232,300,233,773.33
sqli-strict,havoc,havoc=default,7,31,239,300,240,796.67
sqli-strict,havoc,havoc=default,8,35,237,300,238,790.00
sqli-strict,havoc,havoc=default,9,35,239,300,240,796.67
sqli-strict,havoc,havoc=default,10,43,244,300,245,813.33
sqli-strict,havoc,havoc=default,11,43,257,300,258,856.67
sqli-strict,havoc,havoc=default,12,34,241,300,242,803.33
sqli-strict,havoc,havoc=default,13,33,234,300,235,780.00
sqli-strict,havoc,havoc=default,14,37,235,300,236,783.33
sqli-strict,havoc,havoc=default,15,31,234,300,235,780.00
sqli-strict,havoc,havoc=default,16,36,234,300,235,780.00
sqli-strict,havoc,havoc=default,17,43,241,300,242,803.33
sqli-strict,havoc,havoc=default,18,33,247,300,248,823.33
sqli-strict,havoc,havoc=default,19,31,246,300,247,820.00
sqli-strict,havoc,havoc=structural,0,29,232,300,233,773.33
sqli-strict,havoc,havoc=structural,1,29,239,300,240,796.67
sqli-strict,havoc,havoc=structural,2,27,227,300,228,756.67
sqli-strict,havoc,havoc=structural,3,39,249,300,250,830.00
sqli-strict,havoc,havoc=structural,4,30,249,300,250,830.00
sqli-strict,havoc,havoc=structural,5,30,255,300,256,850.00
sqli-strict,havoc,havoc=structural,6,30,226,300,227,753.33
sqli-strict,havoc,havoc=structural,7,30,246,300,247,820.00
sqli-strict,havoc,havoc=structural,8,30,250,300,251,833.33
sqli-strict,havoc,havoc=structural,9,31,237,300,238,790.00
sqli-strict,havoc,havoc=structural,10,34,247,300,248,823.33
sqli-strict,havoc,havoc=structural,11,35,250,300,251,833.33
sqli-strict,havoc,havoc=structural,12,33,249,300,250,830.00
sqli-strict,havoc,havoc=structural,13,31,228,300,229,760.00
sqli-strict,havoc,havoc=structural,14,29,231,300,232,770.00
sqli-strict,havoc,havoc=structural,15,35,250,300,251,833.33
sqli-strict,havoc,havoc=structural,16,33,238,300,239,793.33
sqli-strict,havoc,havoc=structural,17,29,234,300,235,780.00
sqli-strict,havoc,havoc=structural,18,36,251,300,252,836.67
sqli-strict,havoc,havoc=structural,19,32,243,300,244,810.00
sqli-strict,havoc,havoc=destructive,0,39,233,300,234,776.67
sqli-strict,havoc,havoc=destructive,1,47,229,300,230,763.33
sqli-strict,havoc,havoc=destructive,2,37,236,300,237,786.67
sqli-strict,havoc,havoc=destructive,3,42,241,300,242,803.33
sqli-strict,havoc,havoc=destructive,4,105,239,300,240,796.67
sqli-strict,havoc,havoc=destructive,5,49,239,300,240,796.67
sqli-strict,havoc,havoc=destructive,6,76,244,300,245,813.33
sqli-strict,havoc,havoc=destructive,7,49,242,300,243,806.67
sqli-strict,havoc,havoc=destructive,8,59,224,300,225,746.67
sqli-strict,havoc,havoc=destructive,9,42,236,300,237,786.67
sqli-strict,havoc,havoc=destructive,10,84,233,300,234,776.67
sqli-strict,havoc,havoc=destructive,11,62,255,300,256,850.00
sqli-strict,havoc,havoc=destructive,12,63,247,300,248,823.33
sqli-strict,havoc,havoc=destructive,13,44,224,300,225,746.67
sqli-strict,havoc,havoc=destructive,14,37,244,300,245,813.33
sqli-strict,havoc,havoc=destructive,15,73,236,300,237,786.67
sqli-strict,havoc,havoc=destructive,16,54,238,300,239,793.33
sqli-strict,havoc,havoc=destructive,17,181,242,300,243,806.67
sqli-strict,havoc,havoc=destructive,18,61,248,300,249,826.67
sqli-strict,havoc,havoc=destructive,19,43,233,300,234,776.67
sqli-strict,havoc,havoc=encoding,0,36,256,300,257,853.33
sqli-strict,havoc,havoc=encoding,1,37,243,300,244,810.00
sqli-strict,havoc,havoc=encoding,2,28,232,300,233,773.33
sqli-strict,havoc,havoc=encoding,3,39,256,300,257,853.33
sqli-strict,havoc,havoc=encoding,4,33,257,300,258,856.67
sqli-strict,havoc,havoc=encoding,5,29,258,300,259,860.00
sqli-strict,havoc,havoc=encoding,6,38,240,300,241,800.00
sqli-strict,havoc,havoc=encoding,7,38,260,300,261,866.67
sqli-strict,havoc,havoc=encoding,8,30,244,300,245,813.33
sqli-strict,havoc,havoc=encoding,9,29,233,300,234,776.67
sqli-strict,havoc,havoc=encoding,10,39,238,300,239,793.33
sqli-strict,havoc,havoc=encoding,11,34,253,300,254,843.33
sqli-strict,havoc,havoc=encoding,12,36,253,300,254,843.33
sqli-strict,havoc,havoc=encoding,13,32,240,300,241,800.00
sqli-strict,havoc,havoc=encoding,14,36,239,300,240,796.67
sqli-strict,havoc,havoc=encoding,15,37,244,300,245,813.33
sqli-strict,havoc,havoc=encoding,16,36,232,300,233,773.33
sqli-strict,havoc,havoc=encoding,17,47,236,300,237,786.67
sqli-strict,havoc,havoc=encoding,18,30,234,300,235,780.00
sqli-strict,havoc,havoc=encoding,19,37,237,300,238,790.00
sqli-strict,placement,place=a0.0_p0.5,0,35,191,300,192,636.67
sqli-strict,placement,place=a0.0_p0.5,1,30,217,300,218,723.33
sqli-strict,placement,place=a0.0_p0.5,2,32,213,300,214,710.00
sqli-strict,placement,place=a0.0_p0.5,3,37,216,300,217,720.00
sqli-strict,placement,place=a0.0_p0.5,4,30,208,300,209,693.33
sqli-strict,placement,place=a0.0_p0.5,5,28,216,300,217,720.00
sqli-strict,placement,place=a0.0_p0.5,6,30,206,300,207,686.67
sqli-strict,placement,place=a0.0_p0.5,7,28,222,300,223,740.00
sqli-strict,placement,place=a0.0_p0.5,8,28,214,300,215,713.33
sqli-strict,placement,place=a0.0_p0.5,9,37,195,300,196,650.00
sqli-strict,placement,place=a0.0_p0.5,10,38,200,300,201,666.67
sqli-strict,placement,place=a0.0_p0.5,11,32,210,300,211,700.00
sqli-strict,placement,place=a0.0_p0.5,12,32,216,300,217,720.00
sqli-strict,placement,place=a0.0_p0.5,13,33,210,300,211,700.00
sqli-strict,placement,place=a0.0_p0.5,14,29,210,300,211,700.00
sqli-strict,placement,place=a0.0_p0.5,15,28,215,300,216,716.67
sqli-strict,placement,place=a0.0_p0.5,16,28,216,300,217,720.00
sqli-strict,placement,place=a0.0_p0.5,17,28,214,300,215,713.33
sqli-strict,placement,place=a0.0_p0.5,18,28,213,300,214,710.00
sqli-strict,placement,place=a0.0_p0.5,19,28,214,300,215,713.33
sqli-strict,placement,place=a0.0_p1.0,0,27,191,300,192,636.67
sqli-strict,placement,place=a0.0_p1.0,1,30,217,300,218,723.33
sqli-strict,placement,place=a0.0_p1.0,2,28,213,300,214,710.00
sqli-strict,placement,place=a0.0_p1.0,3,34,216,300,217,720.00
sqli-strict,placement,place=a0.0_p1.0,4,35,208,300,209,693.33
sqli-strict,placement,place=a0.0_p1.0,5,32,216,300,217,720.00
sqli-strict,placement,place=a0.0_p1.0,6,29,206,300,207,686.67
sqli-strict,placement,place=a0.0_p1.0,7,27,222,300,223,740.00
sqli-strict,placement,place=a0.0_p1.0,8,28,214,300,215,713.33
sqli-strict,placement,place=a0.0_p1.0,9,36,195,300,196,650.00
sqli-strict,placement,place=a0.0_p1.0,10,30,200,300,201,666.67
sqli-strict,placement,place=a0.0_p1.0,11,33,210,300,211,700.00
sqli-strict,placement,place=a0.0_p1.0,12,31,216,300,217,720.00
sqli-strict,placement,place=a0.0_p1.0,13,33,210,300,211,700.00
sqli-strict,placement,place=a0.0_p1.0,14,35,210,300,211,700.00
sqli-strict,placement,place=a0.0_p1.0,15,28,215,300,216,716.67
sqli-strict,placement,place=a0.0_p1.0,16,27,216,300,217,720.00
sqli-strict,placement,place=a0.0_p1.0,17,28,214,300,215,713.33
sqli-strict,placement,place=a0.0_p1.0,18,33,213,300,214,710.00
sqli-strict,placement,place=a0.0_p1.0,19,28,214,300,215,713.33
sqli-strict,placement,place=a0.0_p2.0,0,27,191,300,192,636.67
sqli-strict,placement,place=a0.0_p2.0,1,36,217,300,218,723.33
sqli-strict,placement,place=a0.0_p2.0,2,30,213,300,214,710.00
sqli-strict,placement,place=a0.0_p2.0,3,37,216,300,217,720.00
sqli-strict,placement,place=a0.0_p2.0,4,40,208,300,209,693.33
sqli-strict,placement,place=a0.0_p2.0,5,29,216,300,217,720.00
sqli-strict,placement,place=a0.0_p2.0,6,30,206,300,207,686.67
sqli-strict,placement,place=a0.0_p2.0,7,35,222,300,223,740.00
sqli-strict,placement,place=a0.0_p2.0,8,32,214,300,215,713.33
sqli-strict,placement,place=a0.0_p2.0,9,35,195,300,196,650.00
sqli-strict,placement,place=a0.0_p2.0,10,34,200,300,201,666.67
sqli-strict,placement,place=a0.0_p2.0,11,35,210,300,211,700.00
sqli-strict,placement,place=a0.0_p2.0,12,31,216,300,217,720.00
sqli-strict,placement,place=a0.0_p2.0,13,27,210,300,211,700.00
sqli-strict,placement,place=a0.0_p2.0,14,38,210,300,211,700.00
sqli-strict,placement,place=a0.0_p2.0,15,28,215,300,216,716.67
sqli-strict,placement,place=a0.0_p2.0,16,32,216,300,217,720.00
sqli-strict,placement,place=a0.0_p2.0,17,28,214,300,215,713.33
sqli-strict,placement,place=a0.0_p2.0,18,28,213,300,214,710.00
sqli-strict,placement,place=a0.0_p2.0,19,28,214,300,215,713.33
sqli-strict,placement,place=a0.0_p4.0,0,28,191,300,192,636.67
sqli-strict,placement,place=a0.0_p4.0,1,31,217,300,218,723.33
sqli-strict,placement,place=a0.0_p4.0,2,28,213,300,214,710.00
sqli-strict,placement,place=a0.0_p4.0,3,33,216,300,217,720.00
sqli-strict,placement,place=a0.0_p4.0,4,38,208,300,209,693.33
sqli-strict,placement,place=a0.0_p4.0,5,29,216,300,217,720.00
sqli-strict,placement,place=a0.0_p4.0,6,29,206,300,207,686.67
sqli-strict,placement,place=a0.0_p4.0,7,34,222,300,223,740.00
sqli-strict,placement,place=a0.0_p4.0,8,32,214,300,215,713.33
sqli-strict,placement,place=a0.0_p4.0,9,35,195,300,196,650.00
sqli-strict,placement,place=a0.0_p4.0,10,34,200,300,201,666.67
sqli-strict,placement,place=a0.0_p4.0,11,40,210,300,211,700.00
sqli-strict,placement,place=a0.0_p4.0,12,31,216,300,217,720.00
sqli-strict,placement,place=a0.0_p4.0,13,28,210,300,211,700.00
sqli-strict,placement,place=a0.0_p4.0,14,30,210,300,211,700.00
sqli-strict,placement,place=a0.0_p4.0,15,28,215,300,216,716.67
sqli-strict,placement,place=a0.0_p4.0,16,27,216,300,217,720.00
sqli-strict,placement,place=a0.0_p4.0,17,37,214,300,215,713.33
sqli-strict,placement,place=a0.0_p4.0,18,29,213,300,214,710.00
sqli-strict,placement,place=a0.0_p4.0,19,28,214,300,215,713.33
sqli-strict,placement,place=a0.5_p0.0,0,33,277,300,278,923.33
sqli-strict,placement,place=a0.5_p0.0,1,41,268,300,268,893.33
sqli-strict,placement,place=a0.5_p0.0,2,29,265,300,266,883.33
sqli-strict,placement,place=a0.5_p0.0,3,42,281,300,282,936.67
sqli-strict,placement,place=a0.5_p0.0,4,33,277,300,278,923.33
sqli-strict,placement,place=a0.5_p0.0,5,30,275,300,276,916.67
sqli-strict,placement,place=a0.5_p0.0,6,31,270,300,271,900.00
sqli-strict,placement,place=a0.5_p0.0,7,37,279,300,280,930.00
sqli-strict,placement,place=a0.5_p0.0,8,38,280,300,280,933.33
sqli-strict,placement,place=a0.5_p0.0,9,35,280,300,281,933.33
sqli-strict,placement,place=a0.5_p0.0,10,44,277,300,278,923.33
sqli-strict,placement,place=a0.5_p0.0,11,39,279,300,280,930.00
sqli-strict,placement,place=a0.5_p0.0,12,42,285,300,286,950.00
sqli-strict,placement,place=a0.5_p0.0,13,35,272,300,273,906.67
sqli-strict,placement,place=a0.5_p0.0,14,31,276,300,277,920.00
sqli-strict,placement,place=a0.5_p0.0,15,31,256,300,257,853.33
sqli-strict,placement,place=a0.5_p0.0,16,31,263,300,264,876.67
sqli-strict,placement,place=a0.5_p0.0,17,29,269,300,270,896.67
sqli-strict,placement,place=a0.5_p0.0,18,36,276,300,277,920.00
sqli-strict,placement,place=a0.5_p0.0,19,30,274,300,275,913.33
sqli-strict,placement,place=a0.5_p0.5,0,36,237,300,238,790.00
sqli-strict,placement,place=a0.5_p0.5,1,34,240,300,241,800.00
sqli-strict,placement,place=a0.5_p0.5,2,31,239,300,240,796.67
sqli-strict,placement,place=a0.5_p0.5,3,30,236,300,237,786.67
sqli-strict,placement,place=a0.5_p0.5,4,39,253,300,254,843.33
sqli-strict,placement,place=a0.5_p0.5,5,32,250,300,250,833.33
sqli-strict,placement,place=a0.5_p0.5,6,31,237,300,238,790.00
sqli-strict,placement,place=a0.5_p0.5,7,30,246,300,247,820.00
sqli-strict,placement,place=a0.5_p0.5,8,37,240,300,241,800.00
sqli-strict,placement,place=a0.5_p0.5,9,33,231,300,232,770.00
sqli-strict,placement,place=a0.5_p0.5,10,34,242,300,243,806.67
sqli-strict,placement,place=a0.5_p0.5,11,35,241,300,242,803.33
sqli-strict,placement,place=a0.5_p0.5,12,30,250,300,251,833.33
sqli-strict,placement,place=a0.5_p0.5,13,28,243,300,244,810.00
sqli-strict,placement,place=a0.5_p0.5,14,30,235,300,236,783.33
sqli-strict,placement,place=a0.5_p0.5,15,31,235,300,236,783.33
sqli-strict,placement,place=a0.5_p0.5,16,31,230,300,231,766.67
sqli-strict,placement,place=a0.5_p0.5,17,32,225,300,226,750.00
sqli-strict,placement,place=a0.5_p0.5,18,35,235,300,236,783.33
sqli-strict,placement,place=a0.5_p0.5,19,29,239,300,240,796.67
sqli-strict,placement,place=a0.5_p1.0,0,30,238,300,239,793.33
sqli-strict,placement,place=a0.5_p1.0,1,29,237,300,238,790.00
sqli-strict,placement,place=a0.5_p1.0,2,30,225,300,226,750.00
sqli-strict,placement,place=a0.5_p1.0,3,31,228,300,229,760.00
sqli-strict,placement,place=a0.5_p1.0,4,35,231,300,232,770.00
sqli-strict,placement,place=a0.5_p1.0,5,34,239,300,240,796.67
sqli-strict,placement,place=a0.5_p1.0,6,35,227,300,228,756.67
sqli-strict,placement,place=a0.5_p1.0,7,28,228,300,229,760.00
sqli-strict,placement,place=a0.5_p1.0,8,39,243,300,244,810.00
sqli-strict,placement,place=a0.5_p1.0,9,43,219,300,220,730.00
sqli-strict,placement,place=a0.5_p1.0,10,38,220,300,221,733.33
sqli-strict,placement,place=a0.5_p1.0,11,43,234,300,235,780.00
sqli-strict,placement,place=a0.5_p1.0,12,33,239,300,240,796.67
sqli-strict,placement,place=a0.5_p1.0,13,26,228,300,229,760.00
sqli-strict,placement,place=a0.5_p1.0,14,29,224,300,225,746.67
sqli-strict,placement,place=a0.5_p1.0,15,30,231,300,232,770.00
sqli-strict,placement,place=a0.5_p1.0,16,30,226,300,227,753.33
sqli-strict,placement,place=a0.5_p1.0,17,35,232,300,233,773.33
sqli-strict,placement,place=a0.5_p1.0,18,29,245,300,246,816.67
sqli-strict,placement,place=a0.5_p1.0,19,29,230,300,230,766.67
sqli-strict,placement,place=a0.5_p2.0,0,30,226,300,227,753.33
sqli-strict,placement,place=a0.5_p2.0,1,28,222,300,223,740.00
sqli-strict,placement,place=a0.5_p2.0,2,29,235,300,236,783.33
sqli-strict,placement,place=a0.5_p2.0,3,30,229,300,230,763.33
sqli-strict,placement,place=a0.5_p2.0,4,36,223,300,224,743.33
sqli-strict,placement,place=a0.5_p2.0,5,28,230,300,231,766.67
sqli-strict,placement,place=a0.5_p2.0,6,29,223,300,224,743.33
sqli-strict,placement,place=a0.5_p2.0,7,28,214,300,215,713.33
sqli-strict,placement,place=a0.5_p2.0,8,33,234,300,235,780.00
sqli-strict,placement,place=a0.5_p2.0,9,36,220,300,221,733.33
sqli-strict,placement,place=a0.5_p2.0,10,33,216,300,217,720.00
sqli-strict,placement,place=a0.5_p2.0,11,32,227,300,228,756.67
sqli-strict,placement,place=a0.5_p2.0,12,33,232,300,233,773.33
sqli-strict,placement,place=a0.5_p2.0,13,30,220,300,221,733.33
sqli-strict,placement,place=a0.5_p2.0,14,29,205,300,206,683.33
sqli-strict,placement,place=a0.5_p2.0,15,28,215,300,216,716.67
sqli-strict,placement,place=a0.5_p2.0,16,29,225,300,226,750.00
sqli-strict,placement,place=a0.5_p2.0,17,27,211,300,212,703.33
sqli-strict,placement,place=a0.5_p2.0,18,32,220,300,221,733.33
sqli-strict,placement,place=a0.5_p2.0,19,28,228,300,229,760.00
sqli-strict,placement,place=a0.5_p4.0,0,29,223,300,224,743.33
sqli-strict,placement,place=a0.5_p4.0,1,34,223,300,224,743.33
sqli-strict,placement,place=a0.5_p4.0,2,32,223,300,224,743.33
sqli-strict,placement,place=a0.5_p4.0,3,34,221,300,222,736.67
sqli-strict,placement,place=a0.5_p4.0,4,33,215,300,216,716.67
sqli-strict,placement,place=a0.5_p4.0,5,30,234,300,235,780.00
sqli-strict,placement,place=a0.5_p4.0,6,31,222,300,222,740.00
sqli-strict,placement,place=a0.5_p4.0,7,29,220,300,221,733.33
sqli-strict,placement,place=a0.5_p4.0,8,32,237,300,238,790.00
sqli-strict,placement,place=a0.5_p4.0,9,45,213,300,214,710.00
sqli-strict,placement,place=a0.5_p4.0,10,31,216,300,217,720.00
sqli-strict,placement,place=a0.5_p4.0,11,44,221,300,222,736.67
sqli-strict,placement,place=a0.5_p4.0,12,36,233,300,234,776.67
sqli-strict,placement,place=a0.5_p4.0,13,30,208,300,209,693.33
sqli-strict,placement,place=a0.5_p4.0,14,38,212,300,213,706.67
sqli-strict,placement,place=a0.5_p4.0,15,31,198,300,199,660.00
sqli-strict,placement,place=a0.5_p4.0,16,28,228,300,229,760.00
sqli-strict,placement,place=a0.5_p4.0,17,32,217,300,218,723.33
sqli-strict,placement,place=a0.5_p4.0,18,37,224,300,225,746.67
sqli-strict,placement,place=a0.5_p4.0,19,31,225,300,226,750.00
sqli-strict,placement,place=a1.0_p0.0,0,34,277,300,278,923.33
sqli-strict,placement,place=a1.0_p0.0,1,38,268,300,268,893.33
sqli-strict,placement,place=a1.0_p0.0,2,29,265,300,266,883.33
sqli-strict,placement,place=a1.0_p0.0,3,35,281,300,282,936.67
sqli-strict,placement,place=a1.0_p0.0,4,37,277,300,278,923.33
sqli-strict,placement,place=a1.0_p0.0,5,28,275,300,276,916.67
sqli-strict,placement,place=a1.0_p0.0,6,29,270,300,271,900.00
sqli-strict,placement,place=a1.0_p0.0,7,29,279,300,280,930.00
sqli-strict,placement,place=a1.0_p0.0,8,33,280,300,280,933.33
sqli-strict,placement,place=a1.0_p0.0,9,33,280,300,281,933.33
sqli-strict,placement,place=a1.0_p0.0,10,30,277,300,278,923.33
sqli-strict,placement,place=a1.0_p0.0,11,43,279,300,280,930.00
sqli-strict,placement,place=a1.0_p0.0,12,31,285,300,286,950.00
sqli-strict,placement,place=a1.0_p0.0,13,30,272,300,273,906.67
sqli-strict,placement,place=a1.0_p0.0,14,33,276,300,277,920.00
sqli-strict,placement,place=a1.0_p0.0,15,30,256,300,257,853.33
sqli-strict,placement,place=a1.0_p0.0,16,28,263,300,264,876.67
sqli-strict,placement,place=a1.0_p0.0,17,31,269,300,270,896.67
sqli-strict,placement,place=a1.0_p0.0,18,34,276,300,277,920.00
sqli-strict,placement,place=a1.0_p0.0,19,29,274,300,275,913.33
sqli-strict,placement,place=a1.0_p0.5,0,29,249,300,250,830.00
sqli-strict,placement,place=a1.0_p0.5,1,35,257,300,258,856.67
sqli-strict,placement,place=a1.0_p0.5,2,27,243,300,244,810.00
sqli-strict,placement,place=a1.0_p0.5,3,33,266,300,267,886.67
sqli-strict,placement,place=a1.0_p0.5,4,32,245,300,246,816.67
sqli-strict,placement,place=a1.0_p0.5,5,30,251,300,252,836.67
sqli-strict,placement,place=a1.0_p0.5,6,30,243,300,244,810.00
sqli-strict,placement,place=a1.0_p0.5,7,28,254,300,255,846.67
sqli-strict,placement,place=a1.0_p0.5,8,33,249,300,250,830.00
sqli-strict,placement,place=a1.0_p0.5,9,36,265,300,266,883.33
sqli-strict,placement,place=a1.0_p0.5,10,30,249,300,250,830.00
sqli-strict,placement,place=a1.0_p0.5,11,40,261,300,262,870.00
sqli-strict,placement,place=a1.0_p0.5,12,36,257,300,258,856.67
sqli-strict,placement,place=a1.0_p0.5,13,38,249,300,250,830.00
sqli-strict,placement,place=a1.0_p0.5,14,37,239,300,240,796.67
sqli-strict,placement,place=a1.0_p0.5,15,36,248,300,249,826.67
sqli-strict,placement,place=a1.0_p0.5,16,30,241,300,242,803.33
sqli-strict,placement,place=a1.0_p0.5,17,33,242,300,243,806.67
sqli-strict,placement,place=a1.0_p0.5,18,37,250,300,251,833.33
sqli-strict,placement,place=a1.0_p0.5,19,36,259,300,260,863.33
sqli-strict,placement,place=a1.0_p1.0,0,32,237,300,238,790.00
sqli-strict,placement,place=a1.0_p1.0,1,31,240,300,241,800.00
sqli-strict,placement,place=a1.0_p1.0,2,29,239,300,240,796.67
sqli-strict,placement,place=a1.0_p1.0,3,44,236,300,237,786.67
sqli-strict,placement,place=a1.0_p1.0,4,31,253,300,254,843.33
sqli-strict,placement,place=a1.0_p1.0,5,34,250,300,250,833.33
sqli-strict,placement,place=a1.0_p1.0,6,38,237,300,238,790.00
sqli-strict,placement,place=a1.0_p1.0,7,30,246,300,247,820.00
sqli-strict,placement,place=a1.0_p1.0,8,34,240,300,241,800.00
sqli-strict,placement,place=a1.0_p1.0,9,30,231,300,232,770.00
sqli-strict,placement,place=a1.0_p1.0,10,35,242,300,243,806.67
sqli-strict,placement,place=a1.0_p1.0,11,34,241,300,242,803.33
sqli-strict,placement,place=a1.0_p1.0,12,40,250,300,251,833.33
sqli-strict,placement,place=a1.0_p1.0,13,28,243,300,244,810.00
sqli-strict,placement,place=a1.0_p1.0,14,29,235,300,236,783.33
sqli-strict,placement,place=a1.0_p1.0,15,30,235,300,236,783.33
sqli-strict,placement,place=a1.0_p1.0,16,31,230,300,231,766.67
sqli-strict,placement,place=a1.0_p1.0,17,28,225,300,226,750.00
sqli-strict,placement,place=a1.0_p1.0,18,34,235,300,236,783.33
sqli-strict,placement,place=a1.0_p1.0,19,32,239,300,240,796.67
sqli-strict,placement,place=a1.0_p2.0,0,30,238,300,239,793.33
sqli-strict,placement,place=a1.0_p2.0,1,28,237,300,238,790.00
sqli-strict,placement,place=a1.0_p2.0,2,35,225,300,226,750.00
sqli-strict,placement,place=a1.0_p2.0,3,33,228,300,229,760.00
sqli-strict,placement,place=a1.0_p2.0,4,26,231,300,232,770.00
sqli-strict,placement,place=a1.0_p2.0,5,34,239,300,240,796.67
sqli-strict,placement,place=a1.0_p2.0,6,31,227,300,228,756.67
sqli-strict,placement,place=a1.0_p2.0,7,28,228,300,229,760.00
sqli-strict,placement,place=a1.0_p2.0,8,31,243,300,244,810.00
sqli-strict,placement,place=a1.0_p2.0,9,32,219,300,220,730.00
sqli-strict,placement,place=a1.0_p2.0,10,29,220,300,221,733.33
sqli-strict,placement,place=a1.0_p2.0,11,32,234,300,235,780.00
sqli-strict,placement,place=a1.0_p2.0,12,32,239,300,240,796.67
sqli-strict,placement,place=a1.0_p2.0,13,27,228,300,229,760.00
sqli-strict,placement,place=a1.0_p2.0,14,29,224,300,225,746.67
sqli-strict,placement,place=a1.0_p2.0,15,30,231,300,232,770.00
sqli-strict,placement,place=a1.0_p2.0,16,38,226,300,227,753.33
sqli-strict,placement,place=a1.0_p2.0,17,37,232,300,233,773.33
sqli-strict,placement,place=a1.0_p2.0,18,29,245,300,246,816.67
sqli-strict,placement,place=a1.0_p2.0,19,33,230,300,230,766.67
sqli-strict,placement,place=a1.0_p4.0,0,34,226,300,227,753.33
sqli-strict,placement,place=a1.0_p4.0,1,29,222,300,223,740.00
sqli-strict,placement,place=a1.0_p4.0,2,36,235,300,236,783.33
sqli-strict,placement,place=a1.0_p4.0,3,41,229,300,230,763.33
sqli-strict,placement,place=a1.0_p4.0,4,49,223,300,224,743.33
sqli-strict,placement,place=a1.0_p4.0,5,39,230,300,231,766.67
sqli-strict,placement,place=a1.0_p4.0,6,29,223,300,224,743.33
sqli-strict,placement,place=a1.0_p4.0,7,28,214,300,215,713.33
sqli-strict,placement,place=a1.0_p4.0,8,35,234,300,235,780.00
sqli-strict,placement,place=a1.0_p4.0,9,45,220,300,221,733.33
sqli-strict,placement,place=a1.0_p4.0,10,32,216,300,217,720.00
sqli-strict,placement,place=a1.0_p4.0,11,32,227,300,228,756.67
sqli-strict,placement,place=a1.0_p4.0,12,33,232,300,233,773.33
sqli-strict,placement,place=a1.0_p4.0,13,29,220,300,221,733.33
sqli-strict,placement,place=a1.0_p4.0,14,29,205,300,206,683.33
sqli-strict,placement,place=a1.0_p4.0,15,29,215,300,216,716.67
sqli-strict,placement,place=a1.0_p4.0,16,30,225,300,226,750.00
sqli-strict,placement,place=a1.0_p4.0,17,27,211,300,212,703.33
sqli-strict,placement,place=a1.0_p4.0,18,29,220,300,221,733.33
sqli-strict,placement,place=a1.0_p4.0,19,30,228,300,229,760.00
sqli-strict,placement,place=a2.0_p0.0,0,32,277,300,278,923.33
sqli-strict,placement,place=a2.0_p0.0,1,29,268,300,268,893.33
sqli-strict,placement,place=a2.0_p0.0,2,29,265,300,266,883.33
sqli-strict,placement,place=a2.0_p0.0,3,35,281,300,282,936.67
sqli-strict,placement,place=a2.0_p0.0,4,30,277,300,278,923.33
sqli-strict,placement,place=a2.0_p0.0,5,29,275,300,276,916.67
sqli-strict,placement,place=a2.0_p0.0,6,30,270,300,271,900.00
sqli-strict,placement,place=a2.0_p0.0,7,29,279,300,280,930.00
sqli-strict,placement,place=a2.0_p0.0,8,30,280,300,280,933.33
sqli-strict,placement,place=a2.0_p0.0,9,36,280,300,281,933.33
sqli-strict,placement,place=a2.0_p0.0,10,30,277,300,278,923.33
sqli-strict,placement,place=a2.0_p0.0,11,35,279,300,280,930.00
sqli-strict,placement,place=a2.0_p0.0,12,33,285,300,286,950.00
sqli-strict,placement,place=a2.0_p0.0,13,27,272,300,273,906.67
sqli-strict,placement,place=a2.0_p0.0,14,30,276,300,277,920.00
sqli-strict,placement,place=a2.0_p0.0,15,30,256,300,257,853.33
sqli-strict,placement,place=a2.0_p0.0,16,30,263,300,264,876.67
sqli-strict,placement,place=a2.0_p0.0,17,29,269,300,270,896.67
sqli-strict,placement,place=a2.0_p0.0,18,34,276,300,277,920.00
sqli-strict,placement,place=a2.0_p0.0,19,30,274,300,275,913.33
sqli-strict,placement,place=a2.0_p0.5,0,32,266,300,267,886.67
sqli-strict,placement,place=a2.0_p0.5,1,36,266,300,267,886.67
sqli-strict,placement,place=a2.0_p0.5,2,37,259,300,260,863.33
sqli-strict,placement,place=a2.0_p0.5,3,43,265,300,266,883.33
sqli-strict,placement,place=a2.0_p0.5,4,37,260,300,261,866.67
sqli-strict,placement,place=a2.0_p0.5,5,32,257,300,258,856.67
sqli-strict,placement,place=a2.0_p0.5,6,31,255,300,256,850.00
sqli-strict,placement,place=a2.0_p0.5,7,29,258,300,259,860.00
sqli-strict,placement,place=a2.0_p0.5,8,36,269,300,270,896.67
sqli-strict,placement,place=a2.0_p0.5,9,38,254,300,255,846.67
sqli-strict,placement,place=a2.0_p0.5,10,29,256,300,257,853.33
sqli-strict,placement,place=a2.0_p0.5,11,35,269,300,270,896.67
sqli-strict,placement,place=a2.0_p0.5,12,33,267,300,268,890.00
sqli-strict,placement,place=a2.0_p0.5,13,28,254,300,255,846.67
sqli-strict,placement,place=a2.0_p0.5,14,34,255,300,256,850.00
sqli-strict,placement,place=a2.0_p0.5,15,35,258,300,259,860.00
sqli-strict,placement,place=a2.0_p0.5,16,31,256,300,257,853.33
sqli-strict,placement,place=a2.0_p0.5,17,30,255,300,256,850.00
sqli-strict,placement,place=a2.0_p0.5,18,42,266,300,267,886.67
sqli-strict,placement,place=a2.0_p0.5,19,30,262,300,263,873.33
sqli-strict,placement,place=a2.0_p1.0,0,29,249,300,250,830.00
sqli-strict,placement,place=a2.0_p1.0,1,42,257,300,258,856.67
sqli-strict,placement,place=a2.0_p1.0,2,27,243,300,244,810.00
sqli-strict,placement,place=a2.0_p1.0,3,35,266,300,267,886.67
sqli-strict,placement,place=a2.0_p1.0,4,33,245,300,246,816.67
sqli-strict,placement,place=a2.0_p1.0,5,32,251,300,252,836.67
sqli-strict,placement,place=a2.0_p1.0,6,34,243,300,244,810.00
sqli-strict,placement,place=a2.0_p1.0,7,33,254,300,255,846.67
sqli-strict,placement,place=a2.0_p1.0,8,31,249,300,250,830.00
sqli-strict,placement,place=a2.0_p1.0,9,35,265,300,266,883.33
sqli-strict,placement,place=a2.0_p1.0,10,35,249,300,250,830.00
sqli-strict,placement,place=a2.0_p1.0,11,38,261,300,262,870.00
sqli-strict,placement,place=a2.0_p1.0,12,34,257,300,258,856.67
sqli-strict,placement,place=a2.0_p1.0,13,28,249,300,250,830.00
sqli-strict,placement,place=a2.0_p1.0,14,38,239,300,240,796.67
sqli-strict,placement,place=a2.0_p1.0,15,31,248,300,249,826.67
sqli-strict,placement,place=a2.0_p1.0,16,33,241,300,242,803.33
sqli-strict,placement,place=a2.0_p1.0,17,29,242,300,243,806.67
sqli-strict,placement,place=a2.0_p1.0,18,33,250,300,251,833.33
sqli-strict,placement,place=a2.0_p1.0,19,30,259,300,260,863.33
sqli-strict,placement,place=a2.0_p2.0,0,31,237,300,238,790.00
sqli-strict,placement,place=a2.0_p2.0,1,33,240,300,241,800.00
sqli-strict,placement,place=a2.0_p2.0,2,37,239,300,240,796.67
sqli-strict,placement,place=a2.0_p2.0,3,35,236,300,237,786.67
sqli-strict,placement,place=a2.0_p2.0,4,31,253,300,254,843.33
sqli-strict,placement,place=a2.0_p2.0,5,31,250,300,250,833.33
sqli-strict,placement,place=a2.0_p2.0,6,31,237,300,238,790.00
sqli-strict,placement,place=a2.0_p2.0,7,33,246,300,247,820.00
sqli-strict,placement,place=a2.0_p2.0,8,35,240,300,241,800.00
sqli-strict,placement,place=a2.0_p2.0,9,34,231,300,232,770.00
sqli-strict,placement,place=a2.0_p2.0,10,34,242,300,243,806.67
sqli-strict,placement,place=a2.0_p2.0,11,34,241,300,242,803.33
sqli-strict,placement,place=a2.0_p2.0,12,31,250,300,251,833.33
sqli-strict,placement,place=a2.0_p2.0,13,28,243,300,244,810.00
sqli-strict,placement,place=a2.0_p2.0,14,30,235,300,236,783.33
sqli-strict,placement,place=a2.0_p2.0,15,40,235,300,236,783.33
sqli-strict,placement,place=a2.0_p2.0,16,35,230,300,231,766.67
sqli-strict,placement,place=a2.0_p2.0,17,32,225,300,226,750.00
sqli-strict,placement,place=a2.0_p2.0,18,34,235,300,236,783.33
sqli-strict,placement,place=a2.0_p2.0,19,29,239,300,240,796.67
sqli-strict,placement,place=a2.0_p4.0,0,37,238,300,239,793.33
sqli-strict,placement,place=a2.0_p4.0,1,29,237,300,238,790.00
sqli-strict,placement,place=a2.0_p4.0,2,29,225,300,226,750.00
sqli-strict,placement,place=a2.0_p4.0,3,41,228,300,229,760.00
sqli-strict,placement,place=a2.0_p4.0,4,26,231,300,232,770.00
sqli-strict,placement,place=a2.0_p4.0,5,31,239,300,240,796.67
sqli-strict,placement,place=a2.0_p4.0,6,39,227,300,228,756.67
sqli-strict,placement,place=a2.0_p4.0,7,28,228,300,229,760.00
sqli-strict,placement,place=a2.0_p4.0,8,31,243,300,244,810.00
sqli-strict,placement,place=a2.0_p4.0,9,40,219,300,220,730.00
sqli-strict,placement,place=a2.0_p4.0,10,30,220,300,221,733.33
sqli-strict,placement,place=a2.0_p4.0,11,33,234,300,235,780.00
sqli-strict,placement,place=a2.0_p4.0,12,33,239,300,240,796.67
sqli-strict,placement,place=a2.0_p4.0,13,27,228,300,229,760.00
sqli-strict,placement,place=a2.0_p4.0,14,35,224,300,225,746.67
sqli-strict,placement,place=a2.0_p4.0,15,30,231,300,232,770.00
sqli-strict,placement,place=a2.0_p4.0,16,30,226,300,227,753.33
sqli-strict,placement,place=a2.0_p4.0,17,31,232,300,233,773.33
sqli-strict,placement,place=a2.0_p4.0,18,34,245,300,246,816.67
sqli-strict,placement,place=a2.0_p4.0,19,30,230,300,230,766.67
sqli-strict,placement,place=a4.0_p0.0,0,32,277,300,278,923.33
sqli-strict,placement,place=a4.0_p0.0,1,33,268,300,268,893.33
sqli-strict,placement,place=a4.0_p0.0,2,33,265,300,266,883.33
sqli-strict,placement,place=a4.0_p0.0,3,35,281,300,282,936.67
sqli-strict,placement,place=a4.0_p0.0,4,30,277,300,278,923.33
sqli-strict,placement,place=a4.0_p0.0,5,30,275,300,276,916.67
sqli-strict,placement,place=a4.0_p0.0,6,42,270,300,271,900.00
sqli-strict,placement,place=a4.0_p0.0,7,33,279,300,280,930.00
sqli-strict,placement,place=a4.0_p0.0,8,31,280,300,280,933.33
sqli-strict,placement,place=a4.0_p0.0,9,43,280,300,281,933.33
sqli-strict,placement,place=a4.0_p0.0,10,30,277,300,278,923.33
sqli-strict,placement,place=a4.0_p0.0,11,49,279,300,280,930.00
sqli-strict,placement,place=a4.0_p0.0,12,33,285,300,286,950.00
sqli-strict,placement,place=a4.0_p0.0,13,36,272,300,273,906.67
sqli-strict,placement,place=a4.0_p0.0,14,33,276,300,277,920.00
sqli-strict,placement,place=a4.0_p0.0,15,29,256,300,257,853.33
sqli-strict,placement,place=a4.0_p0.0,16,33,263,300,264,876.67
sqli-strict,placement,place=a4.0_p0.0,17,39,269,300,270,896.67
sqli-strict,placement,place=a4.0_p0.0,18,33,276,300,277,920.00
sqli-strict,placement,place=a4.0_p0.0,19,28,274,300,275,913.33
sqli-strict,placement,place=a4.0_p0.5,0,31,274,300,275,913.33
sqli-strict,placement,place=a4.0_p0.5,1,36,273,300,274,910.00
sqli-strict,placement,place=a4.0_p0.5,2,27,246,300,247,820.00
sqli-strict,placement,place=a4.0_p0.5,3,34,274,300,275,913.33
sqli-strict,placement,place=a4.0_p0.5,4,36,254,300,255,846.67
sqli-strict,placement,place=a4.0_p0.5,5,31,275,300,276,916.67
sqli-strict,placement,place=a4.0_p0.5,6,32,265,300,266,883.33
sqli-strict,placement,place=a4.0_p0.5,7,29,274,300,275,913.33
sqli-strict,placement,place=a4.0_p0.5,8,32,279,300,279,930.00
sqli-strict,placement,place=a4.0_p0.5,9,36,269,300,270,896.67
sqli-strict,placement,place=a4.0_p0.5,10,34,269,300,270,896.67
sqli-strict,placement,place=a4.0_p0.5,11,40,268,300,269,893.33
sqli-strict,placement,place=a4.0_p0.5,12,31,272,300,273,906.67
sqli-strict,placement,place=a4.0_p0.5,13,28,264,300,265,880.00
sqli-strict,placement,place=a4.0_p0.5,14,29,255,300,256,850.00
sqli-strict,placement,place=a4.0_p0.5,15,34,266,300,267,886.67
sqli-strict,placement,place=a4.0_p0.5,16,37,270,300,271,900.00
sqli-strict,placement,place=a4.0_p0.5,17,36,274,300,275,913.33
sqli-strict,placement,place=a4.0_p0.5,18,34,273,300,274,910.00
sqli-strict,placement,place=a4.0_p0.5,19,28,262,300,263,873.33
sqli-strict,placement,place=a4.0_p1.0,0,31,266,300,267,886.67
sqli-strict,placement,place=a4.0_p1.0,1,38,266,300,267,886.67
sqli-strict,placement,place=a4.0_p1.0,2,27,259,300,260,863.33
sqli-strict,placement,place=a4.0_p1.0,3,32,265,300,266,883.33
sqli-strict,placement,place=a4.0_p1.0,4,30,260,300,261,866.67
sqli-strict,placement,place=a4.0_p1.0,5,30,257,300,258,856.67
sqli-strict,placement,place=a4.0_p1.0,6,31,255,300,256,850.00
sqli-strict,placement,place=a4.0_p1.0,7,38,258,300,259,860.00
sqli-strict,placement,place=a4.0_p1.0,8,34,269,300,270,896.67
sqli-strict,placement,place=a4.0_p1.0,9,34,254,300,255,846.67
sqli-strict,placement,place=a4.0_p1.0,10,43,256,300,257,853.33
sqli-strict,placement,place=a4.0_p1.0,11,39,269,300,270,896.67
sqli-strict,placement,place=a4.0_p1.0,12,45,267,300,268,890.00
sqli-strict,placement,place=a4.0_p1.0,13,30,254,300,255,846.67
sqli-strict,placement,place=a4.0_p1.0,14,30,255,300,256,850.00
sqli-strict,placement,place=a4.0_p1.0,15,30,258,300,259,860.00
sqli-strict,placement,place=a4.0_p1.0,16,31,256,300,257,853.33
sqli-strict,placement,place=a4.0_p1.0,17,30,255,300,256,850.00
sqli-strict,placement,place=a4.0_p1.0,18,35,266,300,267,886.67
sqli-strict,placement,place=a4.0_p1.0,19,31,262,300,263,873.33
sqli-strict,placement,place=a4.0_p2.0,0,30,249,300,250,830.00
sqli-strict,placement,place=a4.0_p2.0,1,36,257,300,258,856.67
sqli-strict,placement,place=a4.0_p2.0,2,31,243,300,244,810.00
sqli-strict,placement,place=a4.0_p2.0,3,32,266,300,267,886.67
sqli-strict,placement,place=a4.0_p2.0,4,30,245,300,246,816.67
sqli-strict,placement,place=a4.0_p2.0,5,32,251,300,252,836.67
sqli-strict,placement,place=a4.0_p2.0,6,36,243,300,244,810.00
sqli-strict,placement,place=a4.0_p2.0,7,28,254,300,255,846.67
sqli-strict,placement,place=a4.0_p2.0,8,35,249,300,250,830.00
sqli-strict,placement,place=a4.0_p2.0,9,36,265,300,266,883.33
sqli-strict,placement,place=a4.0_p2.0,10,28,249,300,250,830.00
sqli-strict,placement,place=a4.0_p2.0,11,33,261,300,262,870.00
sqli-strict,placement,place=a4.0_p2.0,12,35,257,300,258,856.67
sqli-strict,placement,place=a4.0_p2.0,13,28,249,300,250,830.00
sqli-strict,placement,place=a4.0_p2.0,14,29,239,300,240,796.67
sqli-strict,placement,place=a4.0_p2.0,15,31,248,300,249,826.67
sqli-strict,placement,place=a4.0_p2.0,16,30,241,300,242,803.33
sqli-strict,placement,place=a4.0_p2.0,17,28,242,300,243,806.67
sqli-strict,placement,place=a4.0_p2.0,18,34,250,300,251,833.33
sqli-strict,placement,place=a4.0_p2.0,19,43,259,300,260,863.33
sqli-strict,placement,place=a4.0_p4.0,0,30,237,300,238,790.00
sqli-strict,placement,place=a4.0_p4.0,1,31,240,300,241,800.00
sqli-strict,placement,place=a4.0_p4.0,2,36,239,300,240,796.67
sqli-strict,placement,place=a4.0_p4.0,3,32,236,300,237,786.67
sqli-strict,placement,place=a4.0_p4.0,4,30,253,300,254,843.33
sqli-strict,placement,place=a4.0_p4.0,5,34,250,300,250,833.33
sqli-strict,placement,place=a4.0_p4.0,6,32,237,300,238,790.00
sqli-strict,placement,place=a4.0_p4.0,7,29,246,300,247,820.00
sqli-strict,placement,place=a4.0_p4.0,8,34,240,300,241,800.00
sqli-strict,placement,place=a4.0_p4.0,9,31,231,300,232,770.00
sqli-strict,placement,place=a4.0_p4.0,10,34,242,300,243,806.67
sqli-strict,placement,place=a4.0_p4.0,11,32,241,300,242,803.33
sqli-strict,placement,place=a4.0_p4.0,12,31,250,300,251,833.33
sqli-strict,placement,place=a4.0_p4.0,13,29,243,300,244,810.00
sqli-strict,placement,place=a4.0_p4.0,14,33,235,300,236,783.33
sqli-strict,placement,place=a4.0_p4.0,15,31,235,300,236,783.33
sqli-strict,placement,place=a4.0_p4.0,16,35,230,300,231,766.67
sqli-strict,placement,place=a4.0_p4.0,17,40,225,300,226,750.00
sqli-strict,placement,place=a4.0_p4.0,18,37,235,300,236,783.33
sqli-strict,placement,place=a4.0_p4.0,19,39,239,300,240,796.67
sqli-strict,placement,place=default,0,35,249,300,250,830.00
sqli-strict,placement,place=default,1,29,235,300,236,783.33
sqli-strict,placement,place=default,2,42,243,300,244,810.00
sqli-strict,placement,place=default,3,44,255,300,256,850.00
sqli-strict,placement,place=default,4,31,242,300,243,806.67
sqli-strict,placement,place=default,5,34,244,300,245,813.33
sqli-strict,placement,place=default,6,33,232,300,233,773.33
sqli-strict,placement,place=default,7,30,239,300,240,796.67
sqli-strict,placement,place=default,8,43,237,300,238,790.00
sqli-strict,placement,place=default,9,34,239,300,240,796.67
sqli-strict,placement,place=default,10,34,244,300,245,813.33
sqli-strict,placement,place=default,11,37,257,300,258,856.67
sqli-strict,placement,place=default,12,34,241,300,242,803.33
sqli-strict,placement,place=default,13,30,234,300,235,780.00
sqli-strict,placement,place=default,14,30,235,300,236,783.33
sqli-strict,placement,place=default,15,31,234,300,235,780.00
sqli-strict,placement,place=default,16,30,234,300,235,780.00
sqli-strict,placement,place=default,17,32,241,300,242,803.33
sqli-strict,placement,place=default,18,38,247,300,248,823.33
sqli-strict,placement,place=default,19,31,246,300,247,820.00
sqli-strict,placement,place=wrap,0,39,202,300,203,673.33
sqli-strict,placement,place=wrap,1,45,212,300,213,706.67
sqli-strict,placement,place=wrap,2,45,214,300,215,713.33
sqli-strict,placement,place=wrap,3,54,221,300,222,736.67
sqli-strict,placement,place=wrap,4,36,209,300,210,696.67
sqli-strict,placement,place=wrap,5,40,227,300,228,756.67
sqli-strict,placement,place=wrap,6,37,209,300,209,696.67
sqli-strict,placement,place=wrap,7,33,229,300,230,763.33
sqli-strict,placement,place=wrap,8,35,228,300,229,760.00
sqli-strict,placement,place=wrap,9,43,209,300,210,696.67
sqli-strict,placement,place=wrap,10,41,208,300,209,693.33
sqli-strict,placement,place=wrap,11,53,214,300,215,713.33
sqli-strict,placement,place=wrap,12,40,240,300,241,800.00
sqli-strict,placement,place=wrap,13,38,209,300,210,696.67
sqli-strict,placement,place=wrap,14,64,212,300,213,706.67
sqli-strict,placement,place=wrap,15,43,217,300,218,723.33
sqli-strict,placement,place=wrap,16,34,209,300,210,696.67
sqli-strict,placement,place=wrap,17,42,211,300,212,703.33
sqli-strict,placement,place=wrap,18,37,220,300,221,733.33
sqli-strict,placement,place=wrap,19,39,221,300,222,736.67
sqli-strict,placement,place=wrap+b,0,32,236,300,237,786.67
sqli-strict,placement,place=wrap+b,1,32,234,300,235,780.00
sqli-strict,placement,place=wrap+b,2,30,241,300,242,803.33
sqli-strict,placement,place=wrap+b,3,37,246,300,247,820.00
sqli-strict,placement,place=wrap+b,4,31,256,300,257,853.33
sqli-strict,placement,place=wrap+b,5,31,246,300,247,820.00
sqli-strict,placement,place=wrap+b,6,35,237,300,238,790.00
sqli-strict,placement,place=wrap+b,7,29,245,300,246,816.67
sqli-strict,placement,place=wrap+b,8,36,258,300,259,860.00
sqli-strict,placement,place=wrap+b,9,38,257,300,257,856.67
sqli-strict,placement,place=wrap+b,10,33,242,300,243,806.67
sqli-strict,placement,place=wrap+b,11,45,252,300,253,840.00
sqli-strict,placement,place=wrap+b,12,35,251,300,252,836.67
sqli-strict,placement,place=wrap+b,13,29,249,300,250,830.00
sqli-strict,placement,place=wrap+b,14,34,235,300,235,783.33
sqli-strict,placement,place=wrap+b,15,32,222,300,223,740.00
sqli-strict,placement,place=wrap+b,16,33,240,300,241,800.00
sqli-strict,placement,place=wrap+b,17,37,233,300,234,776.67
sqli-strict,placement,place=wrap+b,18,40,225,300,226,750.00
sqli-strict,placement,place=wrap+b,19,41,248,300,249,826.67
sqli-strict,ops,ops=1,0,28,261,300,262,870.00
sqli-strict,ops,ops=1,1,27,259,300,259,863.33
sqli-strict,ops,ops=1,2,27,249,300,250,830.00
sqli-strict,ops,ops=1,3,38,276,300,277,920.00
sqli-strict,ops,ops=1,4,42,265,300,266,883.33
sqli-strict,ops,ops=1,5,33,269,300,270,896.67
sqli-strict,ops,ops=1,6,29,252,300,252,840.00
sqli-strict,ops,ops=1,7,30,276,300,277,920.00
sqli-strict,ops,ops=1,8,29,256,300,257,853.33
sqli-strict,ops,ops=1,9,26,268,300,269,893.33
sqli-strict,ops,ops=1,10,27,246,300,247,820.00
sqli-strict,ops,ops=1,11,39,271,300,272,903.33
sqli-strict,ops,ops=1,12,33,272,300,273,906.67
sqli-strict,ops,ops=1,13,29,243,300,244,810.00
sqli-strict,ops,ops=1,14,37,253,300,253,843.33
sqli-strict,ops,ops=1,15,29,261,300,262,870.00
sqli-strict,ops,ops=1,16,32,257,300,258,856.67
sqli-strict,ops,ops=1,17,36,254,300,255,846.67
sqli-strict,ops,ops=1,18,32,260,300,260,866.67
sqli-strict,ops,ops=1,19,26,263,300,263,876.67
sqli-strict,ops,ops=2,0,34,259,300,259,863.33
sqli-strict,ops,ops=2,1,48,242,300,243,806.67
sqli-strict,ops,ops=2,2,40,252,300,253,840.00
sqli-strict,ops,ops=2,3,49,269,300,270,896.67
sqli-strict,ops,ops=2,4,27,250,300,251,833.33
sqli-strict,ops,ops=2,5,30,252,300,253,840.00
sqli-strict,ops,ops=2,6,30,246,300,247,820.00
sqli-strict,ops,ops=2,7,29,255,300,256,850.00
sqli-strict,ops,ops=2,8,29,266,300,266,886.67
sqli-strict,ops,ops=2,9,29,252,300,252,840.00
sqli-strict,ops,ops=2,10,48,256,300,257,853.33
sqli-strict,ops,ops=2,11,35,263,300,264,876.67
sqli-strict,ops,ops=2,12,33,254,300,255,846.67
sqli-strict,ops,ops=2,13,32,248,300,249,826.67
sqli-strict,ops,ops=2,14,28,245,300,246,816.67
sqli-strict,ops,ops=2,15,29,257,300,258,856.67
sqli-strict,ops,ops=2,16,33,254,300,255,846.67
sqli-strict,ops,ops=2,17,30,245,300,246,816.67
sqli-strict,ops,ops=2,18,36,253,300,254,843.33
sqli-strict,ops,ops=2,19,36,252,300,253,840.00
sqli-strict,ops,ops=4,0,34,249,300,250,830.00
sqli-strict,ops,ops=4,1,32,235,300,236,783.33
sqli-strict,ops,ops=4,2,33,243,300,244,810.00
sqli-strict,ops,ops=4,3,39,255,300,256,850.00
sqli-strict,ops,ops=4,4,30,242,300,243,806.67
sqli-strict,ops,ops=4,5,39,244,300,245,813.33
sqli-strict,ops,ops=4,6,31,232,300,233,773.33
sqli-strict,ops,ops=4,7,30,239,300,240,796.67
sqli-strict,ops,ops=4,8,43,237,300,238,790.00
sqli-strict,ops,ops=4,9,37,239,300,240,796.67
sqli-strict,ops,ops=4,10,37,244,300,245,813.33
sqli-strict,ops,ops=4,11,43,257,300,258,856.67
sqli-strict,ops,ops=4,12,34,241,300,242,803.33
sqli-strict,ops,ops=4,13,30,234,300,235,780.00
sqli-strict,ops,ops=4,14,31,235,300,236,783.33
sqli-strict,ops,ops=4,15,32,234,300,235,780.00
sqli-strict,ops,ops=4,16,34,234,300,235,780.00
sqli-strict,ops,ops=4,17,42,241,300,242,803.33
sqli-strict,ops,ops=4,18,36,247,300,248,823.33
sqli-strict,ops,ops=4,19,31,246,300,247,820.00
sqli-strict,ops,ops=8,0,35,221,300,222,736.67
sqli-strict,ops,ops=8,1,39,224,300,225,746.67
sqli-strict,ops,ops=8,2,29,225,300,226,750.00
sqli-strict,ops,ops=8,3,56,244,300,245,813.33
sqli-strict,ops,ops=8,4,49,233,300,234,776.67
sqli-strict,ops,ops=8,5,38,228,300,229,760.00
sqli-strict,ops,ops=8,6,31,239,300,240,796.67
sqli-strict,ops,ops=8,7,29,243,300,244,810.00
sqli-strict,ops,ops=8,8,32,242,300,243,806.67
sqli-strict,ops,ops=8,9,33,226,300,227,753.33
sqli-strict,ops,ops=8,10,31,237,300,238,790.00
sqli-strict,ops,ops=8,11,38,244,300,245,813.33
sqli-strict,ops,ops=8,12,37,225,300,226,750.00
sqli-strict,ops,ops=8,13,34,228,300,229,760.00
sqli-strict,ops,ops=8,14,30,220,300,221,733.33
sqli-strict,ops,ops=8,15,29,226,300,227,753.33
sqli-strict,ops,ops=8,16,34,222,300,223,740.00
sqli-strict,ops,ops=8,17,34,233,300,234,776.67
sqli-strict,ops,ops=8,18,35,232,300,233,773.33
sqli-strict,ops,ops=8,19,35,240,300,241,800.00
sqli-strict,ops,ops=16,0,39,219,300,220,730.00
sqli-strict,ops,ops=16,1,81,232,300,233,773.33
sqli-strict,ops,ops=16,2,37,219,300,220,730.00
sqli-strict,ops,ops=16,3,39,227,300,228,756.67
sqli-strict,ops,ops=16,4,35,231,300,232,770.00
sqli-strict,ops,ops=16,5,32,221,300,221,736.67
sqli-strict,ops,ops=16,6,38,217,300,218,723.33
sqli-strict,ops,ops=16,7,32,226,300,227,753.33
sqli-strict,ops,ops=16,8,40,219,300,220,730.00
sqli-strict,ops,ops=16,9,37,206,300,207,686.67
sqli-strict,ops,ops=16,10,36,206,300,207,686.67
sqli-strict,ops,ops=16,11,50,234,300,235,780.00
sqli-strict,ops,ops=16,12,40,231,300,232,770.00
sqli-strict,ops,ops=16,13,40,227,300,228,756.67
sqli-strict,ops,ops=16,14,45,219,300,220,730.00
sqli-strict,ops,ops=16,15,35,218,300,219,726.67
sqli-strict,ops,ops=16,16,50,231,300,231,770.00
sqli-strict,ops,ops=16,17,41,217,300,218,723.33
sqli-strict,ops,ops=16,18,58,226,300,227,753.33
sqli-strict,ops,ops=16,19,40,230,300,231,766.67
sqli-strict,feedback,fb=default,0,45,249,300,250,830.00
sqli-strict,feedback,fb=default,1,30,235,300,236,783.33
sqli-strict,feedback,fb=default,2,33,243,300,244,810.00
sqli-strict,feedback,fb=default,3,38,255,300,256,850.00
sqli-strict,feedback,fb=default,4,33,242,300,243,806.67
sqli-strict,feedback,fb=default,5,37,244,300,245,813.33
sqli-strict,feedback,fb=default,6,31,232,300,233,773.33
sqli-strict,feedback,fb=default,7,32,239,300,240,796.67
sqli-strict,feedback,fb=default,8,42,237,300,238,790.00
sqli-strict,feedback,fb=default,9,34,239,300,240,796.67
sqli-strict,feedback,fb=default,10,42,244,300,245,813.33
sqli-strict,feedback,fb=default,11,36,257,300,258,856.67
sqli-strict,feedback,fb=default,12,34,241,300,242,803.33
sqli-strict,feedback,fb=default,13,38,234,300,235,780.00
sqli-strict,feedback,fb=default,14,30,235,300,236,783.33
sqli-strict,feedback,fb=default,15,31,234,300,235,780.00
sqli-strict,feedback,fb=default,16,37,234,300,235,780.00
sqli-strict,feedback,fb=default,17,30,241,300,242,803.33
sqli-strict,feedback,fb=default,18,43,247,300,248,823.33
sqli-strict,feedback,fb=default,19,35,246,300,247,820.00
sqli-strict,feedback,fb=flat3,0,27,223,300,224,743.33
sqli-strict,feedback,fb=flat3,1,34,247,300,248,823.33
sqli-strict,feedback,fb=flat3,2,30,240,300,241,800.00
sqli-strict,feedback,fb=flat3,3,38,249,300,250,830.00
sqli-strict,feedback,fb=flat3,4,30,235,300,236,783.33
sqli-strict,feedback,fb=flat3,5,38,250,300,251,833.33
sqli-strict,feedback,fb=flat3,6,33,224,300,225,746.67
sqli-strict,feedback,fb=flat3,7,29,248,300,249,826.67
sqli-strict,feedback,fb=flat3,8,32,240,300,241,800.00
sqli-strict,feedback,fb=flat3,9,37,240,300,241,800.00
sqli-strict,feedback,fb=flat3,10,28,231,300,232,770.00
sqli-strict,feedback,fb=flat3,11,30,250,300,251,833.33
sqli-strict,feedback,fb=flat3,12,29,245,300,246,816.67
sqli-strict,feedback,fb=flat3,13,33,237,300,238,790.00
sqli-strict,feedback,fb=flat3,14,30,235,300,236,783.33
sqli-strict,feedback,fb=flat3,15,29,231,300,232,770.00
sqli-strict,feedback,fb=flat3,16,38,236,300,237,786.67
sqli-strict,feedback,fb=flat3,17,30,243,300,244,810.00
sqli-strict,feedback,fb=flat3,18,44,246,300,247,820.00
sqli-strict,feedback,fb=flat3,19,41,247,300,248,823.33
sqli-strict,feedback,fb=flat6,0,40,249,300,250,830.00
sqli-strict,feedback,fb=flat6,1,30,235,300,236,783.33
sqli-strict,feedback,fb=flat6,2,41,243,300,244,810.00
sqli-strict,feedback,fb=flat6,3,39,255,300,256,850.00
sqli-strict,feedback,fb=flat6,4,30,242,300,243,806.67
sqli-strict,feedback,fb=flat6,5,36,244,300,245,813.33
sqli-strict,feedback,fb=flat6,6,33,232,300,233,773.33
sqli-strict,feedback,fb=flat6,7,30,239,300,240,796.67
sqli-strict,feedback,fb=flat6,8,33,237,300,238,790.00
sqli-strict,feedback,fb=flat6,9,35,239,300,240,796.67
sqli-strict,feedback,fb=flat6,10,33,244,300,245,813.33
sqli-strict,feedback,fb=flat6,11,33,257,300,258,856.67
sqli-strict,feedback,fb=flat6,12,33,241,300,242,803.33
sqli-strict,feedback,fb=flat6,13,30,234,300,235,780.00
sqli-strict,feedback,fb=flat6,14,31,235,300,236,783.33
sqli-strict,feedback,fb=flat6,15,42,234,300,235,780.00
sqli-strict,feedback,fb=flat6,16,31,234,300,235,780.00
sqli-strict,feedback,fb=flat6,17,29,241,300,242,803.33
sqli-strict,feedback,fb=flat6,18,32,247,300,248,823.33
sqli-strict,feedback,fb=flat6,19,31,246,300,247,820.00
sqli-strict,feedback,fb=compressed,0,28,223,300,224,743.33
sqli-strict,feedback,fb=compressed,1,34,247,300,248,823.33
sqli-strict,feedback,fb=compressed,2,28,240,300,241,800.00
sqli-strict,feedback,fb=compressed,3,41,249,300,250,830.00
sqli-strict,feedback,fb=compressed,4,32,235,300,236,783.33
sqli-strict,feedback,fb=compressed,5,30,250,300,251,833.33
sqli-strict,feedback,fb=compressed,6,33,224,300,225,746.67
sqli-strict,feedback,fb=compressed,7,29,248,300,249,826.67
sqli-strict,feedback,fb=compressed,8,28,240,300,241,800.00
sqli-strict,feedback,fb=compressed,9,30,240,300,241,800.00
sqli-strict,feedback,fb=compressed,10,29,231,300,232,770.00
sqli-strict,feedback,fb=compressed,11,36,250,300,251,833.33
sqli-strict,feedback,fb=compressed,12,42,245,300,246,816.67
sqli-strict,feedback,fb=compressed,13,37,237,300,238,790.00
sqli-strict,feedback,fb=compressed,14,30,235,300,236,783.33
sqli-strict,feedback,fb=compressed,15,29,231,300,232,770.00
sqli-strict,feedback,fb=compressed,16,31,236,300,237,786.67
sqli-strict,feedback,fb=compressed,17,29,243,300,244,810.00
sqli-strict,feedback,fb=compressed,18,38,246,300,247,820.00
sqli-strict,feedback,fb=compressed,19,42,247,300,248,823.33
sqli-strict,feedback,fb=expanded,0,48,242,300,243,806.67
sqli-strict,feedback,fb=expanded,1,47,252,300,253,840.00
sqli-strict,feedback,fb=expanded,2,36,246,300,247,820.00
sqli-strict,feedback,fb=expanded,3,48,257,300,258,856.67
sqli-strict,feedback,fb=expanded,4,29,244,300,245,813.33
sqli-strict,feedback,fb=expanded,5,29,251,300,252,836.67
sqli-strict,feedback,fb=expanded,6,36,239,300,240,796.67
sqli-strict,feedback,fb=expanded,7,32,243,300,244,810.00
sqli-strict,feedback,fb=expanded,8,31,249,300,250,830.00
sqli-strict,feedback,fb=expanded,9,30,243,300,244,810.00
sqli-strict,feedback,fb=expanded,10,29,230,300,231,766.67
sqli-strict,feedback,fb=expanded,11,34,252,300,253,840.00
sqli-strict,feedback,fb=expanded,12,30,235,300,236,783.33
sqli-strict,feedback,fb=expanded,13,36,242,300,243,806.67
sqli-strict,feedback,fb=expanded,14,33,234,300,235,780.00
sqli-strict,feedback,fb=expanded,15,31,228,300,229,760.00
sqli-strict,feedback,fb=expanded,16,32,234,300,234,780.00
sqli-strict,feedback,fb=expanded,17,35,240,300,241,800.00
sqli-strict,feedback,fb=expanded,18,31,244,300,245,813.33
sqli-strict,feedback,fb=expanded,19,32,242,300,243,806.67
sqli-strict,feedback,fb=status>error,0,41,249,300,250,830.00
sqli-strict,feedback,fb=status>error,1,29,235,300,236,783.33
sqli-strict,feedback,fb=status>error,2,31,243,300,244,810.00
sqli-strict,feedback,fb=status>error,3,47,255,300,256,850.00
sqli-strict,feedback,fb=status>error,4,30,242,300,243,806.67
sqli-strict,feedback,fb=status>error,5,36,244,300,245,813.33
sqli-strict,feedback,fb=status>error,6,37,232,300,233,773.33
sqli-strict,feedback,fb=status>error,7,29,239,300,240,796.67
sqli-strict,feedback,fb=status>error,8,33,237,300,238,790.00
sqli-strict,feedback,fb=status>error,9,36,239,300,240,796.67
sqli-strict,feedback,fb=status>error,10,33,244,300,245,813.33
sqli-strict,feedback,fb=status>error,11,34,257,300,258,856.67
sqli-strict,feedback,fb=status>error,12,38,241,300,242,803.33
sqli-strict,feedback,fb=status>error,13,30,234,300,235,780.00
sqli-strict,feedback,fb=status>error,14,31,235,300,236,783.33
sqli-strict,feedback,fb=status>error,15,45,234,300,235,780.00
sqli-strict,feedback,fb=status>error,16,34,234,300,235,780.00
sqli-strict,feedback,fb=status>error,17,36,241,300,242,803.33
sqli-strict,feedback,fb=status>error,18,48,247,300,248,823.33
sqli-strict,feedback,fb=status>error,19,37,246,300,247,820.00
sqli-strict,feedback,fb=bodydiff+,0,45,249,300,250,830.00
sqli-strict,feedback,fb=bodydiff+,1,36,235,300,236,783.33
sqli-strict,feedback,fb=bodydiff+,2,31,243,300,244,810.00
sqli-strict,feedback,fb=bodydiff+,3,43,255,300,256,850.00
sqli-strict,feedback,fb=bodydiff+,4,40,242,300,243,806.67
sqli-strict,feedback,fb=bodydiff+,5,31,244,300,245,813.33
sqli-strict,feedback,fb=bodydiff+,6,31,232,300,233,773.33
sqli-strict,feedback,fb=bodydiff+,7,30,239,300,240,796.67
sqli-strict,feedback,fb=bodydiff+,8,33,237,300,238,790.00
sqli-strict,feedback,fb=bodydiff+,9,35,239,300,240,796.67
sqli-strict,feedback,fb=bodydiff+,10,33,244,300,245,813.33
sqli-strict,feedback,fb=bodydiff+,11,33,257,300,258,856.67
sqli-strict,feedback,fb=bodydiff+,12,36,241,300,242,803.33
sqli-strict,feedback,fb=bodydiff+,13,30,234,300,235,780.00
sqli-strict,feedback,fb=bodydiff+,14,30,235,300,236,783.33
sqli-strict,feedback,fb=bodydiff+,15,30,234,300,235,780.00
sqli-strict,feedback,fb=bodydiff+,16,29,234,300,235,780.00
sqli-strict,feedback,fb=bodydiff+,17,30,241,300,242,803.33
sqli-strict,feedback,fb=bodydiff+,18,33,247,300,248,823.33
sqli-strict,feedback,fb=bodydiff+,19,31,246,300,247,820.00
sqli-strict,feedback,fb=strict,0,36,249,300,250,830.00
sqli-strict,feedback,fb=strict,1,29,235,300,236,783.33
sqli-strict,feedback,fb=strict,2,30,243,300,244,810.00
sqli-strict,feedback,fb=strict,3,38,255,300,256,850.00
sqli-strict,feedback,fb=strict,4,40,242,300,243,806.67
sqli-strict,feedback,fb=strict,5,40,244,300,245,813.33
sqli-strict,feedback,fb=strict,6,41,232,300,233,773.33
sqli-strict,feedback,fb=strict,7,41,239,300,240,796.67
sqli-strict,feedback,fb=strict,8,44,237,300,238,790.00
sqli-strict,feedback,fb=strict,9,48,239,300,240,796.67
sqli-strict,feedback,fb=strict,10,38,244,300,245,813.33
sqli-strict,feedback,fb=strict,11,33,257,300,258,856.67
sqli-strict,feedback,fb=strict,12,33,241,300,242,803.33
sqli-strict,feedback,fb=strict,13,30,234,300,235,780.00
sqli-strict,feedback,fb=strict,14,31,235,300,236,783.33
sqli-strict,feedback,fb=strict,15,30,234,300,235,780.00
sqli-strict,feedback,fb=strict,16,30,234,300,235,780.00
sqli-strict,feedback,fb=strict,17,30,241,300,242,803.33
sqli-strict,feedback,fb=strict,18,32,247,300,248,823.33
sqli-strict,feedback,fb=strict,19,31,246,300,247,820.00
sqli-strict,min_score,minscore=1,0,40,249,300,250,830.00
sqli-strict,min_score,minscore=1,1,30,235,300,236,783.33
sqli-strict,min_score,minscore=1,2,31,243,300,244,810.00
sqli-strict,min_score,minscore=1,3,49,255,300,256,850.00
sqli-strict,min_score,minscore=1,4,34,242,300,243,806.67
sqli-strict,min_score,minscore=1,5,31,244,300,245,813.33
sqli-strict,min_score,minscore=1,6,31,232,300,233,773.33
sqli-strict,min_score,minscore=1,7,31,239,300,240,796.67
sqli-strict,min_score,minscore=1,8,34,237,300,238,790.00
sqli-strict,min_score,minscore=1,9,34,239,300,240,796.67
sqli-strict,min_score,minscore=1,10,33,244,300,245,813.33
sqli-strict,min_score,minscore=1,11,33,257,300,258,856.67
sqli-strict,min_score,minscore=1,12,33,241,300,242,803.33
sqli-strict,min_score,minscore=1,13,42,234,300,235,780.00
sqli-strict,min_score,minscore=1,14,31,235,300,236,783.33
sqli-strict,min_score,minscore=1,15,31,234,300,235,780.00
sqli-strict,min_score,minscore=1,16,29,234,300,235,780.00
sqli-strict,min_score,minscore=1,17,30,241,300,242,803.33
sqli-strict,min_score,minscore=1,18,33,247,300,248,823.33
sqli-strict,min_score,minscore=1,19,39,246,300,247,820.00
sqli-strict,min_score,minscore=2,0,39,249,300,250,830.00
sqli-strict,min_score,minscore=2,1,29,235,300,236,783.33
sqli-strict,min_score,minscore=2,2,31,243,300,244,810.00
sqli-strict,min_score,minscore=2,3,38,255,300,256,850.00
sqli-strict,min_score,minscore=2,4,30,242,300,243,806.67
sqli-strict,min_score,minscore=2,5,31,244,300,245,813.33
sqli-strict,min_score,minscore=2,6,32,232,300,233,773.33
sqli-strict,min_score,minscore=2,7,30,239,300,240,796.67
sqli-strict,min_score,minscore=2,8,33,237,300,238,790.00
sqli-strict,min_score,minscore=2,9,35,239,300,240,796.67
sqli-strict,min_score,minscore=2,10,33,244,300,245,813.33
sqli-strict,min_score,minscore=2,11,33,257,300,258,856.67
sqli-strict,min_score,minscore=2,12,34,241,300,242,803.33
sqli-strict,min_score,minscore=2,13,30,234,300,235,780.00
sqli-strict,min_score,minscore=2,14,30,235,300,236,783.33
sqli-strict,min_score,minscore=2,15,39,234,300,235,780.00
sqli-strict,min_score,minscore=2,16,31,234,300,235,780.00
sqli-strict,min_score,minscore=2,17,30,241,300,242,803.33
sqli-strict,min_score,minscore=2,18,39,247,300,248,823.33
sqli-strict,min_score,minscore=2,19,36,246,300,247,820.00
sqli-strict,min_score,minscore=3,0,36,249,300,250,830.00
sqli-strict,min_score,minscore=3,1,42,235,300,236,783.33
sqli-strict,min_score,minscore=3,2,34,243,300,244,810.00
sqli-strict,min_score,minscore=3,3,38,255,300,256,850.00
sqli-strict,min_score,minscore=3,4,43,242,300,243,806.67
sqli-strict,min_score,minscore=3,5,39,244,300,245,813.33
sqli-strict,min_score,minscore=3,6,40,232,300,233,773.33
sqli-strict,min_score,minscore=3,7,32,239,300,240,796.67
sqli-strict,min_score,minscore=3,8,34,237,300,238,790.00
sqli-strict,min_score,minscore=3,9,46,239,300,240,796.67
sqli-strict,min_score,minscore=3,10,35,244,300,245,813.33
sqli-strict,min_score,minscore=3,11,33,257,300,258,856.67
sqli-strict,min_score,minscore=3,12,34,241,300,242,803.33
sqli-strict,min_score,minscore=3,13,35,234,300,235,780.00
sqli-strict,min_score,minscore=3,14,31,235,300,236,783.33
sqli-strict,min_score,minscore=3,15,30,234,300,235,780.00
sqli-strict,min_score,minscore=3,16,31,234,300,235,780.00
sqli-strict,min_score,minscore=3,17,35,241,300,242,803.33
sqli-strict,min_score,minscore=3,18,33,247,300,248,823.33
sqli-strict,min_score,minscore=3,19,31,246,300,247,820.00
sqli-strict,min_score,minscore=4,0,41,249,300,250,830.00
sqli-strict,min_score,minscore=4,1,30,235,300,236,783.33
sqli-strict,min_score,minscore=4,2,33,243,300,244,810.00
sqli-strict,min_score,minscore=4,3,46,255,300,256,850.00
sqli-strict,min_score,minscore=4,4,30,242,300,243,806.67
sqli-strict,min_score,minscore=4,5,33,244,300,245,813.33
sqli-strict,min_score,minscore=4,6,32,232,300,233,773.33
sqli-strict,min_score,minscore=4,7,30,239,300,240,796.67
sqli-strict,min_score,minscore=4,8,35,237,300,238,790.00
sqli-strict,min_score,minscore=4,9,35,239,300,240,796.67
sqli-strict,min_score,minscore=4,10,33,244,300,245,813.33
sqli-strict,min_score,minscore=4,11,33,257,300,258,856.67
sqli-strict,min_score,minscore=4,12,34,241,300,242,803.33
sqli-strict,min_score,minscore=4,13,30,234,300,235,780.00
sqli-strict,min_score,minscore=4,14,33,235,300,236,783.33
sqli-strict,min_score,minscore=4,15,43,234,300,235,780.00
sqli-strict,min_score,minscore=4,16,30,234,300,235,780.00
sqli-strict,min_score,minscore=4,17,31,241,300,242,803.33
sqli-strict,min_score,minscore=4,18,44,247,300,248,823.33
sqli-strict,min_score,minscore=4,19,34,246,300,247,820.00
sqli-strict,min_score,minscore=5,0,35,249,300,250,830.00
sqli-strict,min_score,minscore=5,1,43,235,300,236,783.33
sqli-strict,min_score,minscore=5,2,32,243,300,244,810.00
sqli-strict,min_score,minscore=5,3,48,255,300,256,850.00
sqli-strict,min_score,minscore=5,4,38,242,300,243,806.67
sqli-strict,min_score,minscore=5,5,33,244,300,245,813.33
sqli-strict,min_score,minscore=5,6,38,232,300,233,773.33
sqli-strict,min_score,minscore=5,7,34,239,300,240,796.67
sqli-strict,min_score,minscore=5,8,32,237,300,238,790.00
sqli-strict,min_score,minscore=5,9,42,239,300,240,796.67
sqli-strict,min_score,minscore=5,10,36,244,300,245,813.33
sqli-strict,min_score,minscore=5,11,33,257,300,258,856.67
sqli-strict,min_score,minscore=5,12,33,241,300,242,803.33
sqli-strict,min_score,minscore=5,13,32,234,300,235,780.00
sqli-strict,min_score,minscore=5,14,31,235,300,236,783.33
sqli-strict,min_score,minscore=5,15,34,234,300,235,780.00
sqli-strict,min_score,minscore=5,16,31,234,300,235,780.00
sqli-strict,min_score,minscore=5,17,30,241,300,242,803.33
sqli-strict,min_score,minscore=5,18,36,247,300,248,823.33
sqli-strict,min_score,minscore=5,19,31,246,300,247,820.00
sqli-strict,min_score,minscore=6,0,35,249,300,250,830.00
sqli-strict,min_score,minscore=6,1,29,235,300,236,783.33
sqli-strict,min_score,minscore=6,2,31,243,300,244,810.00
sqli-strict,min_score,minscore=6,3,38,255,300,256,850.00
sqli-strict,min_score,minscore=6,4,30,242,300,243,806.67
sqli-strict,min_score,minscore=6,5,33,244,300,245,813.33
sqli-strict,min_score,minscore=6,6,42,232,300,233,773.33
sqli-strict,min_score,minscore=6,7,30,239,300,240,796.67
sqli-strict,min_score,minscore=6,8,33,237,300,238,790.00
sqli-strict,min_score,minscore=6,9,35,239,300,240,796.67
sqli-strict,min_score,minscore=6,10,34,244,300,245,813.33
sqli-strict,min_score,minscore=6,11,33,257,300,258,856.67
sqli-strict,min_score,minscore=6,12,33,241,300,242,803.33
sqli-strict,min_score,minscore=6,13,35,234,300,235,780.00
sqli-strict,min_score,minscore=6,14,37,235,300,236,783.33
sqli-strict,min_score,minscore=6,15,42,234,300,235,780.00
sqli-strict,min_score,minscore=6,16,29,234,300,235,780.00
sqli-strict,min_score,minscore=6,17,30,241,300,242,803.33
sqli-strict,min_score,minscore=6,18,38,247,300,248,823.33
sqli-strict,min_score,minscore=6,19,33,246,300,247,820.00
sqli-strict,stop_prob,stop=0.10_min1,0,40,242,300,243,806.67
sqli-strict,stop_prob,stop=0.10_min1,1,35,235,300,235,783.33
sqli-strict,stop_prob,stop=0.10_min1,2,40,245,300,246,816.67
sqli-strict,stop_prob,stop=0.10_min1,3,49,243,300,244,810.00
sqli-strict,stop_prob,stop=0.10_min1,4,45,245,300,246,816.67
sqli-strict,stop_prob,stop=0.10_min1,5,72,241,300,242,803.33
sqli-strict,stop_prob,stop=0.10_min1,6,36,239,300,240,796.67
sqli-strict,stop_prob,stop=0.10_min1,7,33,230,300,231,766.67
sqli-strict,stop_prob,stop=0.10_min1,8,41,228,300,229,760.00
sqli-strict,stop_prob,stop=0.10_min1,9,45,237,300,238,790.00
sqli-strict,stop_prob,stop=0.10_min1,10,35,243,300,244,810.00
sqli-strict,stop_prob,stop=0.10_min1,11,57,252,300,253,840.00
sqli-strict,stop_prob,stop=0.10_min1,12,45,238,300,239,793.33
sqli-strict,stop_prob,stop=0.10_min1,13,44,230,300,231,766.67
sqli-strict,stop_prob,stop=0.10_min1,14,49,234,300,234,780.00
sqli-strict,stop_prob,stop=0.10_min1,15,38,236,300,237,786.67
sqli-strict,stop_prob,stop=0.10_min1,16,49,249,300,250,830.00
sqli-strict,stop_prob,stop=0.10_min1,17,43,240,300,241,800.00
sqli-strict,stop_prob,stop=0.10_min1,18,43,241,300,242,803.33
sqli-strict,stop_prob,stop=0.10_min1,19,39,245,300,246,816.67
sqli-strict,stop_prob,stop=0.25_min1,0,31,247,300,247,823.33
sqli-strict,stop_prob,stop=0.25_min1,1,27,252,300,253,840.00
sqli-strict,stop_prob,stop=0.25_min1,2,27,245,300,246,816.67
sqli-strict,stop_prob,stop=0.25_min1,3,33,242,300,243,806.67
sqli-strict,stop_prob,stop=0.25_min1,4,35,236,300,236,786.67
sqli-strict,stop_prob,stop=0.25_min1,5,37,248,300,249,826.67
sqli-strict,stop_prob,stop=0.25_min1,6,28,244,300,245,813.33
sqli-strict,stop_prob,stop=0.25_min1,7,27,245,300,246,816.67
sqli-strict,stop_prob,stop=0.25_min1,8,30,245,300,245,816.67
sqli-strict,stop_prob,stop=0.25_min1,9,28,239,300,240,796.67
sqli-strict,stop_prob,stop=0.25_min1,10,27,249,300,250,830.00
sqli-strict,stop_prob,stop=0.25_min1,11,52,268,300,268,893.33
sqli-strict,stop_prob,stop=0.25_min1,12,32,250,300,251,833.33
sqli-strict,stop_prob,stop=0.25_min1,13,42,249,300,250,830.00
sqli-strict,stop_prob,stop=0.25_min1,14,40,253,300,254,843.33
sqli-strict,stop_prob,stop=0.25_min1,15,29,234,300,235,780.00
sqli-strict,stop_prob,stop=0.25_min1,16,29,236,300,237,786.67
sqli-strict,stop_prob,stop=0.25_min1,17,36,238,300,239,793.33
sqli-strict,stop_prob,stop=0.25_min1,18,30,245,300,246,816.67
sqli-strict,stop_prob,stop=0.25_min1,19,37,244,300,245,813.33
sqli-strict,stop_prob,stop=0.50_min1,0,35,252,300,250,840.00
sqli-strict,stop_prob,stop=0.50_min1,1,30,254,300,252,846.67
sqli-strict,stop_prob,stop=0.50_min1,2,30,244,300,242,813.33
sqli-strict,stop_prob,stop=0.50_min1,3,25,248,300,246,826.67
sqli-strict,stop_prob,stop=0.50_min1,4,35,261,300,261,870.00
sqli-strict,stop_prob,stop=0.50_min1,5,27,243,300,243,810.00
sqli-strict,stop_prob,stop=0.50_min1,6,25,238,300,239,793.33
sqli-strict,stop_prob,stop=0.50_min1,7,27,260,300,261,866.67
sqli-strict,stop_prob,stop=0.50_min1,8,25,251,300,251,836.67
sqli-strict,stop_prob,stop=0.50_min1,9,33,249,300,249,830.00
sqli-strict,stop_prob,stop=0.50_min1,10,27,254,300,255,846.67
sqli-strict,stop_prob,stop=0.50_min1,11,24,252,300,253,840.00
sqli-strict,stop_prob,stop=0.50_min1,12,26,257,300,256,856.67
sqli-strict,stop_prob,stop=0.50_min1,13,24,236,300,236,786.67
sqli-strict,stop_prob,stop=0.50_min1,14,24,242,300,242,806.67
sqli-strict,stop_prob,stop=0.50_min1,15,26,254,300,250,846.67
sqli-strict,stop_prob,stop=0.50_min1,16,27,236,300,237,786.67
sqli-strict,stop_prob,stop=0.50_min1,17,26,246,300,247,820.00
sqli-strict,stop_prob,stop=0.50_min1,18,29,252,300,251,840.00
sqli-strict,stop_prob,stop=0.50_min1,19,26,253,300,254,843.33
sqli-strict,stop_prob,stop=0.75_min1,0,24,260,300,260,866.67
sqli-strict,stop_prob,stop=0.75_min1,1,24,257,300,256,856.67
sqli-strict,stop_prob,stop=0.75_min1,2,23,243,300,242,810.00
sqli-strict,stop_prob,stop=0.75_min1,3,24,255,300,252,850.00
sqli-strict,stop_prob,stop=0.75_min1,4,25,244,300,239,813.33
sqli-strict,stop_prob,stop=0.75_min1,5,26,252,300,248,840.00
sqli-strict,stop_prob,stop=0.75_min1,6,24,244,300,244,813.33
sqli-strict,stop_prob,stop=0.75_min1,7,23,254,300,252,846.67
sqli-strict,stop_prob,stop=0.75_min1,8,25,254,300,253,846.67
sqli-strict,stop_prob,stop=0.75_min1,9,25,248,300,246,826.67
sqli-strict,stop_prob,stop=0.75_min1,10,26,258,300,258,860.00
sqli-strict,stop_prob,stop=0.75_min1,11,27,262,300,259,873.33
sqli-strict,stop_prob,stop=0.75_min1,12,25,240,300,237,800.00
sqli-strict,stop_prob,stop=0.75_min1,13,24,257,300,253,856.67
sqli-strict,stop_prob,stop=0.75_min1,14,24,247,300,245,823.33
sqli-strict,stop_prob,stop=0.75_min1,15,24,254,300,250,846.67
sqli-strict,stop_prob,stop=0.75_min1,16,24,238,300,237,793.33
sqli-strict,stop_prob,stop=0.75_min1,17,27,243,300,237,810.00
sqli-strict,stop_prob,stop=0.75_min1,18,29,250,300,248,833.33
sqli-strict,stop_prob,stop=0.75_min1,19,33,247,300,247,823.33
sqli-strict,stop_prob,stop=0.90_min1,0,29,259,300,256,863.33
sqli-strict,stop_prob,stop=0.90_min1,1,25,253,300,252,843.33
sqli-strict,stop_prob,stop=0.90_min1,2,23,256,300,253,853.33
sqli-strict,stop_prob,stop=0.90_min1,3,28,245,300,242,816.67
sqli-strict,stop_prob,stop=0.90_min1,4,25,250,300,248,833.33
sqli-strict,stop_prob,stop=0.90_min1,5,39,254,300,255,846.67
sqli-strict,stop_prob,stop=0.90_min1,6,30,254,300,250,846.67
sqli-strict,stop_prob,stop=0.90_min1,7,26,255,300,249,850.00
sqli-strict,stop_prob,stop=0.90_min1,8,24,252,300,252,840.00
sqli-strict,stop_prob,stop=0.90_min1,9,33,249,300,248,830.00
sqli-strict,stop_prob,stop=0.90_min1,10,30,251,300,249,836.67
sqli-strict,stop_prob,stop=0.90_min1,11,31,262,300,259,873.33
sqli-strict,stop_prob,stop=0.90_min1,12,23,260,300,256,866.67
sqli-strict,stop_prob,stop=0.90_min1,13,24,251,300,250,836.67
sqli-strict,stop_prob,stop=0.90_min1,14,30,245,300,242,816.67
sqli-strict,stop_prob,stop=0.90_min1,15,25,253,300,247,843.33
sqli-strict,stop_prob,stop=0.90_min1,16,24,246,300,242,820.00
sqli-strict,stop_prob,stop=0.90_min1,17,24,254,300,253,846.67
sqli-strict,stop_prob,stop=0.90_min1,18,24,242,300,235,806.67
sqli-strict,stop_prob,stop=0.90_min1,19,27,256,300,251,853.33
sqli-strict,min_atoms,min=1,0,32,247,300,247,823.33
sqli-strict,min_atoms,min=1,1,27,252,300,253,840.00
sqli-strict,min_atoms,min=1,2,26,245,300,246,816.67
sqli-strict,min_atoms,min=1,3,36,242,300,243,806.67
sqli-strict,min_atoms,min=1,4,28,236,300,236,786.67
sqli-strict,min_atoms,min=1,5,32,248,300,249,826.67
sqli-strict,min_atoms,min=1,6,28,244,300,245,813.33
sqli-strict,min_atoms,min=1,7,28,245,300,246,816.67
sqli-strict,min_atoms,min=1,8,29,245,300,245,816.67
sqli-strict,min_atoms,min=1,9,29,239,300,240,796.67
sqli-strict,min_atoms,min=1,10,31,249,300,250,830.00
sqli-strict,min_atoms,min=1,11,40,268,300,268,893.33
sqli-strict,min_atoms,min=1,12,28,250,300,251,833.33
sqli-strict,min_atoms,min=1,13,29,249,300,250,830.00
sqli-strict,min_atoms,min=1,14,32,253,300,254,843.33
sqli-strict,min_atoms,min=1,15,29,234,300,235,780.00
sqli-strict,min_atoms,min=1,16,29,236,300,237,786.67
sqli-strict,min_atoms,min=1,17,32,238,300,239,793.33
sqli-strict,min_atoms,min=1,18,28,245,300,246,816.67
sqli-strict,min_atoms,min=1,19,34,244,300,245,813.33
sqli-strict,min_atoms,min=2,0,35,233,300,234,776.67
sqli-strict,min_atoms,min=2,1,33,244,300,245,813.33
sqli-strict,min_atoms,min=2,2,33,232,300,233,773.33
sqli-strict,min_atoms,min=2,3,41,229,300,230,763.33
sqli-strict,min_atoms,min=2,4,36,247,300,248,823.33
sqli-strict,min_atoms,min=2,5,35,242,300,243,806.67
sqli-strict,min_atoms,min=2,6,30,247,300,248,823.33
sqli-strict,min_atoms,min=2,7,32,255,300,256,850.00
sqli-strict,min_atoms,min=2,8,31,227,300,228,756.67
sqli-strict,min_atoms,min=2,9,39,253,300,254,843.33
sqli-strict,min_atoms,min=2,10,42,249,300,250,830.00
sqli-strict,min_atoms,min=2,11,39,253,300,254,843.33
sqli-strict,min_atoms,min=2,12,50,236,300,237,786.67
sqli-strict,min_atoms,min=2,13,34,245,300,246,816.67
sqli-strict,min_atoms,min=2,14,32,243,300,244,810.00
sqli-strict,min_atoms,min=2,15,43,229,300,230,763.33
sqli-strict,min_atoms,min=2,16,35,237,300,238,790.00
sqli-strict,min_atoms,min=2,17,30,229,300,230,763.33
sqli-strict,min_atoms,min=2,18,42,240,300,241,800.00
sqli-strict,min_atoms,min=2,19,37,245,300,246,816.67
sqli-strict,min_atoms,min=3,0,35,232,300,233,773.33
sqli-strict,min_atoms,min=3,1,34,247,300,248,823.33
sqli-strict,min_atoms,min=3,2,34,258,300,259,860.00
sqli-strict,min_atoms,min=3,3,31,220,300,221,733.33
sqli-strict,min_atoms,min=3,4,33,243,300,244,810.00
sqli-strict,min_atoms,min=3,5,39,253,300,254,843.33
sqli-strict,min_atoms,min=3,6,29,230,300,231,766.67
sqli-strict,min_atoms,min=3,7,29,232,300,233,773.33
sqli-strict,min_atoms,min=3,8,31,233,300,234,776.67
sqli-strict,min_atoms,min=3,9,31,227,300,228,756.67
sqli-strict,min_atoms,min=3,10,31,240,300,241,800.00
sqli-strict,min_atoms,min=3,11,35,248,300,249,826.67
sqli-strict,min_atoms,min=3,12,38,243,300,244,810.00
sqli-strict,min_atoms,min=3,13,30,232,300,233,773.33
sqli-strict,min_atoms,min=3,14,35,232,300,233,773.33
sqli-strict,min_atoms,min=3,15,31,228,300,229,760.00
sqli-strict,min_atoms,min=3,16,36,249,300,250,830.00
sqli-strict,min_atoms,min=3,17,32,240,300,241,800.00
sqli-strict,min_atoms,min=3,18,33,245,300,246,816.67
sqli-strict,min_atoms,min=3,19,42,244,300,245,813.33
sqli-strict,min_atoms,min=4,0,46,239,300,240,796.67
sqli-strict,min_atoms,min=4,1,33,232,300,233,773.33
sqli-strict,min_atoms,min=4,2,34,242,300,243,806.67
sqli-strict,min_atoms,min=4,3,41,240,300,241,800.00
sqli-strict,min_atoms,min=4,4,40,251,300,252,836.67
sqli-strict,min_atoms,min=4,5,36,251,300,252,836.67
sqli-strict,min_atoms,min=4,6,40,228,300,229,760.00
sqli-strict,min_atoms,min=4,7,33,224,300,225,746.67
sqli-strict,min_atoms,min=4,8,42,237,300,238,790.00
sqli-strict,min_atoms,min=4,9,39,239,300,240,796.67
sqli-strict,min_atoms,min=4,10,45,232,300,233,773.33
sqli-strict,min_atoms,min=4,11,45,252,300,253,840.00
sqli-strict,min_atoms,min=4,12,44,250,300,251,833.33
sqli-strict,min_atoms,min=4,13,41,241,300,242,803.33
sqli-strict,min_atoms,min=4,14,48,239,300,240,796.67
sqli-strict,min_atoms,min=4,15,36,226,300,227,753.33
sqli-strict,min_atoms,min=4,16,42,247,300,248,823.33
sqli-strict,min_atoms,min=4,17,42,232,300,233,773.33
sqli-strict,min_atoms,min=4,18,39,233,300,234,776.67
sqli-strict,min_atoms,min=4,19,33,245,300,246,816.67
sqli-strict,vocab,vocab=default,0,32,261,300,262,870.00
sqli-strict,vocab,vocab=default,1,31,251,300,252,836.67
sqli-strict,vocab,vocab=default,2,29,264,300,265,880.00
sqli-strict,vocab,vocab=default,3,41,252,300,253,840.00
sqli-strict,vocab,vocab=default,4,32,254,300,255,846.67
sqli-strict,vocab,vocab=default,5,34,269,300,270,896.67
sqli-strict,vocab,vocab=default,6,35,264,300,265,880.00
sqli-strict,vocab,vocab=default,7,29,263,300,264,876.67
sqli-strict,vocab,vocab=default,8,32,258,300,259,860.00
sqli-strict,vocab,vocab=default,9,43,254,300,255,846.67
sqli-strict,vocab,vocab=default,10,30,254,300,255,846.67
sqli-strict,vocab,vocab=default,11,35,257,300,258,856.67
sqli-strict,vocab,vocab=default,12,40,249,300,250,830.00
sqli-strict,vocab,vocab=default,13,32,263,300,264,876.67
sqli-strict,vocab,vocab=default,14,31,256,300,257,853.33
sqli-strict,vocab,vocab=default,15,32,261,300,262,870.00
sqli-strict,vocab,vocab=default,16,33,265,300,266,883.33
sqli-strict,vocab,vocab=default,17,36,255,300,256,850.00
sqli-strict,vocab,vocab=default,18,34,264,300,265,880.00
sqli-strict,vocab,vocab=default,19,32,262,300,263,873.33
sqli-strict,vocab,vocab=xss+,0,33,250,300,251,833.33
sqli-strict,vocab,vocab=xss+,1,32,250,300,251,833.33
sqli-strict,vocab,vocab=xss+,2,31,249,300,250,830.00
sqli-strict,vocab,vocab=xss+,3,42,260,300,261,866.67
sqli-strict,vocab,vocab=xss+,4,43,253,300,254,843.33
sqli-strict,vocab,vocab=xss+,5,34,245,300,246,816.67
sqli-strict,vocab,vocab=xss+,6,39,257,300,258,856.67
sqli-strict,vocab,vocab=xss+,7,35,250,300,250,833.33
sqli-strict,vocab,vocab=xss+,8,38,262,300,263,873.33
sqli-strict,vocab,vocab=xss+,9,31,251,300,252,836.67
sqli-strict,vocab,vocab=xss+,10,38,246,300,247,820.00
sqli-strict,vocab,vocab=xss+,11,44,262,300,263,873.33
sqli-strict,vocab,vocab=xss+,12,34,260,300,261,866.67
sqli-strict,vocab,vocab=xss+,13,41,251,300,252,836.67
sqli-strict,vocab,vocab=xss+,14,34,251,300,252,836.67
sqli-strict,vocab,vocab=xss+,15,31,252,300,253,840.00
sqli-strict,vocab,vocab=xss+,16,39,249,300,250,830.00
sqli-strict,vocab,vocab=xss+,17,36,248,300,249,826.67
sqli-strict,vocab,vocab=xss+,18,32,255,300,256,850.00
sqli-strict,vocab,vocab=xss+,19,36,257,300,258,856.67
sqli-strict,vocab,vocab=sqli+,0,33,249,300,250,830.00
sqli-strict,vocab,vocab=sqli+,1,30,259,300,260,863.33
sqli-strict,vocab,vocab=sqli+,2,30,263,300,264,876.67
sqli-strict,vocab,vocab=sqli+,3,43,261,300,262,870.00
sqli-strict,vocab,vocab=sqli+,4,37,253,300,254,843.33
sqli-strict,vocab,vocab=sqli+,5,49,271,300,272,903.33
sqli-strict,vocab,vocab=sqli+,6,35,260,300,261,866.67
sqli-strict,vocab,vocab=sqli+,7,28,265,300,266,883.33
sqli-strict,vocab,vocab=sqli+,8,33,259,300,260,863.33
sqli-strict,vocab,vocab=sqli+,9,42,258,300,259,860.00
sqli-strict,vocab,vocab=sqli+,10,29,246,300,247,820.00
sqli-strict,vocab,vocab=sqli+,11,43,263,300,264,876.67
sqli-strict,vocab,vocab=sqli+,12,37,262,300,263,873.33
sqli-strict,vocab,vocab=sqli+,13,29,262,300,263,873.33
sqli-strict,vocab,vocab=sqli+,14,30,263,300,264,876.67
sqli-strict,vocab,vocab=sqli+,15,32,262,300,263,873.33
sqli-strict,vocab,vocab=sqli+,16,32,265,300,266,883.33
sqli-strict,vocab,vocab=sqli+,17,30,255,300,256,850.00
sqli-strict,vocab,vocab=sqli+,18,43,261,300,262,870.00
sqli-strict,vocab,vocab=sqli+,19,31,262,300,263,873.33
sqli-strict,vocab,vocab=ssti+,0,32,268,300,269,893.33
sqli-strict,vocab,vocab=ssti+,1,51,260,300,261,866.67
sqli-strict,vocab,vocab=ssti+,2,32,259,300,260,863.33
sqli-strict,vocab,vocab=ssti+,3,37,270,300,271,900.00
sqli-strict,vocab,vocab=ssti+,4,34,250,300,251,833.33
sqli-strict,vocab,vocab=ssti+,5,40,260,300,261,866.67
sqli-strict,vocab,vocab=ssti+,6,37,264,300,265,880.00
sqli-strict,vocab,vocab=ssti+,7,41,267,300,268,890.00
sqli-strict,vocab,vocab=ssti+,8,42,265,300,266,883.33
sqli-strict,vocab,vocab=ssti+,9,43,265,300,266,883.33
sqli-strict,vocab,vocab=ssti+,10,35,268,300,269,893.33
sqli-strict,vocab,vocab=ssti+,11,55,257,300,258,856.67
sqli-strict,vocab,vocab=ssti+,12,48,265,300,266,883.33
sqli-strict,vocab,vocab=ssti+,13,35,264,300,265,880.00
sqli-strict,vocab,vocab=ssti+,14,32,261,300,262,870.00
sqli-strict,vocab,vocab=ssti+,15,38,272,300,273,906.67
sqli-strict,vocab,vocab=ssti+,16,44,268,300,269,893.33
sqli-strict,vocab,vocab=ssti+,17,39,262,300,263,873.33
sqli-strict,vocab,vocab=ssti+,18,32,257,300,258,856.67
sqli-strict,vocab,vocab=ssti+,19,34,249,300,250,830.00
xss-reflected,gen_ratio,gen=0.0,0,24,148,300,149,493.33
xss-reflected,gen_ratio,gen=0.0,1,24,151,300,152,503.33
xss-reflected,gen_ratio,gen=0.0,2,21,135,300,136,450.00
xss-reflected,gen_ratio,gen=0.0,3,22,128,300,128,426.67
xss-reflected,gen_ratio,gen=0.0,4,23,176,300,177,586.67
xss-reflected,gen_ratio,gen=0.0,5,22,112,300,113,373.33
xss-reflected,gen_ratio,gen=0.0,6,22,139,300,140,463.33
xss-reflected,gen_ratio,gen=0.0,7,23,174,300,175,580.00
xss-reflected,gen_ratio,gen=0.0,8,27,205,300,206,683.33
xss-reflected,gen_ratio,gen=0.0,9,23,138,300,139,460.00
xss-reflected,gen_ratio,gen=0.0,10,21,195,300,196,650.00
xss-reflected,gen_ratio,gen=0.0,11,23,146,300,147,486.67
xss-reflected,gen_ratio,gen=0.0,12,26,164,300,165,546.67
xss-reflected,gen_ratio,gen=0.0,13,24,142,300,143,473.33
xss-reflected,gen_ratio,gen=0.0,14,22,155,300,156,516.67
xss-reflected,gen_ratio,gen=0.0,15,22,181,300,182,603.33
xss-reflected,gen_ratio,gen=0.0,16,22,175,300,176,583.33
xss-reflected,gen_ratio,gen=0.0,17,21,126,300,127,420.00
xss-reflected,gen_ratio,gen=0.0,18,25,133,300,134,443.33
xss-reflected,gen_ratio,gen=0.0,19,25,161,300,162,536.67
xss-reflected,gen_ratio,gen=0.1,0,21,140,300,141,466.67
xss-reflected,gen_ratio,gen=0.1,1,22,145,300,146,483.33
xss-reflected,gen_ratio,gen=0.1,2,23,142,300,143,473.33
xss-reflected,gen_ratio,gen=0.1,3,22,128,300,129,426.67
xss-reflected,gen_ratio,gen=0.1,4,23,169,300,170,563.33
xss-reflected,gen_ratio,gen=0.1,5,22,128,300,128,426.67
xss-reflected,gen_ratio,gen=0.1,6,23,144,300,145,480.00
xss-reflected,gen_ratio,gen=0.1,7,23,163,300,164,543.33
xss-reflected,gen_ratio,gen=0.1,8,21,148,300,149,493.33
xss-reflected,gen_ratio,gen=0.1,9,21,128,300,129,426.67
xss-reflected,gen_ratio,gen=0.1,10,21,139,300,140,463.33
xss-reflected,gen_ratio,gen=0.1,11,36,149,300,150,496.67
xss-reflected,gen_ratio,gen=0.1,12,23,170,300,171,566.67
xss-reflected,gen_ratio,gen=0.1,13,22,142,300,143,473.33
xss-reflected,gen_ratio,gen=0.1,14,28,138,300,139,460.00
xss-reflected,gen_ratio,gen=0.1,15,25,172,300,173,573.33
xss-reflected,gen_ratio,gen=0.1,16,24,158,300,159,526.67
xss-reflected,gen_ratio,gen=0.1,17,26,160,300,161,533.33
xss-reflected,gen_ratio,gen=0.1,18,21,144,300,145,480.00
xss-reflected,gen_ratio,gen=0.1,19,25,189,300,190,630.00
xss-reflected,gen_ratio,gen=0.2,0,34,131,300,132,436.67
xss-reflected,gen_ratio,gen=0.2,1,25,130,300,131,433.33
xss-reflected,gen_ratio,gen=0.2,2,22,108,300,109,360.00
xss-reflected,gen_ratio,gen=0.2,3,31,126,300,127,420.00
xss-reflected,gen_ratio,gen=0.2,4,35,185,300,186,616.67
xss-reflected,gen_ratio,gen=0.2,5,27,123,300,124,410.00
xss-reflected,gen_ratio,gen=0.2,6,22,176,300,177,586.67
xss-reflected,gen_ratio,gen=0.2,7,28,181,300,182,603.33
xss-reflected,gen_ratio,gen=0.2,8,22,152,300,153,506.67
xss-reflected,gen_ratio,gen=0.2,9,21,143,300,144,476.67
xss-reflected,gen_ratio,gen=0.2,10,21,152,300,153,506.67
xss-reflected,gen_ratio,gen=0.2,11,27,137,300,138,456.67
xss-reflected,gen_ratio,gen=0.2,12,26,163,300,164,543.33
xss-reflected,gen_ratio,gen=0.2,13,22,134,300,135,446.67
xss-reflected,gen_ratio,gen=0.2,14,22,153,300,153,510.00
xss-reflected,gen_ratio,gen=0.2,15,25,145,300,146,483.33
xss-reflected,gen_ratio,gen=0.2,16,23,160,300,161,533.33
xss-reflected,gen_ratio,gen=0.2,17,22,178,300,179,593.33
xss-reflected,gen_ratio,gen=0.2,18,22,178,300,179,593.33
xss-reflected,gen_ratio,gen=0.2,19,22,160,300,161,533.33
xss-reflected,gen_ratio,gen=0.3,0,25,136,300,137,453.33
xss-reflected,gen_ratio,gen=0.3,1,25,149,300,150,496.67
xss-reflected,gen_ratio,gen=0.3,2,23,136,300,137,453.33
xss-reflected,gen_ratio,gen=0.3,3,21,104,300,105,346.67
xss-reflected,gen_ratio,gen=0.3,4,24,161,300,162,536.67
xss-reflected,gen_ratio,gen=0.3,5,23,100,300,101,333.33
xss-reflected,gen_ratio,gen=0.3,6,23,182,300,183,606.67
xss-reflected,gen_ratio,gen=0.3,7,23,169,300,170,563.33
xss-reflected,gen_ratio,gen=0.3,8,22,150,300,151,500.00
xss-reflected,gen_ratio,gen=0.3,9,21,158,300,159,526.67
xss-reflected,gen_ratio,gen=0.3,10,22,141,300,142,470.00
xss-reflected,gen_ratio,gen=0.3,11,25,136,300,137,453.33
xss-reflected,gen_ratio,gen=0.3,12,23,166,300,167,553.33
xss-reflected,gen_ratio,gen=0.3,13,28,163,300,164,543.33
xss-reflected,gen_ratio,gen=0.3,14,23,146,300,147,486.67
xss-reflected,gen_ratio,gen=0.3,15,26,158,300,159,526.67
xss-reflected,gen_ratio,gen=0.3,16,22,143,300,144,476.67
xss-reflected,gen_ratio,gen=0.3,17,22,145,300,146,483.33
xss-reflected,gen_ratio,gen=0.3,18,24,166,300,166,553.33
xss-reflected,gen_ratio,gen=0.3,19,22,163,300,164,543.33
xss-reflected,gen_ratio,gen=0.4,0,24,120,300,121,400.00
xss-reflected,gen_ratio,gen=0.4,1,24,137,300,138,456.67
xss-reflected,gen_ratio,gen=0.4,2,23,142,300,143,473.33
xss-reflected,gen_ratio,gen=0.4,3,27,95,300,96,316.67
xss-reflected,gen_ratio,gen=0.4,4,23,161,300,162,536.67
xss-reflected,gen_ratio,gen=0.4,5,24,93,300,94,310.00
xss-reflected,gen_ratio,gen=0.4,6,22,159,300,160,530.00
xss-reflected,gen_ratio,gen=0.4,7,22,171,300,172,570.00
xss-reflected,gen_ratio,gen=0.4,8,26,181,300,181,603.33
xss-reflected,gen_ratio,gen=0.4,9,28,159,300,160,530.00
xss-reflected,gen_ratio,gen=0.4,10,25,175,300,176,583.33
xss-reflected,gen_ratio,gen=0.4,11,26,161,300,162,536.67
xss-reflected,gen_ratio,gen=0.4,12,28,171,300,172,570.00
xss-reflected,gen_ratio,gen=0.4,13,22,127,300,128,423.33
xss-reflected,gen_ratio,gen=0.4,14,27,137,300,138,456.67
xss-reflected,gen_ratio,gen=0.4,15,33,155,300,156,516.67
xss-reflected,gen_ratio,gen=0.4,16,28,158,300,159,526.67
xss-reflected,gen_ratio,gen=0.4,17,22,128,300,129,426.67
xss-reflected,gen_ratio,gen=0.4,18,25,159,300,160,530.00
xss-reflected,gen_ratio,gen=0.4,19,39,186,300,187,620.00
xss-reflected,gen_ratio,gen=0.5,0,27,111,300,112,370.00
xss-reflected,gen_ratio,gen=0.5,1,24,143,300,144,476.67
xss-reflected,gen_ratio,gen=0.5,2,29,144,300,145,480.00
xss-reflected,gen_ratio,gen=0.5,3,32,101,300,102,336.67
xss-reflected,gen_ratio,gen=0.5,4,23,175,300,176,583.33
xss-reflected,gen_ratio,gen=0.5,5,27,67,300,68,223.33
xss-reflected,gen_ratio,gen=0.5,6,22,154,300,155,513.33
xss-reflected,gen_ratio,gen=0.5,7,31,162,300,163,540.00
xss-reflected,gen_ratio,gen=0.5,8,27,153,300,154,510.00
xss-reflected,gen_ratio,gen=0.5,9,24,145,300,146,483.33
xss-reflected,gen_ratio,gen=0.5,10,29,161,300,162,536.67
xss-reflected,gen_ratio,gen=0.5,11,32,127,300,128,423.33
xss-reflected,gen_ratio,gen=0.5,12,27,170,300,171,566.67
xss-reflected,gen_ratio,gen=0.5,13,23,146,300,147,486.67
xss-reflected,gen_ratio,gen=0.5,14,23,116,300,117,386.67
xss-reflected,gen_ratio,gen=0.5,15,24,163,300,164,543.33
xss-reflected,gen_ratio,gen=0.5,16,24,130,300,131,433.33
xss-reflected,gen_ratio,gen=0.5,17,22,130,300,131,433.33
xss-reflected,gen_ratio,gen=0.5,18,22,160,300,161,533.33
xss-reflected,gen_ratio,gen=0.5,19,23,179,300,180,596.67
xss-reflected,gen_ratio,gen=0.6,0,24,94,300,95,313.33
xss-reflected,gen_ratio,gen=0.6,1,24,147,300,148,490.00
xss-reflected,gen_ratio,gen=0.6,2,22,135,300,136,450.00
xss-reflected,gen_ratio,gen=0.6,3,23,79,300,80,263.33
xss-reflected,gen_ratio,gen=0.6,4,28,166,300,167,553.33
xss-reflected,gen_ratio,gen=0.6,5,28,33,300,34,110.00
xss-reflected,gen_ratio,gen=0.6,6,23,158,300,159,526.67
xss-reflected,gen_ratio,gen=0.6,7,23,167,300,168,556.67
xss-reflected,gen_ratio,gen=0.6,8,23,159,300,160,530.00
xss-reflected,gen_ratio,gen=0.6,9,23,129,300,130,430.00
xss-reflected,gen_ratio,gen=0.6,10,21,152,300,153,506.67
xss-reflected,gen_ratio,gen=0.6,11,24,131,300,132,436.67
xss-reflected,gen_ratio,gen=0.6,12,22,158,300,159,526.67
xss-reflected,gen_ratio,gen=0.6,13,23,131,300,132,436.67
xss-reflected,gen_ratio,gen=0.6,14,23,150,300,151,500.00
xss-reflected,gen_ratio,gen=0.6,15,23,156,300,157,520.00
xss-reflected,gen_ratio,gen=0.6,16,23,132,300,133,440.00
xss-reflected,gen_ratio,gen=0.6,17,24,139,300,140,463.33
xss-reflected,gen_ratio,gen=0.6,18,23,151,300,152,503.33
xss-reflected,gen_ratio,gen=0.6,19,23,173,300,174,576.67
xss-reflected,gen_ratio,gen=0.7,0,23,83,300,84,276.67
xss-reflected,gen_ratio,gen=0.7,1,24,123,300,124,410.00
xss-reflected,gen_ratio,gen=0.7,2,31,130,300,131,433.33
xss-reflected,gen_ratio,gen=0.7,3,26,60,300,61,200.00
xss-reflected,gen_ratio,gen=0.7,4,22,162,300,163,540.00
xss-reflected,gen_ratio,gen=0.7,5,31,15,300,16,50.00
xss-reflected,gen_ratio,gen=0.7,6,26,172,300,173,573.33
xss-reflected,gen_ratio,gen=0.7,7,23,131,300,132,436.67
xss-reflected,gen_ratio,gen=0.7,8,24,158,300,159,526.67
xss-reflected,gen_ratio,gen=0.7,9,31,140,300,141,466.67
xss-reflected,gen_ratio,gen=0.7,10,24,161,300,162,536.67
xss-reflected,gen_ratio,gen=0.7,11,31,119,300,120,396.67
xss-reflected,gen_ratio,gen=0.7,12,33,156,300,157,520.00
xss-reflected,gen_ratio,gen=0.7,13,35,131,300,132,436.67
xss-reflected,gen_ratio,gen=0.7,14,35,111,300,112,370.00
xss-reflected,gen_ratio,gen=0.7,15,24,145,300,146,483.33
xss-reflected,gen_ratio,gen=0.7,16,24,118,300,119,393.33
xss-reflected,gen_ratio,gen=0.7,17,28,145,300,146,483.33
xss-reflected,gen_ratio,gen=0.7,18,23,166,300,167,553.33
xss-reflected,gen_ratio,gen=0.7,19,22,173,300,174,576.67
xss-reflected,gen_ratio,gen=0.8,0,33,17,300,18,56.67
xss-reflected,gen_ratio,gen=0.8,1,34,94,300,95,313.33
xss-reflected,gen_ratio,gen=0.8,2,23,104,300,105,346.67
xss-reflected,gen_ratio,gen=0.8,3,25,27,300,28,90.00
xss-reflected,gen_ratio,gen=0.8,4,28,171,300,172,570.00
xss-reflected,gen_ratio,gen=0.8,5,30,0,300,1,0.00
xss-reflected,gen_ratio,gen=0.8,6,23,164,300,165,546.67
xss-reflected,gen_ratio,gen=0.8,7,23,146,300,147,486.67
xss-reflected,gen_ratio,gen=0.8,8,22,145,300,146,483.33
xss-reflected,gen_ratio,gen=0.8,9,22,134,300,135,446.67
xss-reflected,gen_ratio,gen=0.8,10,22,180,300,181,600.00
xss-reflected,gen_ratio,gen=0.8,11,24,102,300,103,340.00
xss-reflected,gen_ratio,gen=0.8,12,24,154,300,155,513.33
xss-reflected,gen_ratio,gen=0.8,13,28,106,300,107,353.33
xss-reflected,gen_ratio,gen=0.8,14,29,57,300,58,190.00
xss-reflected,gen_ratio,gen=0.8,15,23,117,300,118,390.00
xss-reflected,gen_ratio,gen=0.8,16,23,107,300,108,356.67
xss-reflected,gen_ratio,gen=0.8,17,25,109,300,110,363.33
xss-reflected,gen_ratio,gen=0.8,18,27,151,300,152,503.33
xss-reflected,gen_ratio,gen=0.8,19,23,174,300,175,580.00
xss-reflected,gen_ratio,gen=0.9,0,26,0,300,1,0.00
xss-reflected,gen_ratio,gen=0.9,1,29,37,300,38,123.33
xss-reflected,gen_ratio,gen=0.9,2,25,53,300,54,176.67
xss-reflected,gen_ratio,gen=0.9,3,26,0,300,1,0.00
xss-reflected,gen_ratio,gen=0.9,4,23,111,300,112,370.00
xss-reflected,gen_ratio,gen=0.9,5,26,0,300,1,0.00
xss-reflected,gen_ratio,gen=0.9,6,28,186,300,187,620.00
xss-reflected,gen_ratio,gen=0.9,7,24,106,300,107,353.33
xss-reflected,gen_ratio,gen=0.9,8,23,118,300,119,393.33
xss-reflected,gen_ratio,gen=0.9,9,27,111,300,112,370.00
xss-reflected,gen_ratio,gen=0.9,10,28,179,300,180,596.67
xss-reflected,gen_ratio,gen=0.9,11,26,22,300,23,73.33
xss-reflected,gen_ratio,gen=0.9,12,23,138,300,139,460.00
xss-reflected,gen_ratio,gen=0.9,13,24,19,300,20,63.33
xss-reflected,gen_ratio,gen=0.9,14,31,0,300,1,0.00
xss-reflected,gen_ratio,gen=0.9,15,26,77,300,78,256.67
xss-reflected,gen_ratio,gen=0.9,16,24,29,300,30,96.67
xss-reflected,gen_ratio,gen=0.9,17,24,75,300,76,250.00
xss-reflected,gen_ratio,gen=0.9,18,28,52,300,53,173.33
xss-reflected,gen_ratio,gen=0.9,19,24,153,300,154,510.00
xss-reflected,gen_ratio,gen=1.0,0,25,0,300,1,0.00
xss-reflected,gen_ratio,gen=1.0,1,25,0,300,1,0.00
xss-reflected,gen_ratio,gen=1.0,2,26,0,300,1,0.00
xss-reflected,gen_ratio,gen=1.0,3,34,0,300,1,0.00
xss-reflected,gen_ratio,gen=1.0,4,28,0,300,1,0.00
xss-reflected,gen_ratio,gen=1.0,5,25,0,300,1,0.00
xss-reflected,gen_ratio,gen=1.0,6,28,0,300,1,0.00
xss-reflected,gen_ratio,gen=1.0,7,33,0,300,1,0.00
xss-reflected,gen_ratio,gen=1.0,8,34,0,300,1,0.00
xss-reflected,gen_ratio,gen=1.0,9,36,0,300,1,0.00
xss-reflected,gen_ratio,gen=1.0,10,35,0,300,1,0.00
xss-reflected,gen_ratio,gen=1.0,11,30,0,300,1,0.00
xss-reflected,gen_ratio,gen=1.0,12,28,0,300,1,0.00
xss-reflected,gen_ratio,gen=1.0,13,35,0,300,1,0.00
xss-reflected,gen_ratio,gen=1.0,14,30,0,300,1,0.00
xss-reflected,gen_ratio,gen=1.0,15,26,0,300,1,0.00
xss-reflected,gen_ratio,gen=1.0,16,27,0,300,1,0.00
xss-reflected,gen_ratio,gen=1.0,17,31,0,300,1,0.00
xss-reflected,gen_ratio,gen=1.0,18,31,0,300,1,0.00
xss-reflected,gen_ratio,gen=1.0,19,25,0,300,1,0.00
xss-reflected,length,len=short,0,24,93,300,94,310.00
xss-reflected,length,len=short,1,21,176,300,177,586.67
xss-reflected,length,len=short,2,21,135,300,136,450.00
xss-reflected,length,len=short,3,22,96,300,97,320.00
xss-reflected,length,len=short,4,19,204,300,202,680.00
xss-reflected,length,len=short,5,22,48,300,49,160.00
xss-reflected,length,len=short,6,23,216,300,212,720.00
xss-reflected,length,len=short,7,24,170,300,167,566.67
xss-reflected,length,len=short,8,21,183,300,184,610.00
xss-reflected,length,len=short,9,21,179,300,180,596.67
xss-reflected,length,len=short,10,21,206,300,207,686.67
xss-reflected,length,len=short,11,23,133,300,134,443.33
xss-reflected,length,len=short,12,20,176,300,174,586.67
xss-reflected,length,len=short,13,21,139,300,139,463.33
xss-reflected,length,len=short,14,21,138,300,137,460.00
xss-reflected,length,len=short,15,20,196,300,197,653.33
xss-reflected,length,len=short,16,30,142,300,142,473.33
xss-reflected,length,len=short,17,23,176,300,176,586.67
xss-reflected,length,len=short,18,20,174,300,174,580.00
xss-reflected,length,len=short,19,19,200,300,200,666.67
xss-reflected,length,len=medium,0,24,83,300,84,276.67
xss-reflected,length,len=medium,1,33,123,300,124,410.00
xss-reflected,length,len=medium,2,24,130,300,131,433.33
xss-reflected,length,len=medium,3,24,60,300,61,200.00
xss-reflected,length,len=medium,4,22,162,300,163,540.00
xss-reflected,length,len=medium,5,24,15,300,16,50.00
xss-reflected,length,len=medium,6,23,172,300,173,573.33
xss-reflected,length,len=medium,7,23,131,300,132,436.67
xss-reflected,length,len=medium,8,23,158,300,159,526.67
xss-reflected,length,len=medium,9,22,140,300,141,466.67
xss-reflected,length,len=medium,10,24,161,300,162,536.67
xss-reflected,length,len=medium,11,26,119,300,120,396.67
xss-reflected,length,len=medium,12,22,156,300,157,520.00
xss-reflected,length,len=medium,13,22,131,300,132,436.67
xss-reflected,length,len=medium,14,24,111,300,112,370.00
xss-reflected,length,len=medium,15,25,145,300,146,483.33
xss-reflected,length,len=medium,16,23,118,300,119,393.33
xss-reflected,length,len=medium,17,22,145,300,146,483.33
xss-reflected,length,len=medium,18,22,166,300,167,553.33
xss-reflected,length,len=medium,19,32,173,300,174,576.67
xss-reflected,length,len=long,0,42,26,300,27,86.67
xss-reflected,length,len=long,1,32,95,300,96,316.67
xss-reflected,length,len=long,2,39,86,300,87,286.67
xss-reflected,length,len=long,3,32,46,300,47,153.33
xss-reflected,length,len=long,4,34,132,300,133,440.00
xss-reflected,length,len=long,5,37,19,300,20,63.33
xss-reflected,length,len=long,6,31,118,300,119,393.33
xss-reflected,length,len=long,7,31,104,300,105,346.67
xss-reflected,length,len=long,8,26,116,300,117,386.67
xss-reflected,length,len=long,9,35,113,300,114,376.67
xss-reflected,length,len=long,10,30,112,300,113,373.33
xss-reflected,length,len=long,11,35,74,300,75,246.67
xss-reflected,length,len=long,12,39,101,300,102,336.67
xss-reflected,length,len=long,13,31,109,300,110,363.33
xss-reflected,length,len=long,14,28,98,300,99,326.67
xss-reflected,length,len=long,15,29,96,300,97,320.00
xss-reflected,length,len=long,16,29,72,300,73,240.00
xss-reflected,length,len=long,17,28,104,300,105,346.67
xss-reflected,length,len=long,18,35,106,300,107,353.33
xss-reflected,length,len=long,19,31,134,300,135,446.67
xss-reflected,havoc,havoc=default,0,25,83,300,84,276.67
xss-reflected,havoc,havoc=default,1,23,123,300,124,410.00
xss-reflected,havoc,havoc=default,2,23,130,300,131,433.33
xss-reflected,havoc,havoc=default,3,33,60,300,61,200.00
xss-reflected,havoc,havoc=default,4,23,162,300,163,540.00
xss-reflected,havoc,havoc=default,5,24,15,300,16,50.00
xss-reflected,havoc,havoc=default,6,25,172,300,173,573.33
xss-reflected,havoc,havoc=default,7,24,131,300,132,436.67
xss-reflected,havoc,havoc=default,8,24,158,300,159,526.67
xss-reflected,havoc,havoc=default,9,22,140,300,141,466.67
xss-reflected,havoc,havoc=default,10,22,161,300,162,536.67
xss-reflected,havoc,havoc=default,11,28,119,300,120,396.67
xss-reflected,havoc,havoc=default,12,22,156,300,157,520.00
xss-reflected,havoc,havoc=default,13,22,131,300,132,436.67
xss-reflected,havoc,havoc=default,14,25,111,300,112,370.00
xss-reflected,havoc,havoc=default,15,28,145,300,146,483.33
xss-reflected,havoc,havoc=default,16,23,118,300,119,393.33
xss-reflected,havoc,havoc=default,17,25,145,300,146,483.33
xss-reflected,havoc,havoc=default,18,23,166,300,167,553.33
xss-reflected,havoc,havoc=default,19,23,173,300,174,576.67
xss-reflected,havoc,havoc=structural,0,23,159,300,160,530.00
xss-reflected,havoc,havoc=structural,1,21,173,300,174,576.67
xss-reflected,havoc,havoc=structural,2,22,184,300,185,613.33
xss-reflected,havoc,havoc=structural,3,25,183,300,184,610.00
xss-reflected,havoc,havoc=structural,4,25,172,300,173,573.33
xss-reflected,havoc,havoc=structural,5,24,63,300,64,210.00
xss-reflected,havoc,havoc=structural,6,23,82,300,83,273.33
xss-reflected,havoc,havoc=structural,7,22,130,300,131,433.33
xss-reflected,havoc,havoc=structural,8,26,177,300,178,590.00
xss-reflected,havoc,havoc=structural,9,24,84,300,85,280.00
xss-reflected,havoc,havoc=structural,10,26,142,300,143,473.33
xss-reflected,havoc,havoc=structural,11,22,157,300,158,523.33
xss-reflected,havoc,havoc=structural,12,23,145,300,146,483.33
xss-reflected,havoc,havoc=structural,13,27,177,300,178,590.00
xss-reflected,havoc,havoc=structural,14,24,181,300,182,603.33
xss-reflected,havoc,havoc=structural,15,27,18,300,19,60.00
xss-reflected,havoc,havoc=structural,16,22,136,300,137,453.33
xss-reflected,havoc,havoc=structural,17,26,170,300,171,566.67
xss-reflected,havoc,havoc=structural,18,26,176,300,177,586.67
xss-reflected,havoc,havoc=structural,19,22,169,300,170,563.33
xss-reflected,havoc,havoc=destructive,0,44,139,300,140,463.33
xss-reflected,havoc,havoc=destructive,1,32,47,300,48,156.67
xss-reflected,havoc,havoc=destructive,2,32,40,300,41,133.33
xss-reflected,havoc,havoc=destructive,3,27,0,300,1,0.00
xss-reflected,havoc,havoc=destructive,4,32,0,300,1,0.00
xss-reflected,havoc,havoc=destructive,5,36,0,300,1,0.00
xss-reflected,havoc,havoc=destructive,6,39,83,300,84,276.67
xss-reflected,havoc,havoc=destructive,7,30,56,300,57,186.67
xss-reflected,havoc,havoc=destructive,8,27,1,300,2,3.33
xss-reflected,havoc,havoc=destructive,9,32,79,300,80,263.33
xss-reflected,havoc,havoc=destructive,10,27,0,300,1,0.00
xss-reflected,havoc,havoc=destructive,11,27,165,300,166,550.00
xss-reflected,havoc,havoc=destructive,12,25,139,300,140,463.33
xss-reflected,havoc,havoc=destructive,13,27,0,300,1,0.00
xss-reflected,havoc,havoc=destructive,14,28,175,300,176,583.33
xss-reflected,havoc,havoc=destructive,15,29,0,300,1,0.00
xss-reflected,havoc,havoc=destructive,16,30,134,300,135,446.67
xss-reflected,havoc,havoc=destructive,17,26,0,300,1,0.00
xss-reflected,havoc,havoc=destructive,18,28,0,300,1,0.00
xss-reflected,havoc,havoc=destructive,19,29,27,300,28,90.00
xss-reflected,havoc,havoc=encoding,0,40,142,300,143,473.33
xss-reflected,havoc,havoc=encoding,1,32,99,300,100,330.00
xss-reflected,havoc,havoc=encoding,2,26,168,300,169,560.00
xss-reflected,havoc,havoc=encoding,3,25,67,300,68,223.33
xss-reflected,havoc,havoc=encoding,4,22,151,300,152,503.33
xss-reflected,havoc,havoc=encoding,5,22,173,300,174,576.67
xss-reflected,havoc,havoc=encoding,6,24,66,300,67,220.00
xss-reflected,havoc,havoc=encoding,7,23,140,300,141,466.67
xss-reflected,havoc,havoc=encoding,8,23,171,300,172,570.00
xss-reflected,havoc,havoc=encoding,9,23,188,300,189,626.67
xss-reflected,havoc,havoc=encoding,10,24,49,300,50,163.33
xss-reflected,havoc,havoc=encoding,11,26,0,300,1,0.00
xss-reflected,havoc,havoc=encoding,12,23,83,300,84,276.67
xss-reflected,havoc,havoc=encoding,13,24,122,300,123,406.67
xss-reflected,havoc,havoc=encoding,14,23,58,300,58,193.33
xss-reflected,havoc,havoc=encoding,15,25,14,300,15,46.67
xss-reflected,havoc,havoc=encoding,16,23,122,300,123,406.67
xss-reflected,havoc,havoc=encoding,17,22,159,300,160,530.00
xss-reflected,havoc,havoc=encoding,18,24,0,300,1,0.00
xss-reflected,havoc,havoc=encoding,19,26,143,300,144,476.67
xss-reflected,placement,place=a0.0_p0.5,0,25,86,300,87,286.67
xss-reflected,placement,place=a0.0_p0.5,1,24,119,300,120,396.67
xss-reflected,placement,place=a0.0_p0.5,2,23,139,300,140,463.33
xss-reflected,placement,place=a0.0_p0.5,3,24,66,300,67,220.00
xss-reflected,placement,place=a0.0_p0.5,4,26,162,300,163,540.00
xss-reflected,placement,place=a0.0_p0.5,5,29,15,300,16,50.00
xss-reflected,placement,place=a0.0_p0.5,6,23,160,300,161,533.33
xss-reflected,placement,place=a0.0_p0.5,7,23,139,300,140,463.33
xss-reflected,placement,place=a0.0_p0.5,8,25,167,300,168,556.67
xss-reflected,placement,place=a0.0_p0.5,9,26,155,300,156,516.67
xss-reflected,placement,place=a0.0_p0.5,10,25,180,300,181,600.00
xss-reflected,placement,place=a0.0_p0.5,11,24,130,300,131,433.33
xss-reflected,placement,place=a0.0_p0.5,12,24,137,300,138,456.67
xss-reflected,placement,place=a0.0_p0.5,13,32,120,300,121,400.00
xss-reflected,placement,place=a0.0_p0.5,14,25,106,300,107,353.33
xss-reflected,placement,place=a0.0_p0.5,15,22,152,300,153,506.67
xss-reflected,placement,place=a0.0_p0.5,16,22,113,300,114,376.67
xss-reflected,placement,place=a0.0_p0.5,17,23,142,300,143,473.33
xss-reflected,placement,place=a0.0_p0.5,18,23,176,300,177,586.67
xss-reflected,placement,place=a0.0_p0.5,19,23,164,300,165,546.67
xss-reflected,placement,place=a0.0_p1.0,0,31,86,300,87,286.67
xss-reflected,placement,place=a0.0_p1.0,1,32,119,300,120,396.67
xss-reflected,placement,place=a0.0_p1.0,2,25,139,300,140,463.33
xss-reflected,placement,place=a0.0_p1.0,3,25,66,300,67,220.00
xss-reflected,placement,place=a0.0_p1.0,4,23,162,300,163,540.00
xss-reflected,placement,place=a0.0_p1.0,5,26,15,300,16,50.00
xss-reflected,placement,place=a0.0_p1.0,6,24,160,300,161,533.33
xss-reflected,placement,place=a0.0_p1.0,7,23,139,300,140,463.33
xss-reflected,placement,place=a0.0_p1.0,8,21,167,300,168,556.67
xss-reflected,placement,place=a0.0_p1.0,9,22,155,300,156,516.67
xss-reflected,placement,place=a0.0_p1.0,10,23,180,300,181,600.00
xss-reflected,placement,place=a0.0_p1.0,11,25,130,300,131,433.33
xss-reflected,placement,place=a0.0_p1.0,12,22,137,300,138,456.67
xss-reflected,placement,place=a0.0_p1.0,13,22,120,300,121,400.00
xss-reflected,placement,place=a0.0_p1.0,14,23,106,300,107,353.33
xss-reflected,placement,place=a0.0_p1.0,15,23,152,300,153,506.67
xss-reflected,placement,place=a0.0_p1.0,16,23,113,300,114,376.67
xss-reflected,placement,place=a0.0_p1.0,17,22,142,300,143,473.33
xss-reflected,placement,place=a0.0_p1.0,18,23,176,300,177,586.67
xss-reflected,placement,place=a0.0_p1.0,19,23,164,300,165,546.67
xss-reflected,placement,place=a0.0_p2.0,0,25,86,300,87,286.67
xss-reflected,placement,place=a0.0_p2.0,1,24,119,300,120,396.67
xss-reflected,placement,place=a0.0_p2.0,2,22,139,300,140,463.33
xss-reflected,placement,place=a0.0_p2.0,3,23,66,300,67,220.00
xss-reflected,placement,place=a0.0_p2.0,4,23,162,300,163,540.00
xss-reflected,placement,place=a0.0_p2.0,5,25,15,300,16,50.00
xss-reflected,placement,place=a0.0_p2.0,6,23,160,300,161,533.33
xss-reflected,placement,place=a0.0_p2.0,7,23,139,300,140,463.33
xss-reflected,placement,place=a0.0_p2.0,8,21,167,300,168,556.67
xss-reflected,placement,place=a0.0_p2.0,9,21,155,300,156,516.67
xss-reflected,placement,place=a0.0_p2.0,10,21,180,300,181,600.00
xss-reflected,placement,place=a0.0_p2.0,11,24,130,300,131,433.33
xss-reflected,placement,place=a0.0_p2.0,12,26,137,300,138,456.67
xss-reflected,placement,place=a0.0_p2.0,13,24,120,300,121,400.00
xss-reflected,placement,place=a0.0_p2.0,14,24,106,300,107,353.33
xss-reflected,placement,place=a0.0_p2.0,15,23,152,300,153,506.67
xss-reflected,placement,place=a0.0_p2.0,16,22,113,300,114,376.67
xss-reflected,placement,place=a0.0_p2.0,17,22,142,300,143,473.33
xss-reflected,placement,place=a0.0_p2.0,18,23,176,300,177,586.67
xss-reflected,placement,place=a0.0_p2.0,19,23,164,300,165,546.67
xss-reflected,placement,place=a0.0_p4.0,0,23,86,300,87,286.67
xss-reflected,placement,place=a0.0_p4.0,1,33,119,300,120,396.67
xss-reflected,placement,place=a0.0_p4.0,2,33,139,300,140,463.33
xss-reflected,placement,place=a0.0_p4.0,3,24,66,300,67,220.00
xss-reflected,placement,place=a0.0_p4.0,4,23,162,300,163,540.00
xss-reflected,placement,place=a0.0_p4.0,5,24,15,300,16,50.00
xss-reflected,placement,place=a0.0_p4.0,6,31,160,300,161,533.33
xss-reflected,placement,place=a0.0_p4.0,7,25,139,300,140,463.33
xss-reflected,placement,place=a0.0_p4.0,8,21,167,300,168,556.67
xss-reflected,placement,place=a0.0_p4.0,9,22,155,300,156,516.67
xss-reflected,placement,place=a0.0_p4.0,10,26,180,300,181,600.00
xss-reflected,placement,place=a0.0_p4.0,11,30,130,300,131,433.33
xss-reflected,placement,place=a0.0_p4.0,12,22,137,300,138,456.67
xss-reflected,placement,place=a0.0_p4.0,13,26,120,300,121,400.00
xss-reflected,placement,place=a0.0_p4.0,14,29,106,300,107,353.33
xss-reflected,placement,place=a0.0_p4.0,15,29,152,300,153,506.67
xss-reflected,placement,place=a0.0_p4.0,16,23,113,300,114,376.67
xss-reflected,placement,place=a0.0_p4.0,17,22,142,300,143,473.33
xss-reflected,placement,place=a0.0_p4.0,18,23,176,300,177,586.67
xss-reflected,placement,place=a0.0_p4.0,19,23,164,300,165,546.67
xss-reflected,placement,place=a0.5_p0.0,0,24,78,300,79,260.00
xss-reflected,placement,place=a0.5_p0.0,1,24,123,300,124,410.00
xss-reflected,placement,place=a0.5_p0.0,2,23,144,300,145,480.00
xss-reflected,placement,place=a0.5_p0.0,3,23,70,300,71,233.33
xss-reflected,placement,place=a0.5_p0.0,4,21,179,300,180,596.67
xss-reflected,placement,place=a0.5_p0.0,5,25,15,300,16,50.00
xss-reflected,placement,place=a0.5_p0.0,6,23,158,300,159,526.67
xss-reflected,placement,place=a0.5_p0.0,7,22,141,300,142,470.00
xss-reflected,placement,place=a0.5_p0.0,8,21,160,300,161,533.33
xss-reflected,placement,place=a0.5_p0.0,9,21,153,300,154,510.00
xss-reflected,placement,place=a0.5_p0.0,10,24,160,300,161,533.33
xss-reflected,placement,place=a0.5_p0.0,11,24,127,300,128,423.33
xss-reflected,placement,place=a0.5_p0.0,12,22,149,300,150,496.67
xss-reflected,placement,place=a0.5_p0.0,13,25,125,300,126,416.67
xss-reflected,placement,place=a0.5_p0.0,14,27,129,300,130,430.00
xss-reflected,placement,place=a0.5_p0.0,15,23,156,300,157,520.00
xss-reflected,placement,place=a0.5_p0.0,16,22,116,300,117,386.67
xss-reflected,placement,place=a0.5_p0.0,17,22,147,300,148,490.00
xss-reflected,placement,place=a0.5_p0.0,18,24,161,300,162,536.67
xss-reflected,placement,place=a0.5_p0.0,19,23,172,300,173,573.33
xss-reflected,placement,place=a0.5_p0.5,0,24,74,300,75,246.67
xss-reflected,placement,place=a0.5_p0.5,1,23,120,300,121,400.00
xss-reflected,placement,place=a0.5_p0.5,2,25,119,300,119,396.67
xss-reflected,placement,place=a0.5_p0.5,3,26,68,300,69,226.67
xss-reflected,placement,place=a0.5_p0.5,4,22,167,300,168,556.67
xss-reflected,placement,place=a0.5_p0.5,5,25,15,300,16,50.00
xss-reflected,placement,place=a0.5_p0.5,6,21,182,300,183,606.67
xss-reflected,placement,place=a0.5_p0.5,7,22,131,300,132,436.67
xss-reflected,placement,place=a0.5_p0.5,8,22,161,300,162,536.67
xss-reflected,placement,place=a0.5_p0.5,9,22,146,300,147,486.67
xss-reflected,placement,place=a0.5_p0.5,10,21,155,300,156,516.67
xss-reflected,placement,place=a0.5_p0.5,11,25,128,300,129,426.67
xss-reflected,placement,place=a0.5_p0.5,12,23,149,300,150,496.67
xss-reflected,placement,place=a0.5_p0.5,13,24,128,300,129,426.67
xss-reflected,placement,place=a0.5_p0.5,14,24,116,300,117,386.67
xss-reflected,placement,place=a0.5_p0.5,15,23,152,300,153,506.67
xss-reflected,placement,place=a0.5_p0.5,16,24,107,300,108,356.67
xss-reflected,placement,place=a0.5_p0.5,17,25,147,300,148,490.00
xss-reflected,placement,place=a0.5_p0.5,18,26,160,300,161,533.33
xss-reflected,placement,place=a0.5_p0.5,19,28,179,300,180,596.67
xss-reflected,placement,place=a0.5_p1.0,0,24,81,300,82,270.00
xss-reflected,placement,place=a0.5_p1.0,1,27,127,300,128,423.33
xss-reflected,placement,place=a0.5_p1.0,2,33,120,300,121,400.00
xss-reflected,placement,place=a0.5_p1.0,3,23,59,300,60,196.67
xss-reflected,placement,place=a0.5_p1.0,4,27,156,300,157,520.00
xss-reflected,placement,place=a0.5_p1.0,5,29,15,300,16,50.00
xss-reflected,placement,place=a0.5_p1.0,6,23,177,300,178,590.00
xss-reflected,placement,place=a0.5_p1.0,7,22,138,300,139,460.00
xss-reflected,placement,place=a0.5_p1.0,8,21,154,300,155,513.33
xss-reflected,placement,place=a0.5_p1.0,9,25,147,300,148,490.00
xss-reflected,placement,place=a0.5_p1.0,10,28,169,300,170,563.33
xss-reflected,placement,place=a0.5_p1.0,11,23,129,300,130,430.00
xss-reflected,placement,place=a0.5_p1.0,12,22,154,300,155,513.33
xss-reflected,placement,place=a0.5_p1.0,13,22,133,300,134,443.33
xss-reflected,placement,place=a0.5_p1.0,14,25,122,300,123,406.67
xss-reflected,placement,place=a0.5_p1.0,15,23,160,300,161,533.33
xss-reflected,placement,place=a0.5_p1.0,16,23,116,300,117,386.67
xss-reflected,placement,place=a0.5_p1.0,17,24,138,300,139,460.00
xss-reflected,placement,place=a0.5_p1.0,18,23,158,300,159,526.67
xss-reflected,placement,place=a0.5_p1.0,19,23,171,300,172,570.00
xss-reflected,placement,place=a0.5_p2.0,0,24,76,300,77,253.33
xss-reflected,placement,place=a0.5_p2.0,1,23,124,300,125,413.33
xss-reflected,placement,place=a0.5_p2.0,2,24,153,300,154,510.00
xss-reflected,placement,place=a0.5_p2.0,3,24,59,300,60,196.67
xss-reflected,placement,place=a0.5_p2.0,4,23,153,300,154,510.00
xss-reflected,placement,place=a0.5_p2.0,5,24,15,300,16,50.00
xss-reflected,placement,place=a0.5_p2.0,6,22,173,300,174,576.67
xss-reflected,placement,place=a0.5_p2.0,7,22,134,300,134,446.67
xss-reflected,placement,place=a0.5_p2.0,8,21,154,300,155,513.33
xss-reflected,placement,place=a0.5_p2.0,9,22,149,300,150,496.67
xss-reflected,placement,place=a0.5_p2.0,10,23,154,300,155,513.33
xss-reflected,placement,place=a0.5_p2.0,11,23,128,300,129,426.67
xss-reflected,placement,place=a0.5_p2.0,12,21,153,300,154,510.00
xss-reflected,placement,place=a0.5_p2.0,13,22,130,300,131,433.33
xss-reflected,placement,place=a0.5_p2.0,14,23,123,300,124,410.00
xss-reflected,placement,place=a0.5_p2.0,15,23,149,300,150,496.67
xss-reflected,placement,place=a0.5_p2.0,16,22,111,300,112,370.00
xss-reflected,placement,place=a0.5_p2.0,17,23,135,300,136,450.00
xss-reflected,placement,place=a0.5_p2.0,18,23,166,300,167,553.33
xss-reflected,placement,place=a0.5_p2.0,19,22,179,300,180,596.67
xss-reflected,placement,place=a0.5_p4.0,0,25,81,300,82,270.00
xss-reflected,placement,place=a0.5_p4.0,1,23,124,300,125,413.33
xss-reflected,placement,place=a0.5_p4.0,2,22,138,300,139,460.00
xss-reflected,placement,place=a0.5_p4.0,3,24,59,300,60,196.67
xss-reflected,placement,place=a0.5_p4.0,4,22,159,300,160,530.00
xss-reflected,placement,place=a0.5_p4.0,5,24,15,300,16,50.00
xss-reflected,placement,place=a0.5_p4.0,6,27,173,300,174,576.67
xss-reflected,placement,place=a0.5_p4.0,7,24,139,300,140,463.33
xss-reflected,placement,place=a0.5_p4.0,8,22,150,300,151,500.00
xss-reflected,placement,place=a0.5_p4.0,9,21,144,300,145,480.00
xss-reflected,placement,place=a0.5_p4.0,10,25,175,300,176,583.33
xss-reflected,placement,place=a0.5_p4.0,11,24,135,300,136,450.00
xss-reflected,placement,place=a0.5_p4.0,12,23,148,300,149,493.33
xss-reflected,placement,place=a0.5_p4.0,13,22,130,300,131,433.33
xss-reflected,placement,place=a0.5_p4.0,14,23,107,300,108,356.67
xss-reflected,placement,place=a0.5_p4.0,15,22,149,300,150,496.67
xss-reflected,placement,place=a0.5_p4.0,16,23,111,300,112,370.00
xss-reflected,placement,place=a0.5_p4.0,17,23,139,300,140,463.33
xss-reflected,placement,place=a0.5_p4.0,18,22,168,300,169,560.00
xss-reflected,placement,place=a0.5_p4.0,19,22,171,300,172,570.00
xss-reflected,placement,place=a1.0_p0.0,0,29,78,300,79,260.00
xss-reflected,placement,place=a1.0_p0.0,1,28,123,300,124,410.00
xss-reflected,placement,place=a1.0_p0.0,2,23,144,300,145,480.00
xss-reflected,placement,place=a1.0_p0.0,3,23,70,300,71,233.33
xss-reflected,placement,place=a1.0_p0.0,4,27,179,300,180,596.67
xss-reflected,placement,place=a1.0_p0.0,5,33,15,300,16,50.00
xss-reflected,placement,place=a1.0_p0.0,6,31,158,300,159,526.67
xss-reflected,placement,place=a1.0_p0.0,7,27,141,300,142,470.00
xss-reflected,placement,place=a1.0_p0.0,8,30,160,300,161,533.33
xss-reflected,placement,place=a1.0_p0.0,9,22,153,300,154,510.00
xss-reflected,placement,place=a1.0_p0.0,10,22,160,300,161,533.33
xss-reflected,placement,place=a1.0_p0.0,11,23,127,300,128,423.33
xss-reflected,placement,place=a1.0_p0.0,12,22,149,300,150,496.67
xss-reflected,placement,place=a1.0_p0.0,13,23,125,300,126,416.67
xss-reflected,placement,place=a1.0_p0.0,14,23,129,300,130,430.00
xss-reflected,placement,place=a1.0_p0.0,15,23,156,300,157,520.00
xss-reflected,placement,place=a1.0_p0.0,16,24,116,300,117,386.67
xss-reflected,placement,place=a1.0_p0.0,17,24,147,300,148,490.00
xss-reflected,placement,place=a1.0_p0.0,18,22,161,300,162,536.67
xss-reflected,placement,place=a1.0_p0.0,19,21,172,300,173,573.33
xss-reflected,placement,place=a1.0_p0.5,0,24,73,300,74,243.33
xss-reflected,placement,place=a1.0_p0.5,1,23,118,300,119,393.33
xss-reflected,placement,place=a1.0_p0.5,2,25,128,300,129,426.67
xss-reflected,placement,place=a1.0_p0.5,3,23,68,300,69,226.67
xss-reflected,placement,place=a1.0_p0.5,4,22,154,300,155,513.33
xss-reflected,placement,place=a1.0_p0.5,5,30,15,300,16,50.00
xss-reflected,placement,place=a1.0_p0.5,6,23,167,300,168,556.67
xss-reflected,placement,place=a1.0_p0.5,7,22,133,300,134,443.33
xss-reflected,placement,place=a1.0_p0.5,8,21,151,300,152,503.33
xss-reflected,placement,place=a1.0_p0.5,9,22,137,300,137,456.67
xss-reflected,placement,place=a1.0_p0.5,10,22,166,300,167,553.33
xss-reflected,placement,place=a1.0_p0.5,11,24,128,300,129,426.67
xss-reflected,placement,place=a1.0_p0.5,12,23,148,300,149,493.33
xss-reflected,placement,place=a1.0_p0.5,13,22,130,300,131,433.33
xss-reflected,placement,place=a1.0_p0.5,14,23,120,300,121,400.00
xss-reflected,placement,place=a1.0_p0.5,15,23,148,300,149,493.33
xss-reflected,placement,place=a1.0_p0.5,16,23,110,300,111,366.67
xss-reflected,placement,place=a1.0_p0.5,17,23,135,300,136,450.00
xss-reflected,placement,place=a1.0_p0.5,18,22,163,300,164,543.33
xss-reflected,placement,place=a1.0_p0.5,19,21,172,300,173,573.33
xss-reflected,placement,place=a1.0_p1.0,0,25,74,300,75,246.67
xss-reflected,placement,place=a1.0_p1.0,1,23,120,300,121,400.00
xss-reflected,placement,place=a1.0_p1.0,2,23,119,300,119,396.67
xss-reflected,placement,place=a1.0_p1.0,3,23,68,300,69,226.67
xss-reflected,placement,place=a1.0_p1.0,4,26,167,300,168,556.67
xss-reflected,placement,place=a1.0_p1.0,5,25,15,300,16,50.00
xss-reflected,placement,place=a1.0_p1.0,6,22,182,300,183,606.67
xss-reflected,placement,place=a1.0_p1.0,7,23,131,300,132,436.67
xss-reflected,placement,place=a1.0_p1.0,8,21,161,300,162,536.67
xss-reflected,placement,place=a1.0_p1.0,9,26,146,300,147,486.67
xss-reflected,placement,place=a1.0_p1.0,10,24,155,300,156,516.67
xss-reflected,placement,place=a1.0_p1.0,11,23,128,300,129,426.67
xss-reflected,placement,place=a1.0_p1.0,12,23,149,300,150,496.67
xss-reflected,placement,place=a1.0_p1.0,13,24,128,300,129,426.67
xss-reflected,placement,place=a1.0_p1.0,14,24,116,300,117,386.67
xss-reflected,placement,place=a1.0_p1.0,15,22,152,300,153,506.67
xss-reflected,placement,place=a1.0_p1.0,16,23,107,300,108,356.67
xss-reflected,placement,place=a1.0_p1.0,17,26,147,300,148,490.00
xss-reflected,placement,place=a1.0_p1.0,18,31,160,300,161,533.33
xss-reflected,placement,place=a1.0_p1.0,19,24,179,300,180,596.67
xss-reflected,placement,place=a1.0_p2.0,0,25,81,300,82,270.00
xss-reflected,placement,place=a1.0_p2.0,1,24,127,300,128,423.33
xss-reflected,placement,place=a1.0_p2.0,2,30,120,300,121,400.00
xss-reflected,placement,place=a1.0_p2.0,3,25,59,300,60,196.67
xss-reflected,placement,place=a1.0_p2.0,4,22,156,300,157,520.00
xss-reflected,placement,place=a1.0_p2.0,5,30,15,300,16,50.00
xss-reflected,placement,place=a1.0_p2.0,6,32,177,300,178,590.00
xss-reflected,placement,place=a1.0_p2.0,7,25,138,300,139,460.00
xss-reflected,placement,place=a1.0_p2.0,8,21,154,300,155,513.33
xss-reflected,placement,place=a1.0_p2.0,9,22,147,300,148,490.00
xss-reflected,placement,place=a1.0_p2.0,10,24,169,300,170,563.33
xss-reflected,placement,place=a1.0_p2.0,11,30,129,300,130,430.00
xss-reflected,placement,place=a1.0_p2.0,12,23,154,300,155,513.33
xss-reflected,placement,place=a1.0_p2.0,13,22,133,300,134,443.33
xss-reflected,placement,place=a1.0_p2.0,14,32,122,300,123,406.67
xss-reflected,placement,place=a1.0_p2.0,15,26,160,300,161,533.33
xss-reflected,placement,place=a1.0_p2.0,16,22,116,300,117,386.67
xss-reflected,placement,place=a1.0_p2.0,17,22,138,300,139,460.00
xss-reflected,placement,place=a1.0_p2.0,18,22,158,300,159,526.67
xss-reflected,placement,place=a1.0_p2.0,19,22,171,300,172,570.00
xss-reflected,placement,place=a1.0_p4.0,0,24,76,300,77,253.33
xss-reflected,placement,place=a1.0_p4.0,1,23,124,300,125,413.33
xss-reflected,placement,place=a1.0_p4.0,2,22,153,300,154,510.00
xss-reflected,placement,place=a1.0_p4.0,3,23,59,300,60,196.67
xss-reflected,placement,place=a1.0_p4.0,4,22,153,300,154,510.00
xss-reflected,placement,place=a1.0_p4.0,5,24,15,300,16,50.00
xss-reflected,placement,place=a1.0_p4.0,6,22,173,300,174,576.67
xss-reflected,placement,place=a1.0_p4.0,7,29,134,300,134,446.67
xss-reflected,placement,place=a1.0_p4.0,8,25,154,300,155,513.33
xss-reflected,placement,place=a1.0_p4.0,9,22,149,300,150,496.67
xss-reflected,placement,place=a1.0_p4.0,10,31,154,300,155,513.33
xss-reflected,placement,place=a1.0_p4.0,11,24,128,300,129,426.67
xss-reflected,placement,place=a1.0_p4.0,12,23,153,300,154,510.00
xss-reflected,placement,place=a1.0_p4.0,13,22,130,300,131,433.33
xss-reflected,placement,place=a1.0_p4.0,14,23,123,300,124,410.00
xss-reflected,placement,place=a1.0_p4.0,15,23,149,300,150,496.67
xss-reflected,placement,place=a1.0_p4.0,16,24,111,300,112,370.00
xss-reflected,placement,place=a1.0_p4.0,17,23,135,300,136,450.00
xss-reflected,placement,place=a1.0_p4.0,18,22,166,300,167,553.33
xss-reflected,placement,place=a1.0_p4.0,19,21,179,300,180,596.67
xss-reflected,placement,place=a2.0_p0.0,0,27,78,300,79,260.00
xss-reflected,placement,place=a2.0_p0.0,1,26,123,300,124,410.00
xss-reflected,placement,place=a2.0_p0.0,2,24,144,300,145,480.00
xss-reflected,placement,place=a2.0_p0.0,3,24,70,300,71,233.33
xss-reflected,placement,place=a2.0_p0.0,4,22,179,300,180,596.67
xss-reflected,placement,place=a2.0_p0.0,5,30,15,300,16,50.00
xss-reflected,placement,place=a2.0_p0.0,6,24,158,300,159,526.67
xss-reflected,placement,place=a2.0_p0.0,7,23,141,300,142,470.00
xss-reflected,placement,place=a2.0_p0.0,8,21,160,300,161,533.33
xss-reflected,placement,place=a2.0_p0.0,9,21,153,300,154,510.00
xss-reflected,placement,place=a2.0_p0.0,10,24,160,300,161,533.33
xss-reflected,placement,place=a2.0_p0.0,11,24,127,300,128,423.33
xss-reflected,placement,place=a2.0_p0.0,12,22,149,300,150,496.67
xss-reflected,placement,place=a2.0_p0.0,13,26,125,300,126,416.67
xss-reflected,placement,place=a2.0_p0.0,14,24,129,300,130,430.00
xss-reflected,placement,place=a2.0_p0.0,15,23,156,300,157,520.00
xss-reflected,placement,place=a2.0_p0.0,16,23,116,300,117,386.67
xss-reflected,placement,place=a2.0_p0.0,17,26,147,300,148,490.00
xss-reflected,placement,place=a2.0_p0.0,18,31,161,300,162,536.67
xss-reflected,placement,place=a2.0_p0.0,19,28,172,300,173,573.33
xss-reflected,placement,place=a2.0_p0.5,0,24,70,300,71,233.33
xss-reflected,placement,place=a2.0_p0.5,1,28,126,300,127,420.00
xss-reflected,placement,place=a2.0_p0.5,2,28,134,300,135,446.67
xss-reflected,placement,place=a2.0_p0.5,3,24,71,300,72,236.67
xss-reflected,placement,place=a2.0_p0.5,4,22,169,300,170,563.33
xss-reflected,placement,place=a2.0_p0.5,5,25,15,300,16,50.00
xss-reflected,placement,place=a2.0_p0.5,6,22,167,300,168,556.67
xss-reflected,placement,place=a2.0_p0.5,7,28,135,300,136,450.00
xss-reflected,placement,place=a2.0_p0.5,8,21,162,300,163,540.00
xss-reflected,placement,place=a2.0_p0.5,9,22,144,300,144,480.00
xss-reflected,placement,place=a2.0_p0.5,10,26,160,300,161,533.33
xss-reflected,placement,place=a2.0_p0.5,11,34,126,300,127,420.00
xss-reflected,placement,place=a2.0_p0.5,12,28,150,300,151,500.00
xss-reflected,placement,place=a2.0_p0.5,13,22,135,300,136,450.00
xss-reflected,placement,place=a2.0_p0.5,14,24,119,300,120,396.67
xss-reflected,placement,place=a2.0_p0.5,15,23,161,300,162,536.67
xss-reflected,placement,place=a2.0_p0.5,16,24,102,300,103,340.00
xss-reflected,placement,place=a2.0_p0.5,17,23,143,300,144,476.67
xss-reflected,placement,place=a2.0_p0.5,18,23,163,300,164,543.33
xss-reflected,placement,place=a2.0_p0.5,19,23,170,300,171,566.67
xss-reflected,placement,place=a2.0_p1.0,0,24,73,300,74,243.33
xss-reflected,placement,place=a2.0_p1.0,1,23,118,300,119,393.33
xss-reflected,placement,place=a2.0_p1.0,2,23,128,300,129,426.67
xss-reflected,placement,place=a2.0_p1.0,3,23,68,300,69,226.67
xss-reflected,placement,place=a2.0_p1.0,4,23,154,300,155,513.33
xss-reflected,placement,place=a2.0_p1.0,5,25,15,300,16,50.00
xss-reflected,placement,place=a2.0_p1.0,6,22,167,300,168,556.67
xss-reflected,placement,place=a2.0_p1.0,7,24,133,300,134,443.33
xss-reflected,placement,place=a2.0_p1.0,8,25,151,300,152,503.33
xss-reflected,placement,place=a2.0_p1.0,9,24,137,300,137,456.67
xss-reflected,placement,place=a2.0_p1.0,10,21,166,300,167,553.33
xss-reflected,placement,place=a2.0_p1.0,11,24,128,300,129,426.67
xss-reflected,placement,place=a2.0_p1.0,12,28,148,300,149,493.33
xss-reflected,placement,place=a2.0_p1.0,13,32,130,300,131,433.33
xss-reflected,placement,place=a2.0_p1.0,14,27,120,300,121,400.00
xss-reflected,placement,place=a2.0_p1.0,15,25,148,300,149,493.33
xss-reflected,placement,place=a2.0_p1.0,16,28,110,300,111,366.67
xss-reflected,placement,place=a2.0_p1.0,17,23,135,300,136,450.00
xss-reflected,placement,place=a2.0_p1.0,18,23,163,300,164,543.33
xss-reflected,placement,place=a2.0_p1.0,19,22,172,300,173,573.33
xss-reflected,placement,place=a2.0_p2.0,0,24,74,300,75,246.67
xss-reflected,placement,place=a2.0_p2.0,1,27,120,300,121,400.00
xss-reflected,placement,place=a2.0_p2.0,2,24,119,300,119,396.67
xss-reflected,placement,place=a2.0_p2.0,3,23,68,300,69,226.67
xss-reflected,placement,place=a2.0_p2.0,4,22,167,300,168,556.67
xss-reflected,placement,place=a2.0_p2.0,5,24,15,300,16,50.00
xss-reflected,placement,place=a2.0_p2.0,6,21,182,300,183,606.67
xss-reflected,placement,place=a2.0_p2.0,7,24,131,300,132,436.67
xss-reflected,placement,place=a2.0_p2.0,8,21,161,300,162,536.67
xss-reflected,placement,place=a2.0_p2.0,9,25,146,300,147,486.67
xss-reflected,placement,place=a2.0_p2.0,10,29,155,300,156,516.67
xss-reflected,placement,place=a2.0_p2.0,11,32,128,300,129,426.67
xss-reflected,placement,place=a2.0_p2.0,12,30,149,300,150,496.67
xss-reflected,placement,place=a2.0_p2.0,13,28,128,300,129,426.67
xss-reflected,placement,place=a2.0_p2.0,14,31,116,300,117,386.67
xss-reflected,placement,place=a2.0_p2.0,15,23,152,300,153,506.67
xss-reflected,placement,place=a2.0_p2.0,16,22,107,300,108,356.67
xss-reflected,placement,place=a2.0_p2.0,17,25,147,300,148,490.00
xss-reflected,placement,place=a2.0_p2.0,18,31,160,300,161,533.33
xss-reflected,placement,place=a2.0_p2.0,19,27,179,300,180,596.67
xss-reflected,placement,place=a2.0_p4.0,0,24,81,300,82,270.00
xss-reflected,placement,place=a2.0_p4.0,1,30,127,300,128,423.33
xss-reflected,placement,place=a2.0_p4.0,2,29,120,300,121,400.00
xss-reflected,placement,place=a2.0_p4.0,3,25,59,300,60,196.67
xss-reflected,placement,place=a2.0_p4.0,4,22,156,300,157,520.00
xss-reflected,placement,place=a2.0_p4.0,5,27,15,300,16,50.00
xss-reflected,placement,place=a2.0_p4.0,6,31,177,300,178,590.00
xss-reflected,placement,place=a2.0_p4.0,7,23,138,300,139,460.00
xss-reflected,placement,place=a2.0_p4.0,8,23,154,300,155,513.33
xss-reflected,placement,place=a2.0_p4.0,9,21,147,300,148,490.00
xss-reflected,placement,place=a2.0_p4.0,10,25,169,300,170,563.33
xss-reflected,placement,place=a2.0_p4.0,11,24,129,300,130,430.00
xss-reflected,placement,place=a2.0_p4.0,12,23,154,300,155,513.33
xss-reflected,placement,place=a2.0_p4.0,13,22,133,300,134,443.33
xss-reflected,placement,place=a2.0_p4.0,14,24,122,300,123,406.67
xss-reflected,placement,place=a2.0_p4.0,15,22,160,300,161,533.33
xss-reflected,placement,place=a2.0_p4.0,16,22,116,300,117,386.67
xss-reflected,placement,place=a2.0_p4.0,17,23,138,300,139,460.00
xss-reflected,placement,place=a2.0_p4.0,18,23,158,300,159,526.67
xss-reflected,placement,place=a2.0_p4.0,19,22,171,300,172,570.00
xss-reflected,placement,place=a4.0_p0.0,0,24,78,300,79,260.00
xss-reflected,placement,place=a4.0_p0.0,1,23,123,300,124,410.00
xss-reflected,placement,place=a4.0_p0.0,2,22,144,300,145,480.00
xss-reflected,placement,place=a4.0_p0.0,3,24,70,300,71,233.33
xss-reflected,placement,place=a4.0_p0.0,4,26,179,300,180,596.67
xss-reflected,placement,place=a4.0_p0.0,5,24,15,300,16,50.00
xss-reflected,placement,place=a4.0_p0.0,6,23,158,300,159,526.67
xss-reflected,placement,place=a4.0_p0.0,7,26,141,300,142,470.00
xss-reflected,placement,place=a4.0_p0.0,8,31,160,300,161,533.33
xss-reflected,placement,place=a4.0_p0.0,9,26,153,300,154,510.00
xss-reflected,placement,place=a4.0_p0.0,10,23,160,300,161,533.33
xss-reflected,placement,place=a4.0_p0.0,11,25,127,300,128,423.33
xss-reflected,placement,place=a4.0_p0.0,12,31,149,300,150,496.67
xss-reflected,placement,place=a4.0_p0.0,13,32,125,300,126,416.67
xss-reflected,placement,place=a4.0_p0.0,14,24,129,300,130,430.00
xss-reflected,placement,place=a4.0_p0.0,15,23,156,300,157,520.00
xss-reflected,placement,place=a4.0_p0.0,16,23,116,300,117,386.67
xss-reflected,placement,place=a4.0_p0.0,17,23,147,300,148,490.00
xss-reflected,placement,place=a4.0_p0.0,18,22,161,300,162,536.67
xss-reflected,placement,place=a4.0_p0.0,19,21,172,300,173,573.33
xss-reflected,placement,place=a4.0_p0.5,0,23,75,300,76,250.00
xss-reflected,placement,place=a4.0_p0.5,1,23,126,300,127,420.00
xss-reflected,placement,place=a4.0_p0.5,2,23,147,300,148,490.00
xss-reflected,placement,place=a4.0_p0.5,3,24,73,300,74,243.33
xss-reflected,placement,place=a4.0_p0.5,4,22,177,300,178,590.00
xss-reflected,placement,place=a4.0_p0.5,5,26,15,300,16,50.00
xss-reflected,placement,place=a4.0_p0.5,6,23,166,300,167,553.33
xss-reflected,placement,place=a4.0_p0.5,7,23,135,300,136,450.00
xss-reflected,placement,place=a4.0_p0.5,8,21,159,300,160,530.00
xss-reflected,placement,place=a4.0_p0.5,9,22,143,300,143,476.67
xss-reflected,placement,place=a4.0_p0.5,10,24,163,300,164,543.33
xss-reflected,placement,place=a4.0_p0.5,11,26,130,300,131,433.33
xss-reflected,placement,place=a4.0_p0.5,12,25,146,300,147,486.67
xss-reflected,placement,place=a4.0_p0.5,13,24,132,300,133,440.00
xss-reflected,placement,place=a4.0_p0.5,14,34,119,300,120,396.67
xss-reflected,placement,place=a4.0_p0.5,15,26,146,300,147,486.67
xss-reflected,placement,place=a4.0_p0.5,16,22,123,300,124,410.00
xss-reflected,placement,place=a4.0_p0.5,17,22,140,300,141,466.67
xss-reflected,placement,place=a4.0_p0.5,18,23,159,300,160,530.00
xss-reflected,placement,place=a4.0_p0.5,19,22,166,300,167,553.33
xss-reflected,placement,place=a4.0_p1.0,0,24,70,300,71,233.33
xss-reflected,placement,place=a4.0_p1.0,1,28,126,300,127,420.00
xss-reflected,placement,place=a4.0_p1.0,2,23,134,300,135,446.67
xss-reflected,placement,place=a4.0_p1.0,3,32,71,300,72,236.67
xss-reflected,placement,place=a4.0_p1.0,4,24,169,300,170,563.33
xss-reflected,placement,place=a4.0_p1.0,5,33,15,300,16,50.00
xss-reflected,placement,place=a4.0_p1.0,6,26,167,300,168,556.67
xss-reflected,placement,place=a4.0_p1.0,7,24,135,300,136,450.00
xss-reflected,placement,place=a4.0_p1.0,8,21,162,300,163,540.00
xss-reflected,placement,place=a4.0_p1.0,9,21,144,300,144,480.00
xss-reflected,placement,place=a4.0_p1.0,10,21,160,300,161,533.33
xss-reflected,placement,place=a4.0_p1.0,11,25,126,300,127,420.00
xss-reflected,placement,place=a4.0_p1.0,12,24,150,300,151,500.00
xss-reflected,placement,place=a4.0_p1.0,13,22,135,300,136,450.00
xss-reflected,placement,place=a4.0_p1.0,14,24,119,300,120,396.67
xss-reflected,placement,place=a4.0_p1.0,15,22,161,300,162,536.67
xss-reflected,placement,place=a4.0_p1.0,16,24,102,300,103,340.00
xss-reflected,placement,place=a4.0_p1.0,17,22,143,300,144,476.67
xss-reflected,placement,place=a4.0_p1.0,18,23,163,300,164,543.33
xss-reflected,placement,place=a4.0_p1.0,19,22,170,300,171,566.67
xss-reflected,placement,place=a4.0_p2.0,0,24,73,300,74,243.33
xss-reflected,placement,place=a4.0_p2.0,1,25,118,300,119,393.33
xss-reflected,placement,place=a4.0_p2.0,2,24,128,300,129,426.67
xss-reflected,placement,place=a4.0_p2.0,3,23,68,300,69,226.67
xss-reflected,placement,place=a4.0_p2.0,4,23,154,300,155,513.33
xss-reflected,placement,place=a4.0_p2.0,5,25,15,300,16,50.00
xss-reflected,placement,place=a4.0_p2.0,6,23,167,300,168,556.67
xss-reflected,placement,place=a4.0_p2.0,7,22,133,300,134,443.33
xss-reflected,placement,place=a4.0_p2.0,8,22,151,300,152,503.33
xss-reflected,placement,place=a4.0_p2.0,9,23,137,300,137,456.67
xss-reflected,placement,place=a4.0_p2.0,10,27,166,300,167,553.33
xss-reflected,placement,place=a4.0_p2.0,11,24,128,300,129,426.67
xss-reflected,placement,place=a4.0_p2.0,12,23,148,300,149,493.33
xss-reflected,placement,place=a4.0_p2.0,13,25,130,300,131,433.33
xss-reflected,placement,place=a4.0_p2.0,14,24,120,300,121,400.00
xss-reflected,placement,place=a4.0_p2.0,15,23,148,300,149,493.33
xss-reflected,placement,place=a4.0_p2.0,16,23,110,300,111,366.67
xss-reflected,placement,place=a4.0_p2.0,17,24,135,300,136,450.00
xss-reflected,placement,place=a4.0_p2.0,18,31,163,300,164,543.33
xss-reflected,placement,place=a4.0_p2.0,19,22,172,300,173,573.33
xss-reflected,placement,place=a4.0_p4.0,0,24,74,300,75,246.67
xss-reflected,placement,place=a4.0_p4.0,1,23,120,300,121,400.00
xss-reflected,placement,place=a4.0_p4.0,2,24,119,300,119,396.67
xss-reflected,placement,place=a4.0_p4.0,3,23,68,300,69,226.67
xss-reflected,placement,place=a4.0_p4.0,4,22,167,300,168,556.67
xss-reflected,placement,place=a4.0_p4.0,5,29,15,300,16,50.00
xss-reflected,placement,place=a4.0_p4.0,6,32,182,300,183,606.67
xss-reflected,placement,place=a4.0_p4.0,7,26,131,300,132,436.67
xss-reflected,placement,place=a4.0_p4.0,8,21,161,300,162,536.67
xss-reflected,placement,place=a4.0_p4.0,9,22,146,300,147,486.67
xss-reflected,placement,place=a4.0_p4.0,10,21,155,300,156,516.67
xss-reflected,placement,place=a4.0_p4.0,11,28,128,300,129,426.67
xss-reflected,placement,place=a4.0_p4.0,12,23,149,300,150,496.67
xss-reflected,placement,place=a4.0_p4.0,13,25,128,300,129,426.67
xss-reflected,placement,place=a4.0_p4.0,14,28,116,300,117,386.67
xss-reflected,placement,place=a4.0_p4.0,15,32,152,300,153,506.67
xss-reflected,placement,place=a4.0_p4.0,16,26,107,300,108,356.67
xss-reflected,placement,place=a4.0_p4.0,17,22,147,300,148,490.00
xss-reflected,placement,place=a4.0_p4.0,18,23,160,300,161,533.33
xss-reflected,placement,place=a4.0_p4.0,19,25,179,300,180,596.67
xss-reflected,placement,place=default,0,34,83,300,84,276.67
xss-reflected,placement,place=default,1,26,123,300,124,410.00
xss-reflected,placement,place=default,2,26,130,300,131,433.33
xss-reflected,placement,place=default,3,25,60,300,61,200.00
xss-reflected,placement,place=default,4,23,162,300,163,540.00
xss-reflected,placement,place=default,5,25,15,300,16,50.00
xss-reflected,placement,place=default,6,22,172,300,173,573.33
xss-reflected,placement,place=default,7,24,131,300,132,436.67
xss-reflected,placement,place=default,8,23,158,300,159,526.67
xss-reflected,placement,place=default,9,22,140,300,141,466.67
xss-reflected,placement,place=default,10,22,161,300,162,536.67
xss-reflected,placement,place=default,11,28,119,300,120,396.67
xss-reflected,placement,place=default,12,30,156,300,157,520.00
xss-reflected,placement,place=default,13,26,131,300,132,436.67
xss-reflected,placement,place=default,14,24,111,300,112,370.00
xss-reflected,placement,place=default,15,23,145,300,146,483.33
xss-reflected,placement,place=default,16,23,118,300,119,393.33
xss-reflected,placement,place=default,17,23,145,300,146,483.33
xss-reflected,placement,place=default,18,22,166,300,167,553.33
xss-reflected,placement,place=default,19,23,173,300,174,576.67
xss-reflected,placement,place=wrap,0,33,74,300,75,246.67
xss-reflected,placement,place=wrap,1,29,119,300,120,396.67
xss-reflected,placement,place=wrap,2,25,130,300,131,433.33
xss-reflected,placement,place=wrap,3,26,72,300,73,240.00
xss-reflected,placement,place=wrap,4,23,163,300,164,543.33
xss-reflected,placement,place=wrap,5,27,15,300,16,50.00
xss-reflected,placement,place=wrap,6,24,157,300,158,523.33
xss-reflected,placement,place=wrap,7,27,130,300,131,433.33
xss-reflected,placement,place=wrap,8,26,159,300,160,530.00
xss-reflected,placement,place=wrap,9,26,149,300,150,496.67
xss-reflected,placement,place=wrap,10,26,166,300,167,553.33
xss-reflected,placement,place=wrap,11,25,118,300,119,393.33
xss-reflected,placement,place=wrap,12,23,149,300,150,496.67
xss-reflected,placement,place=wrap,13,27,127,300,128,423.33
xss-reflected,placement,place=wrap,14,31,125,300,125,416.67
xss-reflected,placement,place=wrap,15,27,146,300,147,486.67
xss-reflected,placement,place=wrap,16,24,130,300,131,433.33
xss-reflected,placement,place=wrap,17,24,136,300,137,453.33
xss-reflected,placement,place=wrap,18,26,156,300,157,520.00
xss-reflected,placement,place=wrap,19,27,176,300,176,586.67
xss-reflected,placement,place=wrap+b,0,26,78,300,79,260.00
xss-reflected,placement,place=wrap+b,1,25,120,300,121,400.00
xss-reflected,placement,place=wrap+b,2,24,126,300,127,420.00
xss-reflected,placement,place=wrap+b,3,25,76,300,77,253.33
xss-reflected,placement,place=wrap+b,4,22,170,300,171,566.67
xss-reflected,placement,place=wrap+b,5,25,15,300,16,50.00
xss-reflected,placement,place=wrap+b,6,23,171,300,172,570.00
xss-reflected,placement,place=wrap+b,7,24,144,300,145,480.00
xss-reflected,placement,place=wrap+b,8,22,163,300,164,543.33
xss-reflected,placement,place=wrap+b,9,23,154,300,155,513.33
xss-reflected,placement,place=wrap+b,10,23,173,300,174,576.67
xss-reflected,placement,place=wrap+b,11,26,136,300,137,453.33
xss-reflected,placement,place=wrap+b,12,30,145,300,146,483.33
xss-reflected,placement,place=wrap+b,13,24,137,300,138,456.67
xss-reflected,placement,place=wrap+b,14,34,126,300,127,420.00
xss-reflected,placement,place=wrap+b,15,34,152,300,153,506.67
xss-reflected,placement,place=wrap+b,16,23,112,300,113,373.33
xss-reflected,placement,place=wrap+b,17,23,138,300,139,460.00
xss-reflected,placement,place=wrap+b,18,23,162,300,163,540.00
xss-reflected,placement,place=wrap+b,19,25,183,300,184,610.00
xss-reflected,ops,ops=1,0,23,128,300,129,426.67
xss-reflected,ops,ops=1,1,22,188,300,189,626.67
xss-reflected,ops,ops=1,2,21,117,300,118,390.00
xss-reflected,ops,ops=1,3,21,169,300,170,563.33
xss-reflected,ops,ops=1,4,22,101,300,102,336.67
xss-reflected,ops,ops=1,5,23,73,300,74,243.33
xss-reflected,ops,ops=1,6,22,130,300,131,433.33
xss-reflected,ops,ops=1,7,25,0,300,1,0.00
xss-reflected,ops,ops=1,8,23,66,300,67,220.00
xss-reflected,ops,ops=1,9,24,0,300,1,0.00
xss-reflected,ops,ops=1,10,21,158,300,158,526.67
xss-reflected,ops,ops=1,11,25,8,300,9,26.67
xss-reflected,ops,ops=1,12,25,4,300,5,13.33
xss-reflected,ops,ops=1,13,25,152,300,153,506.67
xss-reflected,ops,ops=1,14,21,205,300,206,683.33
xss-reflected,ops,ops=1,15,21,167,300,168,556.67
xss-reflected,ops,ops=1,16,26,65,300,64,216.67
xss-reflected,ops,ops=1,17,21,190,300,191,633.33
xss-reflected,ops,ops=1,18,23,64,300,65,213.33
xss-reflected,ops,ops=1,19,20,195,300,195,650.00
xss-reflected,ops,ops=2,0,23,155,300,156,516.67
xss-reflected,ops,ops=2,1,25,71,300,72,236.67
xss-reflected,ops,ops=2,2,23,145,300,146,483.33
xss-reflected,ops,ops=2,3,22,114,300,115,380.00
xss-reflected,ops,ops=2,4,24,0,300,1,0.00
xss-reflected,ops,ops=2,5,22,157,300,158,523.33
xss-reflected,ops,ops=2,6,23,195,300,196,650.00
xss-reflected,ops,ops=2,7,23,92,300,93,306.67
xss-reflected,ops,ops=2,8,24,42,300,43,140.00
xss-reflected,ops,ops=2,9,22,111,300,112,370.00
xss-reflected,ops,ops=2,10,23,98,300,99,326.67
xss-reflected,ops,ops=2,11,23,104,300,105,346.67
xss-reflected,ops,ops=2,12,22,74,300,75,246.67
xss-reflected,ops,ops=2,13,21,181,300,182,603.33
xss-reflected,ops,ops=2,14,22,175,300,176,583.33
xss-reflected,ops,ops=2,15,25,191,300,192,636.67
xss-reflected,ops,ops=2,16,25,84,300,85,280.00
xss-reflected,ops,ops=2,17,21,196,300,197,653.33
xss-reflected,ops,ops=2,18,24,132,300,133,440.00
xss-reflected,ops,ops=2,19,22,174,300,175,580.00
xss-reflected,ops,ops=4,0,23,83,300,84,276.67
xss-reflected,ops,ops=4,1,24,123,300,124,410.00
xss-reflected,ops,ops=4,2,27,130,300,131,433.33
xss-reflected,ops,ops=4,3,24,60,300,61,200.00
xss-reflected,ops,ops=4,4,27,162,300,163,540.00
xss-reflected,ops,ops=4,5,25,15,300,16,50.00
xss-reflected,ops,ops=4,6,22,172,300,173,573.33
xss-reflected,ops,ops=4,7,23,131,300,132,436.67
xss-reflected,ops,ops=4,8,25,158,300,159,526.67
xss-reflected,ops,ops=4,9,32,140,300,141,466.67
xss-reflected,ops,ops=4,10,31,161,300,162,536.67
xss-reflected,ops,ops=4,11,24,119,300,120,396.67
xss-reflected,ops,ops=4,12,26,156,300,157,520.00
xss-reflected,ops,ops=4,13,32,131,300,132,436.67
xss-reflected,ops,ops=4,14,24,111,300,112,370.00
xss-reflected,ops,ops=4,15,32,145,300,146,483.33
xss-reflected,ops,ops=4,16,35,118,300,119,393.33
xss-reflected,ops,ops=4,17,28,145,300,146,483.33
xss-reflected,ops,ops=4,18,24,166,300,167,553.33
xss-reflected,ops,ops=4,19,26,173,300,174,576.67
xss-reflected,ops,ops=8,0,30,135,300,136,450.00
xss-reflected,ops,ops=8,1,26,149,300,150,496.67
xss-reflected,ops,ops=8,2,23,124,300,125,413.33
xss-reflected,ops,ops=8,3,23,160,300,161,533.33
xss-reflected,ops,ops=8,4,23,181,300,182,603.33
xss-reflected,ops,ops=8,5,28,96,300,97,320.00
xss-reflected,ops,ops=8,6,23,145,300,146,483.33
xss-reflected,ops,ops=8,7,24,99,300,100,330.00
xss-reflected,ops,ops=8,8,27,135,300,136,450.00
xss-reflected,ops,ops=8,9,24,95,300,96,316.67
xss-reflected,ops,ops=8,10,25,130,300,130,433.33
xss-reflected,ops,ops=8,11,25,49,300,50,163.33
xss-reflected,ops,ops=8,12,29,6,300,7,20.00
xss-reflected,ops,ops=8,13,25,93,300,94,310.00
xss-reflected,ops,ops=8,14,24,170,300,171,566.67
xss-reflected,ops,ops=8,15,25,161,300,162,536.67
xss-reflected,ops,ops=8,16,29,100,300,101,333.33
xss-reflected,ops,ops=8,17,29,150,300,151,500.00
xss-reflected,ops,ops=8,18,26,142,300,143,473.33
xss-reflected,ops,ops=8,19,28,190,300,191,633.33
xss-reflected,ops,ops=16,0,26,130,300,131,433.33
xss-reflected,ops,ops=16,1,30,141,300,142,470.00
xss-reflected,ops,ops=16,2,27,140,300,141,466.67
xss-reflected,ops,ops=16,3,26,138,300,139,460.00
xss-reflected,ops,ops=16,4,36,150,300,151,500.00
xss-reflected,ops,ops=16,5,28,0,300,1,0.00
xss-reflected,ops,ops=16,6,28,140,300,141,466.67
xss-reflected,ops,ops=16,7,27,130,300,131,433.33
xss-reflected,ops,ops=16,8,39,124,300,125,413.33
xss-reflected,ops,ops=16,9,34,79,300,80,263.33
xss-reflected,ops,ops=16,10,24,150,300,151,500.00
xss-reflected,ops,ops=16,11,28,138,300,139,460.00
xss-reflected,ops,ops=16,12,30,86,300,87,286.67
xss-reflected,ops,ops=16,13,29,122,300,123,406.67
xss-reflected,ops,ops=16,14,28,156,300,157,520.00
xss-reflected,ops,ops=16,15,31,0,300,1,0.00
xss-reflected,ops,ops=16,16,28,0,300,1,0.00
xss-reflected,ops,ops=16,17,29,153,300,154,510.00
xss-reflected,ops,ops=16,18,31,145,300,146,483.33
xss-reflected,ops,ops=16,19,27,121,300,122,403.33
xss-reflected,feedback,fb=default,0,26,83,300,84,276.67
xss-reflected,feedback,fb=default,1,23,123,300,124,410.00
xss-reflected,feedback,fb=default,2,31,130,300,131,433.33
xss-reflected,feedback,fb=default,3,29,60,300,61,200.00
xss-reflected,feedback,fb=default,4,22,162,300,163,540.00
xss-reflected,feedback,fb=default,5,24,15,300,16,50.00
xss-reflected,feedback,fb=default,6,27,172,300,173,573.33
xss-reflected,feedback,fb=default,7,27,131,300,132,436.67
xss-reflected,feedback,fb=default,8,24,158,300,159,526.67
xss-reflected,feedback,fb=default,9,23,140,300,141,466.67
xss-reflected,feedback,fb=default,10,33,161,300,162,536.67
xss-reflected,feedback,fb=default,11,32,119,300,120,396.67
xss-reflected,feedback,fb=default,12,22,156,300,157,520.00
xss-reflected,feedback,fb=default,13,22,131,300,132,436.67
xss-reflected,feedback,fb=default,14,32,111,300,112,370.00
xss-reflected,feedback,fb=default,15,27,145,300,146,483.33
xss-reflected,feedback,fb=default,16,23,118,300,119,393.33
xss-reflected,feedback,fb=default,17,23,145,300,146,483.33
xss-reflected,feedback,fb=default,18,22,166,300,167,553.33
xss-reflected,feedback,fb=default,19,24,173,300,174,576.67
xss-reflected,feedback,fb=flat3,0,25,84,300,85,280.00
xss-reflected,feedback,fb=flat3,1,23,136,300,137,453.33
xss-reflected,feedback,fb=flat3,2,22,130,300,130,433.33
xss-reflected,feedback,fb=flat3,3,34,69,300,70,230.00
xss-reflected,feedback,fb=flat3,4,26,169,300,170,563.33
xss-reflected,feedback,fb=flat3,5,24,15,300,16,50.00
xss-reflected,feedback,fb=flat3,6,27,181,300,182,603.33
xss-reflected,feedback,fb=flat3,7,25,140,300,141,466.67
xss-reflected,feedback,fb=flat3,8,22,159,300,160,530.00
xss-reflected,feedback,fb=flat3,9,22,146,300,147,486.67
xss-reflected,feedback,fb=flat3,10,27,163,300,164,543.33
xss-reflected,feedback,fb=flat3,11,24,115,300,116,383.33
xss-reflected,feedback,fb=flat3,12,22,151,300,152,503.33
xss-reflected,feedback,fb=flat3,13,23,134,300,135,446.67
xss-reflected,feedback,fb=flat3,14,24,113,300,114,376.67
xss-reflected,feedback,fb=flat3,15,24,141,300,142,470.00
xss-reflected,feedback,fb=flat3,16,23,106,300,107,353.33
xss-reflected,feedback,fb=flat3,17,22,135,300,136,450.00
xss-reflected,feedback,fb=flat3,18,21,152,300,153,506.67
xss-reflected,feedback,fb=flat3,19,28,189,300,190,630.00
xss-reflected,feedback,fb=flat6,0,25,70,300,71,233.33
xss-reflected,feedback,fb=flat6,1,24,136,300,137,453.33
xss-reflected,feedback,fb=flat6,2,22,131,300,132,436.67
xss-reflected,feedback,fb=flat6,3,24,73,300,74,243.33
xss-reflected,feedback,fb=flat6,4,24,177,300,178,590.00
xss-reflected,feedback,fb=flat6,5,25,16,300,17,53.33
xss-reflected,feedback,fb=flat6,6,24,172,300,173,573.33
xss-reflected,feedback,fb=flat6,7,24,150,300,151,500.00
xss-reflected,feedback,fb=flat6,8,29,157,300,158,523.33
xss-reflected,feedback,fb=flat6,9,24,144,300,145,480.00
xss-reflected,feedback,fb=flat6,10,21,177,300,178,590.00
xss-reflected,feedback,fb=flat6,11,24,123,300,124,410.00
xss-reflected,feedback,fb=flat6,12,22,171,300,172,570.00
xss-reflected,feedback,fb=flat6,13,24,125,300,126,416.67
xss-reflected,feedback,fb=flat6,14,27,114,300,115,380.00
xss-reflected,feedback,fb=flat6,15,23,145,300,146,483.33
xss-reflected,feedback,fb=flat6,16,23,121,300,122,403.33
xss-reflected,feedback,fb=flat6,17,25,138,300,139,460.00
xss-reflected,feedback,fb=flat6,18,24,153,300,154,510.00
xss-reflected,feedback,fb=flat6,19,23,172,300,173,573.33
xss-reflected,feedback,fb=compressed,0,25,79,300,80,263.33
xss-reflected,feedback,fb=compressed,1,29,146,300,147,486.67
xss-reflected,feedback,fb=compressed,2,30,132,300,133,440.00
xss-reflected,feedback,fb=compressed,3,25,74,300,75,246.67
xss-reflected,feedback,fb=compressed,4,24,175,300,176,583.33
xss-reflected,feedback,fb=compressed,5,24,13,300,14,43.33
xss-reflected,feedback,fb=compressed,6,29,187,300,188,623.33
xss-reflected,feedback,fb=compressed,7,32,129,300,130,430.00
xss-reflected,feedback,fb=compressed,8,25,161,300,162,536.67
xss-reflected,feedback,fb=compressed,9,23,145,300,146,483.33
xss-reflected,feedback,fb=compressed,10,29,155,300,155,516.67
xss-reflected,feedback,fb=compressed,11,23,120,300,121,400.00
xss-reflected,feedback,fb=compressed,12,22,171,300,172,570.00
xss-reflected,feedback,fb=compressed,13,22,127,300,128,423.33
xss-reflected,feedback,fb=compressed,14,23,132,300,133,440.00
xss-reflected,feedback,fb=compressed,15,24,148,300,149,493.33
xss-reflected,feedback,fb=compressed,16,26,112,300,113,373.33
xss-reflected,feedback,fb=compressed,17,23,150,300,151,500.00
xss-reflected,feedback,fb=compressed,18,23,173,300,174,576.67
xss-reflected,feedback,fb=compressed,19,24,175,300,176,583.33
xss-reflected,feedback,fb=expanded,0,25,79,300,80,263.33
xss-reflected,feedback,fb=expanded,1,24,131,300,132,436.67
xss-reflected,feedback,fb=expanded,2,26,122,300,123,406.67
xss-reflected,feedback,fb=expanded,3,25,77,300,78,256.67
xss-reflected,feedback,fb=expanded,4,23,171,300,172,570.00
xss-reflected,feedback,fb=expanded,5,26,13,300,14,43.33
xss-reflected,feedback,fb=expanded,6,23,163,300,164,543.33
xss-reflected,feedback,fb=expanded,7,25,143,300,144,476.67
xss-reflected,feedback,fb=expanded,8,24,169,300,170,563.33
xss-reflected,feedback,fb=expanded,9,23,143,300,144,476.67
xss-reflected,feedback,fb=expanded,10,25,170,300,171,566.67
xss-reflected,feedback,fb=expanded,11,24,128,300,129,426.67
xss-reflected,feedback,fb=expanded,12,22,165,300,166,550.00
xss-reflected,feedback,fb=expanded,13,23,134,300,135,446.67
xss-reflected,feedback,fb=expanded,14,26,123,300,124,410.00
xss-reflected,feedback,fb=expanded,15,23,149,300,150,496.67
xss-reflected,feedback,fb=expanded,16,24,118,300,119,393.33
xss-reflected,feedback,fb=expanded,17,23,138,300,139,460.00
xss-reflected,feedback,fb=expanded,18,24,144,300,145,480.00
xss-reflected,feedback,fb=expanded,19,28,182,300,183,606.67
xss-reflected,feedback,fb=status>error,0,26,83,300,84,276.67
xss-reflected,feedback,fb=status>error,1,24,123,300,124,410.00
xss-reflected,feedback,fb=status>error,2,24,130,300,131,433.33
xss-reflected,feedback,fb=status>error,3,26,60,300,61,200.00
xss-reflected,feedback,fb=status>error,4,23,162,300,163,540.00
xss-reflected,feedback,fb=status>error,5,25,15,300,16,50.00
xss-reflected,feedback,fb=status>error,6,22,172,300,173,573.33
xss-reflected,feedback,fb=status>error,7,29,131,300,132,436.67
xss-reflected,feedback,fb=status>error,8,22,158,300,159,526.67
xss-reflected,feedback,fb=status>error,9,23,140,300,141,466.67
xss-reflected,feedback,fb=status>error,10,23,161,300,162,536.67
xss-reflected,feedback,fb=status>error,11,33,119,300,120,396.67
xss-reflected,feedback,fb=status>error,12,22,156,300,157,520.00
xss-reflected,feedback,fb=status>error,13,28,131,300,132,436.67
xss-reflected,feedback,fb=status>error,14,33,111,300,112,370.00
xss-reflected,feedback,fb=status>error,15,23,145,300,146,483.33
xss-reflected,feedback,fb=status>error,16,26,118,300,119,393.33
xss-reflected,feedback,fb=status>error,17,33,145,300,146,483.33
xss-reflected,feedback,fb=status>error,18,23,166,300,167,553.33
xss-reflected,feedback,fb=status>error,19,22,173,300,174,576.67
xss-reflected,feedback,fb=bodydiff+,0,24,83,300,84,276.67
xss-reflected,feedback,fb=bodydiff+,1,29,123,300,124,410.00
xss-reflected,feedback,fb=bodydiff+,2,33,130,300,131,433.33
xss-reflected,feedback,fb=bodydiff+,3,25,60,300,61,200.00
xss-reflected,feedback,fb=bodydiff+,4,24,162,300,163,540.00
xss-reflected,feedback,fb=bodydiff+,5,27,15,300,16,50.00
xss-reflected,feedback,fb=bodydiff+,6,23,172,300,173,573.33
xss-reflected,feedback,fb=bodydiff+,7,23,131,300,132,436.67
xss-reflected,feedback,fb=bodydiff+,8,23,158,300,159,526.67
xss-reflected,feedback,fb=bodydiff+,9,23,140,300,141,466.67
xss-reflected,feedback,fb=bodydiff+,10,32,161,300,162,536.67
xss-reflected,feedback,fb=bodydiff+,11,24,119,300,120,396.67
xss-reflected,feedback,fb=bodydiff+,12,22,156,300,157,520.00
xss-reflected,feedback,fb=bodydiff+,13,22,131,300,132,436.67
xss-reflected,feedback,fb=bodydiff+,14,23,111,300,112,370.00
xss-reflected,feedback,fb=bodydiff+,15,24,145,300,146,483.33
xss-reflected,feedback,fb=bodydiff+,16,22,118,300,119,393.33
xss-reflected,feedback,fb=bodydiff+,17,25,145,300,146,483.33
xss-reflected,feedback,fb=bodydiff+,18,24,166,300,167,553.33
xss-reflected,feedback,fb=bodydiff+,19,23,173,300,174,576.67
xss-reflected,feedback,fb=strict,0,24,83,300,84,276.67
xss-reflected,feedback,fb=strict,1,23,123,300,124,410.00
xss-reflected,feedback,fb=strict,2,25,130,300,131,433.33
xss-reflected,feedback,fb=strict,3,34,60,300,61,200.00
xss-reflected,feedback,fb=strict,4,29,162,300,163,540.00
xss-reflected,feedback,fb=strict,5,26,15,300,16,50.00
xss-reflected,feedback,fb=strict,6,22,172,300,173,573.33
xss-reflected,feedback,fb=strict,7,23,131,300,132,436.67
xss-reflected,feedback,fb=strict,8,23,158,300,159,526.67
xss-reflected,feedback,fb=strict,9,22,140,300,141,466.67
xss-reflected,feedback,fb=strict,10,24,161,300,162,536.67
xss-reflected,feedback,fb=strict,11,29,119,300,120,396.67
xss-reflected,feedback,fb=strict,12,30,156,300,157,520.00
xss-reflected,feedback,fb=strict,13,23,131,300,132,436.67
xss-reflected,feedback,fb=strict,14,23,111,300,112,370.00
xss-reflected,feedback,fb=strict,15,23,145,300,146,483.33
xss-reflected,feedback,fb=strict,16,28,118,300,119,393.33
xss-reflected,feedback,fb=strict,17,25,145,300,146,483.33
xss-reflected,feedback,fb=strict,18,23,166,300,167,553.33
xss-reflected,feedback,fb=strict,19,22,173,300,174,576.67
xss-reflected,min_score,minscore=1,0,33,83,300,84,276.67
xss-reflected,min_score,minscore=1,1,23,123,300,124,410.00
xss-reflected,min_score,minscore=1,2,24,130,300,131,433.33
xss-reflected,min_score,minscore=1,3,24,60,300,61,200.00
xss-reflected,min_score,minscore=1,4,29,162,300,163,540.00
xss-reflected,min_score,minscore=1,5,24,15,300,16,50.00
xss-reflected,min_score,minscore=1,6,22,172,300,173,573.33
xss-reflected,min_score,minscore=1,7,26,131,300,132,436.67
xss-reflected,min_score,minscore=1,8,25,158,300,159,526.67
xss-reflected,min_score,minscore=1,9,29,140,300,141,466.67
xss-reflected,min_score,minscore=1,10,22,161,300,162,536.67
xss-reflected,min_score,minscore=1,11,24,119,300,120,396.67
xss-reflected,min_score,minscore=1,12,22,156,300,157,520.00
xss-reflected,min_score,minscore=1,13,23,131,300,132,436.67
xss-reflected,min_score,minscore=1,14,24,111,300,112,370.00
xss-reflected,min_score,minscore=1,15,23,145,300,146,483.33
xss-reflected,min_score,minscore=1,16,23,118,300,119,393.33
xss-reflected,min_score,minscore=1,17,29,145,300,146,483.33
xss-reflected,min_score,minscore=1,18,30,166,300,167,553.33
xss-reflected,min_score,minscore=1,19,26,173,300,174,576.67
xss-reflected,min_score,minscore=2,0,27,83,300,84,276.67
xss-reflected,min_score,minscore=2,1,23,123,300,124,410.00
xss-reflected,min_score,minscore=2,2,24,130,300,131,433.33
xss-reflected,min_score,minscore=2,3,24,60,300,61,200.00
xss-reflected,min_score,minscore=2,4,22,162,300,163,540.00
xss-reflected,min_score,minscore=2,5,24,15,300,16,50.00
xss-reflected,min_score,minscore=2,6,23,172,300,173,573.33
xss-reflected,min_score,minscore=2,7,24,131,300,132,436.67
xss-reflected,min_score,minscore=2,8,23,158,300,159,526.67
xss-reflected,min_score,minscore=2,9,23,140,300,141,466.67
xss-reflected,min_score,minscore=2,10,26,161,300,162,536.67
xss-reflected,min_score,minscore=2,11,26,119,300,120,396.67
xss-reflected,min_score,minscore=2,12,22,156,300,157,520.00
xss-reflected,min_score,minscore=2,13,22,131,300,132,436.67
xss-reflected,min_score,minscore=2,14,30,111,300,112,370.00
xss-reflected,min_score,minscore=2,15,31,145,300,146,483.33
xss-reflected,min_score,minscore=2,16,23,118,300,119,393.33
xss-reflected,min_score,minscore=2,17,22,145,300,146,483.33
xss-reflected,min_score,minscore=2,18,27,166,300,167,553.33
xss-reflected,min_score,minscore=2,19,27,173,300,174,576.67
xss-reflected,min_score,minscore=3,0,23,83,300,84,276.67
xss-reflected,min_score,minscore=3,1,23,123,300,124,410.00
xss-reflected,min_score,minscore=3,2,23,130,300,131,433.33
xss-reflected,min_score,minscore=3,3,25,60,300,61,200.00
xss-reflected,min_score,minscore=3,4,22,162,300,163,540.00
xss-reflected,min_score,minscore=3,5,24,15,300,16,50.00
xss-reflected,min_score,minscore=3,6,22,172,300,173,573.33
xss-reflected,min_score,minscore=3,7,28,131,300,132,436.67
xss-reflected,min_score,minscore=3,8,24,158,300,159,526.67
xss-reflected,min_score,minscore=3,9,22,140,300,141,466.67
xss-reflected,min_score,minscore=3,10,22,161,300,162,536.67
xss-reflected,min_score,minscore=3,11,24,119,300,120,396.67
xss-reflected,min_score,minscore=3,12,24,156,300,157,520.00
xss-reflected,min_score,minscore=3,13,23,131,300,132,436.67
xss-reflected,min_score,minscore=3,14,23,111,300,112,370.00
xss-reflected,min_score,minscore=3,15,23,145,300,146,483.33
xss-reflected,min_score,minscore=3,16,30,118,300,119,393.33
xss-reflected,min_score,minscore=3,17,25,145,300,146,483.33
xss-reflected,min_score,minscore=3,18,22,166,300,167,553.33
xss-reflected,min_score,minscore=3,19,27,173,300,174,576.67
xss-reflected,min_score,minscore=4,0,30,83,300,84,276.67
xss-reflected,min_score,minscore=4,1,24,123,300,124,410.00
xss-reflected,min_score,minscore=4,2,24,130,300,131,433.33
xss-reflected,min_score,minscore=4,3,30,60,300,61,200.00
xss-reflected,min_score,minscore=4,4,32,162,300,163,540.00
xss-reflected,min_score,minscore=4,5,25,15,300,16,50.00
xss-reflected,min_score,minscore=4,6,22,172,300,173,573.33
xss-reflected,min_score,minscore=4,7,23,131,300,132,436.67
xss-reflected,min_score,minscore=4,8,29,158,300,159,526.67
xss-reflected,min_score,minscore=4,9,24,140,300,141,466.67
xss-reflected,min_score,minscore=4,10,24,161,300,162,536.67
xss-reflected,min_score,minscore=4,11,32,119,300,120,396.67
xss-reflected,min_score,minscore=4,12,27,156,300,157,520.00
xss-reflected,min_score,minscore=4,13,25,131,300,132,436.67
xss-reflected,min_score,minscore=4,14,23,111,300,112,370.00
xss-reflected,min_score,minscore=4,15,23,145,300,146,483.33
xss-reflected,min_score,minscore=4,16,28,118,300,119,393.33
xss-reflected,min_score,minscore=4,17,30,145,300,146,483.33
xss-reflected,min_score,minscore=4,18,23,166,300,167,553.33
xss-reflected,min_score,minscore=4,19,22,173,300,174,576.67
xss-reflected,min_score,minscore=5,0,25,0,300,1,0.00
xss-reflected,min_score,minscore=5,1,26,0,300,1,0.00
xss-reflected,min_score,minscore=5,2,25,0,300,1,0.00
xss-reflected,min_score,minscore=5,3,25,0,300,1,0.00
xss-reflected,min_score,minscore=5,4,25,0,300,1,0.00
xss-reflected,min_score,minscore=5,5,25,0,300,1,0.00
xss-reflected,min_score,minscore=5,6,26,0,300,1,0.00
xss-reflected,min_score,minscore=5,7,24,0,300,1,0.00
xss-reflected,min_score,minscore=5,8,25,0,300,1,0.00
xss-reflected,min_score,minscore=5,9,24,0,300,1,0.00
xss-reflected,min_score,minscore=5,10,25,0,300,1,0.00
xss-reflected,min_score,minscore=5,11,25,0,300,1,0.00
xss-reflected,min_score,minscore=5,12,25,0,300,1,0.00
xss-reflected,min_score,minscore=5,13,28,0,300,1,0.00
xss-reflected,min_score,minscore=5,14,26,0,300,1,0.00
xss-reflected,min_score,minscore=5,15,26,0,300,1,0.00
xss-reflected,min_score,minscore=5,16,25,0,300,1,0.00
xss-reflected,min_score,minscore=5,17,30,0,300,1,0.00
xss-reflected,min_score,minscore=5,18,28,0,300,1,0.00
xss-reflected,min_score,minscore=5,19,27,0,300,1,0.00
xss-reflected,min_score,minscore=6,0,30,0,300,1,0.00
xss-reflected,min_score,minscore=6,1,29,0,300,1,0.00
xss-reflected,min_score,minscore=6,2,26,0,300,1,0.00
xss-reflected,min_score,minscore=6,3,25,0,300,1,0.00
xss-reflected,min_score,minscore=6,4,26,0,300,1,0.00
xss-reflected,min_score,minscore=6,5,25,0,300,1,0.00
xss-reflected,min_score,minscore=6,6,26,0,300,1,0.00
xss-reflected,min_score,minscore=6,7,25,0,300,1,0.00
xss-reflected,min_score,minscore=6,8,25,0,300,1,0.00
xss-reflected,min_score,minscore=6,9,25,0,300,1,0.00
xss-reflected,min_score,minscore=6,10,29,0,300,1,0.00
xss-reflected,min_score,minscore=6,11,26,0,300,1,0.00
xss-reflected,min_score,minscore=6,12,26,0,300,1,0.00
xss-reflected,min_score,minscore=6,13,29,0,300,1,0.00
xss-reflected,min_score,minscore=6,14,30,0,300,1,0.00
xss-reflected,min_score,minscore=6,15,26,0,300,1,0.00
xss-reflected,min_score,minscore=6,16,25,0,300,1,0.00
xss-reflected,min_score,minscore=6,17,25,0,300,1,0.00
xss-reflected,min_score,minscore=6,18,25,0,300,1,0.00
xss-reflected,min_score,minscore=6,19,26,0,300,1,0.00
xss-reflected,stop_prob,stop=0.10_min1,0,38,36,300,37,120.00
xss-reflected,stop_prob,stop=0.10_min1,1,26,95,300,96,316.67
xss-reflected,stop_prob,stop=0.10_min1,2,37,103,300,104,343.33
xss-reflected,stop_prob,stop=0.10_min1,3,30,67,300,68,223.33
xss-reflected,stop_prob,stop=0.10_min1,4,28,147,300,148,490.00
xss-reflected,stop_prob,stop=0.10_min1,5,28,22,300,23,73.33
xss-reflected,stop_prob,stop=0.10_min1,6,28,153,300,154,510.00
xss-reflected,stop_prob,stop=0.10_min1,7,31,142,300,143,473.33
xss-reflected,stop_prob,stop=0.10_min1,8,32,118,300,119,393.33
xss-reflected,stop_prob,stop=0.10_min1,9,32,119,300,119,396.67
xss-reflected,stop_prob,stop=0.10_min1,10,28,137,300,138,456.67
xss-reflected,stop_prob,stop=0.10_min1,11,31,77,300,78,256.67
xss-reflected,stop_prob,stop=0.10_min1,12,27,139,300,140,463.33
xss-reflected,stop_prob,stop=0.10_min1,13,26,107,300,108,356.67
xss-reflected,stop_prob,stop=0.10_min1,14,29,108,300,109,360.00
xss-reflected,stop_prob,stop=0.10_min1,15,28,111,300,112,370.00
xss-reflected,stop_prob,stop=0.10_min1,16,33,92,300,93,306.67
xss-reflected,stop_prob,stop=0.10_min1,17,31,132,300,133,440.00
xss-reflected,stop_prob,stop=0.10_min1,18,25,118,300,119,393.33
xss-reflected,stop_prob,stop=0.10_min1,19,25,150,300,151,500.00
xss-reflected,stop_prob,stop=0.25_min1,0,25,58,300,59,193.33
xss-reflected,stop_prob,stop=0.25_min1,1,24,121,300,122,403.33
xss-reflected,stop_prob,stop=0.25_min1,2,22,148,300,149,493.33
xss-reflected,stop_prob,stop=0.25_min1,3,23,71,300,72,236.67
xss-reflected,stop_prob,stop=0.25_min1,4,21,190,300,190,633.33
xss-reflected,stop_prob,stop=0.25_min1,5,32,12,300,13,40.00
xss-reflected,stop_prob,stop=0.25_min1,6,24,175,300,176,583.33
xss-reflected,stop_prob,stop=0.25_min1,7,21,170,300,170,566.67
xss-reflected,stop_prob,stop=0.25_min1,8,21,157,300,158,523.33
xss-reflected,stop_prob,stop=0.25_min1,9,21,148,300,149,493.33
xss-reflected,stop_prob,stop=0.25_min1,10,24,181,300,181,603.33
xss-reflected,stop_prob,stop=0.25_min1,11,25,103,300,104,343.33
xss-reflected,stop_prob,stop=0.25_min1,12,21,177,300,178,590.00
xss-reflected,stop_prob,stop=0.25_min1,13,22,132,300,133,440.00
xss-reflected,stop_prob,stop=0.25_min1,14,22,133,300,134,443.33
xss-reflected,stop_prob,stop=0.25_min1,15,24,159,300,160,530.00
xss-reflected,stop_prob,stop=0.25_min1,16,27,128,300,129,426.67
xss-reflected,stop_prob,stop=0.25_min1,17,22,152,300,153,506.67
xss-reflected,stop_prob,stop=0.25_min1,18,22,148,300,148,493.33
xss-reflected,stop_prob,stop=0.25_min1,19,21,189,300,190,630.00
xss-reflected,stop_prob,stop=0.50_min1,0,23,80,300,80,266.67
xss-reflected,stop_prob,stop=0.50_min1,1,24,159,300,160,530.00
xss-reflected,stop_prob,stop=0.50_min1,2,19,155,300,155,516.67
xss-reflected,stop_prob,stop=0.50_min1,3,22,99,300,99,330.00
xss-reflected,stop_prob,stop=0.50_min1,4,26,185,300,186,616.67
xss-reflected,stop_prob,stop=0.50_min1,5,25,48,300,49,160.00
xss-reflected,stop_prob,stop=0.50_min1,6,20,194,300,195,646.67
xss-reflected,stop_prob,stop=0.50_min1,7,21,169,300,170,563.33
xss-reflected,stop_prob,stop=0.50_min1,8,23,182,300,183,606.67
xss-reflected,stop_prob,stop=0.50_min1,9,20,181,300,181,603.33
xss-reflected,stop_prob,stop=0.50_min1,10,20,221,300,221,736.67
xss-reflected,stop_prob,stop=0.50_min1,11,22,127,300,126,423.33
xss-reflected,stop_prob,stop=0.50_min1,12,20,177,300,175,590.00
xss-reflected,stop_prob,stop=0.50_min1,13,24,143,300,143,476.67
xss-reflected,stop_prob,stop=0.50_min1,14,21,149,300,148,496.67
xss-reflected,stop_prob,stop=0.50_min1,15,22,189,300,188,630.00
xss-reflected,stop_prob,stop=0.50_min1,16,23,150,300,148,500.00
xss-reflected,stop_prob,stop=0.50_min1,17,28,177,300,176,590.00
xss-reflected,stop_prob,stop=0.50_min1,18,28,179,300,180,596.67
xss-reflected,stop_prob,stop=0.50_min1,19,28,199,300,198,663.33
xss-reflected,stop_prob,stop=0.75_min1,0,30,83,300,83,276.67
xss-reflected,stop_prob,stop=0.75_min1,1,20,176,300,170,586.67
xss-reflected,stop_prob,stop=0.75_min1,2,20,145,300,144,483.33
xss-reflected,stop_prob,stop=0.75_min1,3,26,126,300,125,420.00
xss-reflected,stop_prob,stop=0.75_min1,4,26,201,300,199,670.00
xss-reflected,stop_prob,stop=0.75_min1,5,23,70,300,70,233.33
xss-reflected,stop_prob,stop=0.75_min1,6,23,226,300,224,753.33
xss-reflected,stop_prob,stop=0.75_min1,7,22,178,300,178,593.33
xss-reflected,stop_prob,stop=0.75_min1,8,20,197,300,194,656.67
xss-reflected,stop_prob,stop=0.75_min1,9,20,180,300,181,600.00
xss-reflected,stop_prob,stop=0.75_min1,10,20,216,300,213,720.00
xss-reflected,stop_prob,stop=0.75_min1,11,21,139,300,139,463.33
xss-reflected,stop_prob,stop=0.75_min1,12,19,181,300,179,603.33
xss-reflected,stop_prob,stop=0.75_min1,13,20,164,300,165,546.67
xss-reflected,stop_prob,stop=0.75_min1,14,20,157,300,157,523.33
xss-reflected,stop_prob,stop=0.75_min1,15,19,194,300,190,646.67
xss-reflected,stop_prob,stop=0.75_min1,16,20,161,300,161,536.67
xss-reflected,stop_prob,stop=0.75_min1,17,20,177,300,175,590.00
xss-reflected,stop_prob,stop=0.75_min1,18,20,190,300,190,633.33
xss-reflected,stop_prob,stop=0.75_min1,19,19,209,300,210,696.67
xss-reflected,stop_prob,stop=0.90_min1,0,21,112,300,111,373.33
xss-reflected,stop_prob,stop=0.90_min1,1,20,165,300,162,550.00
xss-reflected,stop_prob,stop=0.90_min1,2,19,156,300,154,520.00
xss-reflected,stop_prob,stop=0.90_min1,3,20,113,300,111,376.67
xss-reflected,stop_prob,stop=0.90_min1,4,20,220,300,220,733.33
xss-reflected,stop_prob,stop=0.90_min1,5,21,83,300,84,276.67
xss-reflected,stop_prob,stop=0.90_min1,6,18,217,300,217,723.33
xss-reflected,stop_prob,stop=0.90_min1,7,20,188,300,188,626.67
xss-reflected,stop_prob,stop=0.90_min1,8,19,193,300,185,643.33
xss-reflected,stop_prob,stop=0.90_min1,9,19,181,300,181,603.33
xss-reflected,stop_prob,stop=0.90_min1,10,18,229,300,229,763.33
xss-reflected,stop_prob,stop=0.90_min1,11,20,171,300,169,570.00
xss-reflected,stop_prob,stop=0.90_min1,12,19,191,300,188,636.67
xss-reflected,stop_prob,stop=0.90_min1,13,19,164,300,163,546.67
xss-reflected,stop_prob,stop=0.90_min1,14,21,163,300,163,543.33
xss-reflected,stop_prob,stop=0.90_min1,15,20,196,300,194,653.33
xss-reflected,stop_prob,stop=0.90_min1,16,20,155,300,155,516.67
xss-reflected,stop_prob,stop=0.90_min1,17,19,185,300,184,616.67
xss-reflected,stop_prob,stop=0.90_min1,18,19,185,300,185,616.67
xss-reflected,stop_prob,stop=0.90_min1,19,19,209,300,209,696.67
xss-reflected,min_atoms,min=1,0,24,58,300,59,193.33
xss-reflected,min_atoms,min=1,1,23,121,300,122,403.33
xss-reflected,min_atoms,min=1,2,21,148,300,149,493.33
xss-reflected,min_atoms,min=1,3,23,71,300,72,236.67
xss-reflected,min_atoms,min=1,4,22,190,300,190,633.33
xss-reflected,min_atoms,min=1,5,25,12,300,13,40.00
xss-reflected,min_atoms,min=1,6,22,175,300,176,583.33
xss-reflected,min_atoms,min=1,7,22,170,300,170,566.67
xss-reflected,min_atoms,min=1,8,21,157,300,158,523.33
xss-reflected,min_atoms,min=1,9,24,148,300,149,493.33
xss-reflected,min_atoms,min=1,10,22,181,300,181,603.33
xss-reflected,min_atoms,min=1,11,24,103,300,104,343.33
xss-reflected,min_atoms,min=1,12,21,177,300,178,590.00
xss-reflected,min_atoms,min=1,13,22,132,300,133,440.00
xss-reflected,min_atoms,min=1,14,23,133,300,134,443.33
xss-reflected,min_atoms,min=1,15,22,159,300,160,530.00
xss-reflected,min_atoms,min=1,16,27,128,300,129,426.67
xss-reflected,min_atoms,min=1,17,24,152,300,153,506.67
xss-reflected,min_atoms,min=1,18,29,148,300,148,493.33
xss-reflected,min_atoms,min=1,19,24,189,300,190,630.00
xss-reflected,min_atoms,min=2,0,29,90,300,91,300.00
xss-reflected,min_atoms,min=2,1,24,128,300,129,426.67
xss-reflected,min_atoms,min=2,2,29,138,300,139,460.00
xss-reflected,min_atoms,min=2,3,29,68,300,69,226.67
xss-reflected,min_atoms,min=2,4,23,170,300,171,566.67
xss-reflected,min_atoms,min=2,5,24,12,300,13,40.00
xss-reflected,min_atoms,min=2,6,33,177,300,178,590.00
xss-reflected,min_atoms,min=2,7,27,143,300,144,476.67
xss-reflected,min_atoms,min=2,8,22,166,300,167,553.33
xss-reflected,min_atoms,min=2,9,23,154,300,154,513.33
xss-reflected,min_atoms,min=2,10,30,177,300,178,590.00
xss-reflected,min_atoms,min=2,11,25,103,300,104,343.33
xss-reflected,min_atoms,min=2,12,25,153,300,154,510.00
xss-reflected,min_atoms,min=2,13,23,130,300,131,433.33
xss-reflected,min_atoms,min=2,14,33,134,300,135,446.67
xss-reflected,min_atoms,min=2,15,32,133,300,134,443.33
xss-reflected,min_atoms,min=2,16,28,114,300,115,380.00
xss-reflected,min_atoms,min=2,17,22,137,300,138,456.67
xss-reflected,min_atoms,min=2,18,31,154,300,155,513.33
xss-reflected,min_atoms,min=2,19,28,174,300,174,580.00
xss-reflected,min_atoms,min=3,0,30,69,300,70,230.00
xss-reflected,min_atoms,min=3,1,34,136,300,137,453.33
xss-reflected,min_atoms,min=3,2,25,127,300,128,423.33
xss-reflected,min_atoms,min=3,3,24,77,300,78,256.67
xss-reflected,min_atoms,min=3,4,24,161,300,162,536.67
xss-reflected,min_atoms,min=3,5,25,12,300,13,40.00
xss-reflected,min_atoms,min=3,6,31,164,300,165,546.67
xss-reflected,min_atoms,min=3,7,24,137,300,138,456.67
xss-reflected,min_atoms,min=3,8,23,149,300,150,496.67
xss-reflected,min_atoms,min=3,9,22,144,300,145,480.00
xss-reflected,min_atoms,min=3,10,26,140,300,141,466.67
xss-reflected,min_atoms,min=3,11,26,116,300,117,386.67
xss-reflected,min_atoms,min=3,12,24,157,300,158,523.33
xss-reflected,min_atoms,min=3,13,29,135,300,136,450.00
xss-reflected,min_atoms,min=3,14,34,116,300,117,386.67
xss-reflected,min_atoms,min=3,15,25,147,300,148,490.00
xss-reflected,min_atoms,min=3,16,24,104,300,105,346.67
xss-reflected,min_atoms,min=3,17,29,142,300,143,473.33
xss-reflected,min_atoms,min=3,18,30,156,300,157,520.00
xss-reflected,min_atoms,min=3,19,24,164,300,165,546.67
xss-reflected,min_atoms,min=4,0,25,60,300,61,200.00
xss-reflected,min_atoms,min=4,1,25,115,300,116,383.33
xss-reflected,min_atoms,min=4,2,32,123,300,124,410.00
xss-reflected,min_atoms,min=4,3,27,58,300,59,193.33
xss-reflected,min_atoms,min=4,4,35,159,300,160,530.00
xss-reflected,min_atoms,min=4,5,27,0,300,1,0.00
xss-reflected,min_atoms,min=4,6,26,155,300,156,516.67
xss-reflected,min_atoms,min=4,7,29,124,300,125,413.33
xss-reflected,min_atoms,min=4,8,24,147,300,148,490.00
xss-reflected,min_atoms,min=4,9,33,138,300,139,460.00
xss-reflected,min_atoms,min=4,10,26,134,300,135,446.67
xss-reflected,min_atoms,min=4,11,26,93,300,94,310.00
xss-reflected,min_atoms,min=4,12,25,129,300,130,430.00
xss-reflected,min_atoms,min=4,13,25,118,300,119,393.33
xss-reflected,min_atoms,min=4,14,25,95,300,96,316.67
xss-reflected,min_atoms,min=4,15,25,140,300,141,466.67
xss-reflected,min_atoms,min=4,16,30,96,300,97,320.00
xss-reflected,min_atoms,min=4,17,35,135,300,136,450.00
xss-reflected,min_atoms,min=4,18,28,139,300,140,463.33
xss-reflected,min_atoms,min=4,19,32,153,300,154,510.00
xss-reflected,vocab,vocab=default,0,26,0,300,1,0.00
xss-reflected,vocab,vocab=default,1,27,0,300,1,0.00
xss-reflected,vocab,vocab=default,2,25,0,300,1,0.00
xss-reflected,vocab,vocab=default,3,29,0,300,1,0.00
xss-reflected,vocab,vocab=default,4,38,0,300,1,0.00
xss-reflected,vocab,vocab=default,5,28,0,300,1,0.00
xss-reflected,vocab,vocab=default,6,26,0,300,1,0.00
xss-reflected,vocab,vocab=default,7,24,0,300,1,0.00
xss-reflected,vocab,vocab=default,8,25,0,300,1,0.00
xss-reflected,vocab,vocab=default,9,25,0,300,1,0.00
xss-reflected,vocab,vocab=default,10,25,0,300,1,0.00
xss-reflected,vocab,vocab=default,11,25,0,300,1,0.00
xss-reflected,vocab,vocab=default,12,29,0,300,1,0.00
xss-reflected,vocab,vocab=default,13,25,0,300,1,0.00
xss-reflected,vocab,vocab=default,14,25,0,300,1,0.00
xss-reflected,vocab,vocab=default,15,25,0,300,1,0.00
xss-reflected,vocab,vocab=default,16,25,0,300,1,0.00
xss-reflected,vocab,vocab=default,17,25,0,300,1,0.00
xss-reflected,vocab,vocab=default,18,25,0,300,1,0.00
xss-reflected,vocab,vocab=default,19,25,0,300,1,0.00
xss-reflected,vocab,vocab=xss+,0,26,0,300,1,0.00
xss-reflected,vocab,vocab=xss+,1,27,0,300,1,0.00
xss-reflected,vocab,vocab=xss+,2,30,0,300,1,0.00
xss-reflected,vocab,vocab=xss+,3,28,0,300,1,0.00
xss-reflected,vocab,vocab=xss+,4,32,0,300,1,0.00
xss-reflected,vocab,vocab=xss+,5,28,0,300,1,0.00
xss-reflected,vocab,vocab=xss+,6,26,0,300,1,0.00
xss-reflected,vocab,vocab=xss+,7,26,0,300,1,0.00
xss-reflected,vocab,vocab=xss+,8,29,0,300,1,0.00
xss-reflected,vocab,vocab=xss+,9,26,0,300,1,0.00
xss-reflected,vocab,vocab=xss+,10,26,0,300,1,0.00
xss-reflected,vocab,vocab=xss+,11,26,0,300,1,0.00
xss-reflected,vocab,vocab=xss+,12,26,0,300,1,0.00
xss-reflected,vocab,vocab=xss+,13,32,0,300,1,0.00
xss-reflected,vocab,vocab=xss+,14,26,0,300,1,0.00
xss-reflected,vocab,vocab=xss+,15,26,0,300,1,0.00
xss-reflected,vocab,vocab=xss+,16,25,0,300,1,0.00
xss-reflected,vocab,vocab=xss+,17,27,0,300,1,0.00
xss-reflected,vocab,vocab=xss+,18,26,0,300,1,0.00
xss-reflected,vocab,vocab=xss+,19,30,0,300,1,0.00
xss-reflected,vocab,vocab=sqli+,0,37,0,300,1,0.00
xss-reflected,vocab,vocab=sqli+,1,37,0,300,1,0.00
xss-reflected,vocab,vocab=sqli+,2,32,0,300,1,0.00
xss-reflected,vocab,vocab=sqli+,3,28,0,300,1,0.00
xss-reflected,vocab,vocab=sqli+,4,27,0,300,1,0.00
xss-reflected,vocab,vocab=sqli+,5,32,0,300,1,0.00
xss-reflected,vocab,vocab=sqli+,6,38,0,300,1,0.00
xss-reflected,vocab,vocab=sqli+,7,33,0,300,1,0.00
xss-reflected,vocab,vocab=sqli+,8,29,0,300,1,0.00
xss-reflected,vocab,vocab=sqli+,9,25,0,300,1,0.00
xss-reflected,vocab,vocab=sqli+,10,30,0,300,1,0.00
xss-reflected,vocab,vocab=sqli+,11,35,0,300,1,0.00
xss-reflected,vocab,vocab=sqli+,12,27,0,300,1,0.00
xss-reflected,vocab,vocab=sqli+,13,25,0,300,1,0.00
xss-reflected,vocab,vocab=sqli+,14,26,0,300,1,0.00
xss-reflected,vocab,vocab=sqli+,15,28,0,300,1,0.00
xss-reflected,vocab,vocab=sqli+,16,26,0,300,1,0.00
xss-reflected,vocab,vocab=sqli+,17,26,0,300,1,0.00
xss-reflected,vocab,vocab=sqli+,18,25,0,300,1,0.00
xss-reflected,vocab,vocab=sqli+,19,29,0,300,1,0.00
xss-reflected,vocab,vocab=ssti+,0,27,0,300,1,0.00
xss-reflected,vocab,vocab=ssti+,1,27,0,300,1,0.00
xss-reflected,vocab,vocab=ssti+,2,32,0,300,1,0.00
xss-reflected,vocab,vocab=ssti+,3,33,0,300,1,0.00
xss-reflected,vocab,vocab=ssti+,4,27,0,300,1,0.00
xss-reflected,vocab,vocab=ssti+,5,27,0,300,1,0.00
xss-reflected,vocab,vocab=ssti+,6,26,0,300,1,0.00
xss-reflected,vocab,vocab=ssti+,7,27,0,300,1,0.00
xss-reflected,vocab,vocab=ssti+,8,27,0,300,1,0.00
xss-reflected,vocab,vocab=ssti+,9,28,0,300,1,0.00
xss-reflected,vocab,vocab=ssti+,10,31,0,300,1,0.00
xss-reflected,vocab,vocab=ssti+,11,30,0,300,1,0.00
xss-reflected,vocab,vocab=ssti+,12,27,0,300,1,0.00
xss-reflected,vocab,vocab=ssti+,13,26,0,300,1,0.00
xss-reflected,vocab,vocab=ssti+,14,28,0,300,1,0.00
xss-reflected,vocab,vocab=ssti+,15,26,0,300,1,0.00
xss-reflected,vocab,vocab=ssti+,16,26,0,300,1,0.00
xss-reflected,vocab,vocab=ssti+,17,26,0,300,1,0.00
xss-reflected,vocab,vocab=ssti+,18,28,0,300,1,0.00
xss-reflected,vocab,vocab=ssti+,19,26,0,300,1,0.00
ssrf,gen_ratio,gen=0.0,0,25,0,300,1,0.00
ssrf,gen_ratio,gen=0.0,1,26,0,300,1,0.00
ssrf,gen_ratio,gen=0.0,2,27,0,300,1,0.00
ssrf,gen_ratio,gen=0.0,3,28,0,300,1,0.00
ssrf,gen_ratio,gen=0.0,4,28,0,300,1,0.00
ssrf,gen_ratio,gen=0.0,5,25,0,300,1,0.00
ssrf,gen_ratio,gen=0.0,6,26,0,300,1,0.00
ssrf,gen_ratio,gen=0.0,7,25,0,300,1,0.00
ssrf,gen_ratio,gen=0.0,8,24,0,300,1,0.00
ssrf,gen_ratio,gen=0.0,9,25,0,300,1,0.00
ssrf,gen_ratio,gen=0.0,10,26,0,300,1,0.00
ssrf,gen_ratio,gen=0.0,11,28,0,300,1,0.00
ssrf,gen_ratio,gen=0.0,12,30,0,300,1,0.00
ssrf,gen_ratio,gen=0.0,13,33,0,300,1,0.00
ssrf,gen_ratio,gen=0.0,14,29,0,300,1,0.00
ssrf,gen_ratio,gen=0.0,15,24,0,300,1,0.00
ssrf,gen_ratio,gen=0.0,16,25,0,300,1,0.00
ssrf,gen_ratio,gen=0.0,17,29,0,300,1,0.00
ssrf,gen_ratio,gen=0.0,18,26,0,300,1,0.00
ssrf,gen_ratio,gen=0.0,19,25,0,300,1,0.00
ssrf,gen_ratio,gen=0.1,0,27,0,300,1,0.00
ssrf,gen_ratio,gen=0.1,1,28,0,300,1,0.00
ssrf,gen_ratio,gen=0.1,2,25,0,300,1,0.00
ssrf,gen_ratio,gen=0.1,3,25,0,300,1,0.00
ssrf,gen_ratio,gen=0.1,4,25,0,300,1,0.00
ssrf,gen_ratio,gen=0.1,5,31,0,300,1,0.00
ssrf,gen_ratio,gen=0.1,6,26,0,300,1,0.00
ssrf,gen_ratio,gen=0.1,7,25,0,300,1,0.00
ssrf,gen_ratio,gen=0.1,8,26,0,300,1,0.00
ssrf,gen_ratio,gen=0.1,9,25,0,300,1,0.00
ssrf,gen_ratio,gen=0.1,10,30,0,300,1,0.00
ssrf,gen_ratio,gen=0.1,11,25,0,300,1,0.00
ssrf,gen_ratio,gen=0.1,12,24,0,300,1,0.00
ssrf,gen_ratio,gen=0.1,13,25,0,300,1,0.00
ssrf,gen_ratio,gen=0.1,14,26,0,300,1,0.00
ssrf,gen_ratio,gen=0.1,15,24,0,300,1,0.00
ssrf,gen_ratio,gen=0.1,16,26,0,300,1,0.00
ssrf,gen_ratio,gen=0.1,17,25,0,300,1,0.00
ssrf,gen_ratio,gen=0.1,18,26,0,300,1,0.00
ssrf,gen_ratio,gen=0.1,19,25,0,300,1,0.00
ssrf,gen_ratio,gen=0.2,0,30,0,300,1,0.00
ssrf,gen_ratio,gen=0.2,1,30,0,300,1,0.00
ssrf,gen_ratio,gen=0.2,2,29,0,300,1,0.00
ssrf,gen_ratio,gen=0.2,3,25,0,300,1,0.00
ssrf,gen_ratio,gen=0.2,4,25,0,300,1,0.00
ssrf,gen_ratio,gen=0.2,5,28,0,300,1,0.00
ssrf,gen_ratio,gen=0.2,6,25,0,300,1,0.00
ssrf,gen_ratio,gen=0.2,7,25,0,300,1,0.00
ssrf,gen_ratio,gen=0.2,8,24,0,300,1,0.00
ssrf,gen_ratio,gen=0.2,9,33,0,300,1,0.00
ssrf,gen_ratio,gen=0.2,10,32,0,300,1,0.00
ssrf,gen_ratio,gen=0.2,11,25,0,300,1,0.00
ssrf,gen_ratio,gen=0.2,12,24,0,300,1,0.00
ssrf,gen_ratio,gen=0.2,13,25,0,300,1,0.00
ssrf,gen_ratio,gen=0.2,14,26,0,300,1,0.00
ssrf,gen_ratio,gen=0.2,15,24,0,300,1,0.00
ssrf,gen_ratio,gen=0.2,16,27,0,300,1,0.00
ssrf,gen_ratio,gen=0.2,17,26,0,300,1,0.00
ssrf,gen_ratio,gen=0.2,18,25,0,300,1,0.00
ssrf,gen_ratio,gen=0.2,19,25,0,300,1,0.00
ssrf,gen_ratio,gen=0.3,0,25,0,300,1,0.00
ssrf,gen_ratio,gen=0.3,1,31,0,300,1,0.00
ssrf,gen_ratio,gen=0.3,2,26,0,300,1,0.00
ssrf,gen_ratio,gen=0.3,3,25,0,300,1,0.00
ssrf,gen_ratio,gen=0.3,4,26,0,300,1,0.00
ssrf,gen_ratio,gen=0.3,5,32,0,300,1,0.00
ssrf,gen_ratio,gen=0.3,6,25,0,300,1,0.00
ssrf,gen_ratio,gen=0.3,7,29,0,300,1,0.00
ssrf,gen_ratio,gen=0.3,8,35,0,300,1,0.00
ssrf,gen_ratio,gen=0.3,9,27,0,300,1,0.00
ssrf,gen_ratio,gen=0.3,10,25,0,300,1,0.00
ssrf,gen_ratio,gen=0.3,11,26,0,300,1,0.00
ssrf,gen_ratio,gen=0.3,12,33,0,300,1,0.00
ssrf,gen_ratio,gen=0.3,13,26,0,300,1,0.00
ssrf,gen_ratio,gen=0.3,14,26,0,300,1,0.00
ssrf,gen_ratio,gen=0.3,15,27,0,300,1,0.00
ssrf,gen_ratio,gen=0.3,16,27,0,300,1,0.00
ssrf,gen_ratio,gen=0.3,17,29,0,300,1,0.00
ssrf,gen_ratio,gen=0.3,18,31,0,300,1,0.00
ssrf,gen_ratio,gen=0.3,19,35,0,300,1,0.00
ssrf,gen_ratio,gen=0.4,0,32,0,300,1,0.00
ssrf,gen_ratio,gen=0.4,1,25,0,300,1,0.00
ssrf,gen_ratio,gen=0.4,2,25,0,300,1,0.00
ssrf,gen_ratio,gen=0.4,3,25,0,300,1,0.00
ssrf,gen_ratio,gen=0.4,4,26,0,300,1,0.00
ssrf,gen_ratio,gen=0.4,5,25,0,300,1,0.00
ssrf,gen_ratio,gen=0.4,6,25,0,300,1,0.00
ssrf,gen_ratio,gen=0.4,7,25,0,300,1,0.00
ssrf,gen_ratio,gen=0.4,8,26,0,300,1,0.00
ssrf,gen_ratio,gen=0.4,9,25,0,300,1,0.00
ssrf,gen_ratio,gen=0.4,10,25,0,300,1,0.00
ssrf,gen_ratio,gen=0.4,11,25,0,300,1,0.00
ssrf,gen_ratio,gen=0.4,12,31,0,300,1,0.00
ssrf,gen_ratio,gen=0.4,13,26,0,300,1,0.00
ssrf,gen_ratio,gen=0.4,14,25,0,300,1,0.00
ssrf,gen_ratio,gen=0.4,15,24,0,300,1,0.00
ssrf,gen_ratio,gen=0.4,16,27,0,300,1,0.00
ssrf,gen_ratio,gen=0.4,17,26,0,300,1,0.00
ssrf,gen_ratio,gen=0.4,18,24,0,300,1,0.00
ssrf,gen_ratio,gen=0.4,19,25,0,300,1,0.00
ssrf,gen_ratio,gen=0.5,0,27,0,300,1,0.00
ssrf,gen_ratio,gen=0.5,1,27,0,300,1,0.00
ssrf,gen_ratio,gen=0.5,2,26,0,300,1,0.00
ssrf,gen_ratio,gen=0.5,3,25,0,300,1,0.00
ssrf,gen_ratio,gen=0.5,4,26,0,300,1,0.00
ssrf,gen_ratio,gen=0.5,5,25,0,300,1,0.00
ssrf,gen_ratio,gen=0.5,6,25,0,300,1,0.00
ssrf,gen_ratio,gen=0.5,7,25,0,300,1,0.00
ssrf,gen_ratio,gen=0.5,8,25,0,300,1,0.00
ssrf,gen_ratio,gen=0.5,9,25,0,300,1,0.00
ssrf,gen_ratio,gen=0.5,10,25,0,300,1,0.00
ssrf,gen_ratio,gen=0.5,11,25,0,300,1,0.00
ssrf,gen_ratio,gen=0.5,12,25,0,300,1,0.00
ssrf,gen_ratio,gen=0.5,13,29,0,300,1,0.00
ssrf,gen_ratio,gen=0.5,14,26,0,300,1,0.00
ssrf,gen_ratio,gen=0.5,15,25,0,300,1,0.00
ssrf,gen_ratio,gen=0.5,16,31,0,300,1,0.00
ssrf,gen_ratio,gen=0.5,17,31,0,300,1,0.00
ssrf,gen_ratio,gen=0.5,18,25,0,300,1,0.00
ssrf,gen_ratio,gen=0.5,19,30,0,300,1,0.00
ssrf,gen_ratio,gen=0.6,0,36,0,300,1,0.00
ssrf,gen_ratio,gen=0.6,1,29,0,300,1,0.00
ssrf,gen_ratio,gen=0.6,2,29,0,300,1,0.00
ssrf,gen_ratio,gen=0.6,3,33,0,300,1,0.00
ssrf,gen_ratio,gen=0.6,4,26,0,300,1,0.00
ssrf,gen_ratio,gen=0.6,5,25,0,300,1,0.00
ssrf,gen_ratio,gen=0.6,6,37,0,300,1,0.00
ssrf,gen_ratio,gen=0.6,7,27,0,300,1,0.00
ssrf,gen_ratio,gen=0.6,8,25,0,300,1,0.00
ssrf,gen_ratio,gen=0.6,9,25,0,300,1,0.00
ssrf,gen_ratio,gen=0.6,10,34,0,300,1,0.00
ssrf,gen_ratio,gen=0.6,11,38,0,300,1,0.00
ssrf,gen_ratio,gen=0.6,12,25,0,300,1,0.00
ssrf,gen_ratio,gen=0.6,13,26,0,300,1,0.00
ssrf,gen_ratio,gen=0.6,14,26,0,300,1,0.00
ssrf,gen_ratio,gen=0.6,15,26,0,300,1,0.00
ssrf,gen_ratio,gen=0.6,16,25,0,300,1,0.00
ssrf,gen_ratio,gen=0.6,17,25,0,300,1,0.00
ssrf,gen_ratio,gen=0.6,18,25,0,300,1,0.00
ssrf,gen_ratio,gen=0.6,19,25,0,300,1,0.00
ssrf,gen_ratio,gen=0.7,0,26,0,300,1,0.00
ssrf,gen_ratio,gen=0.7,1,26,0,300,1,0.00
ssrf,gen_ratio,gen=0.7,2,25,0,300,1,0.00
ssrf,gen_ratio,gen=0.7,3,25,0,300,1,0.00
ssrf,gen_ratio,gen=0.7,4,26,0,300,1,0.00
ssrf,gen_ratio,gen=0.7,5,25,0,300,1,0.00
ssrf,gen_ratio,gen=0.7,6,26,0,300,1,0.00
ssrf,gen_ratio,gen=0.7,7,26,0,300,1,0.00
ssrf,gen_ratio,gen=0.7,8,25,0,300,1,0.00
ssrf,gen_ratio,gen=0.7,9,26,0,300,1,0.00
ssrf,gen_ratio,gen=0.7,10,26,0,300,1,0.00
ssrf,gen_ratio,gen=0.7,11,26,0,300,1,0.00
ssrf,gen_ratio,gen=0.7,12,25,0,300,1,0.00
ssrf,gen_ratio,gen=0.7,13,27,0,300,1,0.00
ssrf,gen_ratio,gen=0.7,14,27,0,300,1,0.00
ssrf,gen_ratio,gen=0.7,15,26,0,300,1,0.00
ssrf,gen_ratio,gen=0.7,16,25,0,300,1,0.00
ssrf,gen_ratio,gen=0.7,17,26,0,300,1,0.00
ssrf,gen_ratio,gen=0.7,18,26,0,300,1,0.00
ssrf,gen_ratio,gen=0.7,19,26,0,300,1,0.00
ssrf,gen_ratio,gen=0.8,0,27,0,300,1,0.00
ssrf,gen_ratio,gen=0.8,1,26,0,300,1,0.00
ssrf,gen_ratio,gen=0.8,2,25,0,300,1,0.00
ssrf,gen_ratio,gen=0.8,3,26,0,300,1,0.00
ssrf,gen_ratio,gen=0.8,4,26,0,300,1,0.00
ssrf,gen_ratio,gen=0.8,5,25,0,300,1,0.00
ssrf,gen_ratio,gen=0.8,6,29,0,300,1,0.00
ssrf,gen_ratio,gen=0.8,7,27,0,300,1,0.00
ssrf,gen_ratio,gen=0.8,8,25,0,300,1,0.00
ssrf,gen_ratio,gen=0.8,9,25,0,300,1,0.00
ssrf,gen_ratio,gen=0.8,10,35,0,300,1,0.00
ssrf,gen_ratio,gen=0.8,11,27,0,300,1,0.00
ssrf,gen_ratio,gen=0.8,12,26,0,300,1,0.00
ssrf,gen_ratio,gen=0.8,13,31,0,300,1,0.00
ssrf,gen_ratio,gen=0.8,14,34,0,300,1,0.00
ssrf,gen_ratio,gen=0.8,15,35,0,300,1,0.00
ssrf,gen_ratio,gen=0.8,16,27,0,300,1,0.00
ssrf,gen_ratio,gen=0.8,17,37,0,300,1,0.00
ssrf,gen_ratio,gen=0.8,18,27,0,300,1,0.00
ssrf,gen_ratio,gen=0.8,19,29,0,300,1,0.00
ssrf,gen_ratio,gen=0.9,0,26,0,300,1,0.00
ssrf,gen_ratio,gen=0.9,1,27,0,300,1,0.00
ssrf,gen_ratio,gen=0.9,2,28,0,300,1,0.00
ssrf,gen_ratio,gen=0.9,3,30,0,300,1,0.00
ssrf,gen_ratio,gen=0.9,4,26,0,300,1,0.00
ssrf,gen_ratio,gen=0.9,5,26,0,300,1,0.00
ssrf,gen_ratio,gen=0.9,6,26,0,300,1,0.00
ssrf,gen_ratio,gen=0.9,7,26,0,300,1,0.00
ssrf,gen_ratio,gen=0.9,8,26,0,300,1,0.00
ssrf,gen_ratio,gen=0.9,9,35,0,300,1,0.00
ssrf,gen_ratio,gen=0.9,10,29,0,300,1,0.00
ssrf,gen_ratio,gen=0.9,11,26,0,300,1,0.00
ssrf,gen_ratio,gen=0.9,12,30,0,300,1,0.00
ssrf,gen_ratio,gen=0.9,13,26,0,300,1,0.00
ssrf,gen_ratio,gen=0.9,14,26,0,300,1,0.00
ssrf,gen_ratio,gen=0.9,15,26,0,300,1,0.00
ssrf,gen_ratio,gen=0.9,16,25,0,300,1,0.00
ssrf,gen_ratio,gen=0.9,17,26,0,300,1,0.00
ssrf,gen_ratio,gen=0.9,18,26,0,300,1,0.00
ssrf,gen_ratio,gen=0.9,19,26,0,300,1,0.00
ssrf,gen_ratio,gen=1.0,0,35,0,300,1,0.00
ssrf,gen_ratio,gen=1.0,1,27,0,300,1,0.00
ssrf,gen_ratio,gen=1.0,2,26,0,300,1,0.00
ssrf,gen_ratio,gen=1.0,3,26,0,300,1,0.00
ssrf,gen_ratio,gen=1.0,4,26,0,300,1,0.00
ssrf,gen_ratio,gen=1.0,5,26,0,300,1,0.00
ssrf,gen_ratio,gen=1.0,6,26,0,300,1,0.00
ssrf,gen_ratio,gen=1.0,7,26,0,300,1,0.00
ssrf,gen_ratio,gen=1.0,8,26,0,300,1,0.00
ssrf,gen_ratio,gen=1.0,9,26,0,300,1,0.00
ssrf,gen_ratio,gen=1.0,10,26,0,300,1,0.00
ssrf,gen_ratio,gen=1.0,11,26,0,300,1,0.00
ssrf,gen_ratio,gen=1.0,12,27,0,300,1,0.00
ssrf,gen_ratio,gen=1.0,13,26,0,300,1,0.00
ssrf,gen_ratio,gen=1.0,14,26,0,300,1,0.00
ssrf,gen_ratio,gen=1.0,15,26,0,300,1,0.00
ssrf,gen_ratio,gen=1.0,16,25,0,300,1,0.00
ssrf,gen_ratio,gen=1.0,17,26,0,300,1,0.00
ssrf,gen_ratio,gen=1.0,18,26,0,300,1,0.00
ssrf,gen_ratio,gen=1.0,19,27,0,300,1,0.00
ssrf,length,len=short,0,26,0,300,1,0.00
ssrf,length,len=short,1,34,0,300,1,0.00
ssrf,length,len=short,2,25,0,300,1,0.00
ssrf,length,len=short,3,24,0,300,1,0.00
ssrf,length,len=short,4,25,0,300,1,0.00
ssrf,length,len=short,5,29,0,300,1,0.00
ssrf,length,len=short,6,33,0,300,1,0.00
ssrf,length,len=short,7,24,0,300,1,0.00
ssrf,length,len=short,8,24,0,300,1,0.00
ssrf,length,len=short,9,34,0,300,1,0.00
ssrf,length,len=short,10,25,0,300,1,0.00
ssrf,length,len=short,11,24,0,300,1,0.00
ssrf,length,len=short,12,24,0,300,1,0.00
ssrf,length,len=short,13,24,0,300,1,0.00
ssrf,length,len=short,14,25,0,300,1,0.00
ssrf,length,len=short,15,24,0,300,1,0.00
ssrf,length,len=short,16,24,0,300,1,0.00
ssrf,length,len=short,17,24,0,300,1,0.00
ssrf,length,len=short,18,24,0,300,1,0.00
ssrf,length,len=short,19,24,0,300,1,0.00
ssrf,length,len=medium,0,26,0,300,1,0.00
ssrf,length,len=medium,1,25,0,300,1,0.00
ssrf,length,len=medium,2,27,0,300,1,0.00
ssrf,length,len=medium,3,25,0,300,1,0.00
ssrf,length,len=medium,4,25,0,300,1,0.00
ssrf,length,len=medium,5,25,0,300,1,0.00
ssrf,length,len=medium,6,28,0,300,1,0.00
ssrf,length,len=medium,7,34,0,300,1,0.00
ssrf,length,len=medium,8,25,0,300,1,0.00
ssrf,length,len=medium,9,26,0,300,1,0.00
ssrf,length,len=medium,10,25,0,300,1,0.00
ssrf,length,len=medium,11,26,0,300,1,0.00
ssrf,length,len=medium,12,25,0,300,1,0.00
ssrf,length,len=medium,13,26,0,300,1,0.00
ssrf,length,len=medium,14,26,0,300,1,0.00
ssrf,length,len=medium,15,25,0,300,1,0.00
ssrf,length,len=medium,16,25,0,300,1,0.00
ssrf,length,len=medium,17,25,0,300,1,0.00
ssrf,length,len=medium,18,31,0,300,1,0.00
ssrf,length,len=medium,19,28,0,300,1,0.00
ssrf,length,len=long,0,30,0,300,1,0.00
ssrf,length,len=long,1,32,0,300,1,0.00
ssrf,length,len=long,2,37,0,300,1,0.00
ssrf,length,len=long,3,30,0,300,1,0.00
ssrf,length,len=long,4,33,0,300,1,0.00
ssrf,length,len=long,5,30,0,300,1,0.00
ssrf,length,len=long,6,30,0,300,1,0.00
ssrf,length,len=long,7,28,0,300,1,0.00
ssrf,length,len=long,8,29,0,300,1,0.00
ssrf,length,len=long,9,30,0,300,1,0.00
ssrf,length,len=long,10,29,0,300,1,0.00
ssrf,length,len=long,11,30,0,300,1,0.00
ssrf,length,len=long,12,39,0,300,1,0.00
ssrf,length,len=long,13,31,0,300,1,0.00
ssrf,length,len=long,14,29,0,300,1,0.00
ssrf,length,len=long,15,29,0,300,1,0.00
ssrf,length,len=long,16,37,0,300,1,0.00
ssrf,length,len=long,17,31,0,300,1,0.00
ssrf,length,len=long,18,29,0,300,1,0.00
ssrf,length,len=long,19,35,0,300,1,0.00
ssrf,havoc,havoc=default,0,27,0,300,1,0.00
ssrf,havoc,havoc=default,1,26,0,300,1,0.00
ssrf,havoc,havoc=default,2,28,0,300,1,0.00
ssrf,havoc,havoc=default,3,30,0,300,1,0.00
ssrf,havoc,havoc=default,4,29,0,300,1,0.00
ssrf,havoc,havoc=default,5,25,0,300,1,0.00
ssrf,havoc,havoc=default,6,26,0,300,1,0.00
ssrf,havoc,havoc=default,7,27,0,300,1,0.00
ssrf,havoc,havoc=default,8,25,0,300,1,0.00
ssrf,havoc,havoc=default,9,25,0,300,1,0.00
ssrf,havoc,havoc=default,10,25,0,300,1,0.00
ssrf,havoc,havoc=default,11,25,0,300,1,0.00
ssrf,havoc,havoc=default,12,26,0,300,1,0.00
ssrf,havoc,havoc=default,13,25,0,300,1,0.00
ssrf,havoc,havoc=default,14,25,0,300,1,0.00
ssrf,havoc,havoc=default,15,25,0,300,1,0.00
ssrf,havoc,havoc=default,16,27,0,300,1,0.00
ssrf,havoc,havoc=default,17,26,0,300,1,0.00
ssrf,havoc,havoc=default,18,26,0,300,1,0.00
ssrf,havoc,havoc=default,19,32,0,300,1,0.00
ssrf,havoc,havoc=structural,0,26,0,300,1,0.00
ssrf,havoc,havoc=structural,1,26,0,300,1,0.00
ssrf,havoc,havoc=structural,2,25,0,300,1,0.00
ssrf,havoc,havoc=structural,3,28,0,300,1,0.00
ssrf,havoc,havoc=structural,4,26,0,300,1,0.00
ssrf,havoc,havoc=structural,5,25,0,300,1,0.00
ssrf,havoc,havoc=structural,6,25,0,300,1,0.00
ssrf,havoc,havoc=structural,7,25,0,300,1,0.00
ssrf,havoc,havoc=structural,8,26,0,300,1,0.00
ssrf,havoc,havoc=structural,9,25,0,300,1,0.00
ssrf,havoc,havoc=structural,10,25,0,300,1,0.00
ssrf,havoc,havoc=structural,11,29,0,300,1,0.00
ssrf,havoc,havoc=structural,12,26,0,300,1,0.00
ssrf,havoc,havoc=structural,13,26,0,300,1,0.00
ssrf,havoc,havoc=structural,14,25,0,300,1,0.00
ssrf,havoc,havoc=structural,15,25,0,300,1,0.00
ssrf,havoc,havoc=structural,16,36,0,300,1,0.00
ssrf,havoc,havoc=structural,17,26,0,300,1,0.00
ssrf,havoc,havoc=structural,18,25,0,300,1,0.00
ssrf,havoc,havoc=structural,19,25,0,300,1,0.00
ssrf,havoc,havoc=destructive,0,37,0,300,1,0.00
ssrf,havoc,havoc=destructive,1,28,0,300,1,0.00
ssrf,havoc,havoc=destructive,2,34,0,300,1,0.00
ssrf,havoc,havoc=destructive,3,43,0,300,1,0.00
ssrf,havoc,havoc=destructive,4,30,0,300,1,0.00
ssrf,havoc,havoc=destructive,5,40,0,300,1,0.00
ssrf,havoc,havoc=destructive,6,30,0,300,1,0.00
ssrf,havoc,havoc=destructive,7,31,0,300,1,0.00
ssrf,havoc,havoc=destructive,8,28,0,300,1,0.00
ssrf,havoc,havoc=destructive,9,32,0,300,1,0.00
ssrf,havoc,havoc=destructive,10,33,0,300,1,0.00
ssrf,havoc,havoc=destructive,11,37,0,300,1,0.00
ssrf,havoc,havoc=destructive,12,37,0,300,1,0.00
ssrf,havoc,havoc=destructive,13,44,0,300,1,0.00
ssrf,havoc,havoc=destructive,14,29,0,300,1,0.00
ssrf,havoc,havoc=destructive,15,32,0,300,1,0.00
ssrf,havoc,havoc=destructive,16,29,0,300,1,0.00
ssrf,havoc,havoc=destructive,17,29,0,300,1,0.00
ssrf,havoc,havoc=destructive,18,29,0,300,1,0.00
ssrf,havoc,havoc=destructive,19,28,0,300,1,0.00
ssrf,havoc,havoc=encoding,0,25,0,300,1,0.00
ssrf,havoc,havoc=encoding,1,25,0,300,1,0.00
ssrf,havoc,havoc=encoding,2,25,0,300,1,0.00
ssrf,havoc,havoc=encoding,3,25,0,300,1,0.00
ssrf,havoc,havoc=encoding,4,25,0,300,1,0.00
ssrf,havoc,havoc=encoding,5,25,0,300,1,0.00
ssrf,havoc,havoc=encoding,6,25,0,300,1,0.00
ssrf,havoc,havoc=encoding,7,25,0,300,1,0.00
ssrf,havoc,havoc=encoding,8,26,0,300,1,0.00
ssrf,havoc,havoc=encoding,9,26,0,300,1,0.00
ssrf,havoc,havoc=encoding,10,25,0,300,1,0.00
ssrf,havoc,havoc=encoding,11,27,0,300,1,0.00
ssrf,havoc,havoc=encoding,12,33,0,300,1,0.00
ssrf,havoc,havoc=encoding,13,26,0,300,1,0.00
ssrf,havoc,havoc=encoding,14,26,0,300,1,0.00
ssrf,havoc,havoc=encoding,15,31,0,300,1,0.00
ssrf,havoc,havoc=encoding,16,27,0,300,1,0.00
ssrf,havoc,havoc=encoding,17,25,0,300,1,0.00
ssrf,havoc,havoc=encoding,18,25,0,300,1,0.00
ssrf,havoc,havoc=encoding,19,25,0,300,1,0.00
ssrf,placement,place=a0.0_p0.5,0,27,0,300,1,0.00
ssrf,placement,place=a0.0_p0.5,1,25,0,300,1,0.00
ssrf,placement,place=a0.0_p0.5,2,25,0,300,1,0.00
ssrf,placement,place=a0.0_p0.5,3,32,0,300,1,0.00
ssrf,placement,place=a0.0_p0.5,4,28,0,300,1,0.00
ssrf,placement,place=a0.0_p0.5,5,25,0,300,1,0.00
ssrf,placement,place=a0.0_p0.5,6,25,0,300,1,0.00
ssrf,placement,place=a0.0_p0.5,7,25,0,300,1,0.00
ssrf,placement,place=a0.0_p0.5,8,35,0,300,1,0.00
ssrf,placement,place=a0.0_p0.5,9,38,0,300,1,0.00
ssrf,placement,place=a0.0_p0.5,10,30,0,300,1,0.00
ssrf,placement,place=a0.0_p0.5,11,33,0,300,1,0.00
ssrf,placement,place=a0.0_p0.5,12,30,0,300,1,0.00
ssrf,placement,place=a0.0_p0.5,13,25,0,300,1,0.00
ssrf,placement,place=a0.0_p0.5,14,25,0,300,1,0.00
ssrf,placement,place=a0.0_p0.5,15,32,0,300,1,0.00
ssrf,placement,place=a0.0_p0.5,16,25,0,300,1,0.00
ssrf,placement,place=a0.0_p0.5,17,25,0,300,1,0.00
ssrf,placement,place=a0.0_p0.5,18,25,0,300,1,0.00
ssrf,placement,place=a0.0_p0.5,19,26,0,300,1,0.00
ssrf,placement,place=a0.0_p1.0,0,26,0,300,1,0.00
ssrf,placement,place=a0.0_p1.0,1,25,0,300,1,0.00
ssrf,placement,place=a0.0_p1.0,2,25,0,300,1,0.00
ssrf,placement,place=a0.0_p1.0,3,30,0,300,1,0.00
ssrf,placement,place=a0.0_p1.0,4,29,0,300,1,0.00
ssrf,placement,place=a0.0_p1.0,5,25,0,300,1,0.00
ssrf,placement,place=a0.0_p1.0,6,25,0,300,1,0.00
ssrf,placement,place=a0.0_p1.0,7,32,0,300,1,0.00
ssrf,placement,place=a0.0_p1.0,8,25,0,300,1,0.00
ssrf,placement,place=a0.0_p1.0,9,25,0,300,1,0.00
ssrf,placement,place=a0.0_p1.0,10,25,0,300,1,0.00
ssrf,placement,place=a0.0_p1.0,11,33,0,300,1,0.00
ssrf,placement,place=a0.0_p1.0,12,26,0,300,1,0.00
ssrf,placement,place=a0.0_p1.0,13,25,0,300,1,0.00
ssrf,placement,place=a0.0_p1.0,14,25,0,300,1,0.00
ssrf,placement,place=a0.0_p1.0,15,26,0,300,1,0.00
ssrf,placement,place=a0.0_p1.0,16,27,0,300,1,0.00
ssrf,placement,place=a0.0_p1.0,17,25,0,300,1,0.00
ssrf,placement,place=a0.0_p1.0,18,25,0,300,1,0.00
ssrf,placement,place=a0.0_p1.0,19,25,0,300,1,0.00
ssrf,placement,place=a0.0_p2.0,0,26,0,300,1,0.00
ssrf,placement,place=a0.0_p2.0,1,26,0,300,1,0.00
ssrf,placement,place=a0.0_p2.0,2,26,0,300,1,0.00
ssrf,placement,place=a0.0_p2.0,3,30,0,300,1,0.00
ssrf,placement,place=a0.0_p2.0,4,27,0,300,1,0.00
ssrf,placement,place=a0.0_p2.0,5,26,0,300,1,0.00
ssrf,placement,place=a0.0_p2.0,6,26,0,300,1,0.00
ssrf,placement,place=a0.0_p2.0,7,25,0,300,1,0.00
ssrf,placement,place=a0.0_p2.0,8,25,0,300,1,0.00
ssrf,placement,place=a0.0_p2.0,9,25,0,300,1,0.00
ssrf,placement,place=a0.0_p2.0,10,26,0,300,1,0.00
ssrf,placement,place=a0.0_p2.0,11,31,0,300,1,0.00
ssrf,placement,place=a0.0_p2.0,12,25,0,300,1,0.00
ssrf,placement,place=a0.0_p2.0,13,25,0,300,1,0.00
ssrf,placement,place=a0.0_p2.0,14,25,0,300,1,0.00
ssrf,placement,place=a0.0_p2.0,15,26,0,300,1,0.00
ssrf,placement,place=a0.0_p2.0,16,25,0,300,1,0.00
ssrf,placement,place=a0.0_p2.0,17,25,0,300,1,0.00
ssrf,placement,place=a0.0_p2.0,18,30,0,300,1,0.00
ssrf,placement,place=a0.0_p2.0,19,28,0,300,1,0.00
ssrf,placement,place=a0.0_p4.0,0,30,0,300,1,0.00
ssrf,placement,place=a0.0_p4.0,1,30,0,300,1,0.00
ssrf,placement,place=a0.0_p4.0,2,27,0,300,1,0.00
ssrf,placement,place=a0.0_p4.0,3,27,0,300,1,0.00
ssrf,placement,place=a0.0_p4.0,4,25,0,300,1,0.00
ssrf,placement,place=a0.0_p4.0,5,27,0,300,1,0.00
ssrf,placement,place=a0.0_p4.0,6,37,0,300,1,0.00
ssrf,placement,place=a0.0_p4.0,7,26,0,300,1,0.00
ssrf,placement,place=a0.0_p4.0,8,26,0,300,1,0.00
ssrf,placement,place=a0.0_p4.0,9,30,0,300,1,0.00
ssrf,placement,place=a0.0_p4.0,10,34,0,300,1,0.00
ssrf,placement,place=a0.0_p4.0,11,26,0,300,1,0.00
ssrf,placement,place=a0.0_p4.0,12,25,0,300,1,0.00
ssrf,placement,place=a0.0_p4.0,13,33,0,300,1,0.00
ssrf,placement,place=a0.0_p4.0,14,32,0,300,1,0.00
ssrf,placement,place=a0.0_p4.0,15,25,0,300,1,0.00
ssrf,placement,place=a0.0_p4.0,16,25,0,300,1,0.00
ssrf,placement,place=a0.0_p4.0,17,27,0,300,1,0.00
ssrf,placement,place=a0.0_p4.0,18,36,0,300,1,0.00
ssrf,placement,place=a0.0_p4.0,19,26,0,300,1,0.00
ssrf,placement,place=a0.5_p0.0,0,26,0,300,1,0.00
ssrf,placement,place=a0.5_p0.0,1,30,0,300,1,0.00
ssrf,placement,place=a0.5_p0.0,2,28,0,300,1,0.00
ssrf,placement,place=a0.5_p0.0,3,27,0,300,1,0.00
ssrf,placement,place=a0.5_p0.0,4,26,0,300,1,0.00
ssrf,placement,place=a0.5_p0.0,5,25,0,300,1,0.00
ssrf,placement,place=a0.5_p0.0,6,27,0,300,1,0.00
ssrf,placement,place=a0.5_p0.0,7,25,0,300,1,0.00
ssrf,placement,place=a0.5_p0.0,8,26,0,300,1,0.00
ssrf,placement,place=a0.5_p0.0,9,27,0,300,1,0.00
ssrf,placement,place=a0.5_p0.0,10,29,0,300,1,0.00
ssrf,placement,place=a0.5_p0.0,11,26,0,300,1,0.00
ssrf,placement,place=a0.5_p0.0,12,25,0,300,1,0.00
ssrf,placement,place=a0.5_p0.0,13,25,0,300,1,0.00
ssrf,placement,place=a0.5_p0.0,14,26,0,300,1,0.00
ssrf,placement,place=a0.5_p0.0,15,26,0,300,1,0.00
ssrf,placement,place=a0.5_p0.0,16,25,0,300,1,0.00
ssrf,placement,place=a0.5_p0.0,17,25,0,300,1,0.00
ssrf,placement,place=a0.5_p0.0,18,25,0,300,1,0.00
ssrf,placement,place=a0.5_p0.0,19,26,0,300,1,0.00
ssrf,placement,place=a0.5_p0.5,0,26,0,300,1,0.00
ssrf,placement,place=a0.5_p0.5,1,26,0,300,1,0.00
ssrf,placement,place=a0.5_p0.5,2,25,0,300,1,0.00
ssrf,placement,place=a0.5_p0.5,3,25,0,300,1,0.00
ssrf,placement,place=a0.5_p0.5,4,25,0,300,1,0.00
ssrf,placement,place=a0.5_p0.5,5,25,0,300,1,0.00
ssrf,placement,place=a0.5_p0.5,6,25,0,300,1,0.00
ssrf,placement,place=a0.5_p0.5,7,26,0,300,1,0.00
ssrf,placement,place=a0.5_p0.5,8,26,0,300,1,0.00
ssrf,placement,place=a0.5_p0.5,9,25,0,300,1,0.00
ssrf,placement,place=a0.5_p0.5,10,28,0,300,1,0.00
ssrf,placement,place=a0.5_p0.5,11,30,0,300,1,0.00
ssrf,placement,place=a0.5_p0.5,12,37,0,300,1,0.00
ssrf,placement,place=a0.5_p0.5,13,38,0,300,1,0.00
ssrf,placement,place=a0.5_p0.5,14,33,0,300,1,0.00
ssrf,placement,place=a0.5_p0.5,15,26,0,300,1,0.00
ssrf,placement,place=a0.5_p0.5,16,25,0,300,1,0.00
ssrf,placement,place=a0.5_p0.5,17,30,0,300,1,0.00
ssrf,placement,place=a0.5_p0.5,18,37,0,300,1,0.00
ssrf,placement,place=a0.5_p0.5,19,29,0,300,1,0.00
ssrf,placement,place=a0.5_p1.0,0,29,0,300,1,0.00
ssrf,placement,place=a0.5_p1.0,1,30,0,300,1,0.00
ssrf,placement,place=a0.5_p1.0,2,35,0,300,1,0.00
ssrf,placement,place=a0.5_p1.0,3,26,0,300,1,0.00
ssrf,placement,place=a0.5_p1.0,4,26,0,300,1,0.00
ssrf,placement,place=a0.5_p1.0,5,27,0,300,1,0.00
ssrf,placement,place=a0.5_p1.0,6,25,0,300,1,0.00
ssrf,placement,place=a0.5_p1.0,7,25,0,300,1,0.00
ssrf,placement,place=a0.5_p1.0,8,28,0,300,1,0.00
ssrf,placement,place=a0.5_p1.0,9,26,0,300,1,0.00
ssrf,placement,place=a0.5_p1.0,10,26,0,300,1,0.00
ssrf,placement,place=a0.5_p1.0,11,25,0,300,1,0.00
ssrf,placement,place=a0.5_p1.0,12,25,0,300,1,0.00
ssrf,placement,place=a0.5_p1.0,13,26,0,300,1,0.00
ssrf,placement,place=a0.5_p1.0,14,26,0,300,1,0.00
ssrf,placement,place=a0.5_p1.0,15,25,0,300,1,0.00
ssrf,placement,place=a0.5_p1.0,16,25,0,300,1,0.00
ssrf,placement,place=a0.5_p1.0,17,25,0,300,1,0.00
ssrf,placement,place=a0.5_p1.0,18,26,0,300,1,0.00
ssrf,placement,place=a0.5_p1.0,19,25,0,300,1,0.00
ssrf,placement,place=a0.5_p2.0,0,26,0,300,1,0.00
ssrf,placement,place=a0.5_p2.0,1,30,0,300,1,0.00
ssrf,placement,place=a0.5_p2.0,2,26,0,300,1,0.00
ssrf,placement,place=a0.5_p2.0,3,25,0,300,1,0.00
ssrf,placement,place=a0.5_p2.0,4,25,0,300,1,0.00
ssrf,placement,place=a0.5_p2.0,5,29,0,300,1,0.00
ssrf,placement,place=a0.5_p2.0,6,26,0,300,1,0.00
ssrf,placement,place=a0.5_p2.0,7,25,0,300,1,0.00
ssrf,placement,place=a0.5_p2.0,8,25,0,300,1,0.00
ssrf,placement,place=a0.5_p2.0,9,28,0,300,1,0.00
ssrf,placement,place=a0.5_p2.0,10,27,0,300,1,0.00
ssrf,placement,place=a0.5_p2.0,11,25,0,300,1,0.00
ssrf,placement,place=a0.5_p2.0,12,25,0,300,1,0.00
ssrf,placement,place=a0.5_p2.0,13,27,0,300,1,0.00
ssrf,placement,place=a0.5_p2.0,14,25,0,300,1,0.00
ssrf,placement,place=a0.5_p2.0,15,28,0,300,1,0.00
ssrf,placement,place=a0.5_p2.0,16,30,0,300,1,0.00
ssrf,placement,place=a0.5_p2.0,17,26,0,300,1,0.00
ssrf,placement,place=a0.5_p2.0,18,25,0,300,1,0.00
ssrf,placement,place=a0.5_p2.0,19,25,0,300,1,0.00
ssrf,placement,place=a0.5_p4.0,0,30,0,300,1,0.00
ssrf,placement,place=a0.5_p4.0,1,27,0,300,1,0.00
ssrf,placement,place=a0.5_p4.0,2,25,0,300,1,0.00
ssrf,placement,place=a0.5_p4.0,3,25,0,300,1,0.00
ssrf,placement,place=a0.5_p4.0,4,30,0,300,1,0.00
ssrf,placement,place=a0.5_p4.0,5,28,0,300,1,0.00
ssrf,placement,place=a0.5_p4.0,6,30,0,300,1,0.00
ssrf,placement,place=a0.5_p4.0,7,29,0,300,1,0.00
ssrf,placement,place=a0.5_p4.0,8,29,0,300,1,0.00
ssrf,placement,place=a0.5_p4.0,9,27,0,300,1,0.00
ssrf,placement,place=a0.5_p4.0,10,26,0,300,1,0.00
ssrf,placement,place=a0.5_p4.0,11,33,0,300,1,0.00
ssrf,placement,place=a0.5_p4.0,12,27,0,300,1,0.00
ssrf,placement,place=a0.5_p4.0,13,25,0,300,1,0.00
ssrf,placement,place=a0.5_p4.0,14,28,0,300,1,0.00
ssrf,placement,place=a0.5_p4.0,15,35,0,300,1,0.00
ssrf,placement,place=a0.5_p4.0,16,36,0,300,1,0.00
ssrf,placement,place=a0.5_p4.0,17,37,0,300,1,0.00
ssrf,placement,place=a0.5_p4.0,18,35,0,300,1,0.00
ssrf,placement,place=a0.5_p4.0,19,27,0,300,1,0.00
ssrf,placement,place=a1.0_p0.0,0,26,0,300,1,0.00
ssrf,placement,place=a1.0_p0.0,1,30,0,300,1,0.00
ssrf,placement,place=a1.0_p0.0,2,25,0,300,1,0.00
ssrf,placement,place=a1.0_p0.0,3,25,0,300,1,0.00
ssrf,placement,place=a1.0_p0.0,4,30,0,300,1,0.00
ssrf,placement,place=a1.0_p0.0,5,33,0,300,1,0.00
ssrf,placement,place=a1.0_p0.0,6,26,0,300,1,0.00
ssrf,placement,place=a1.0_p0.0,7,27,0,300,1,0.00
ssrf,placement,place=a1.0_p0.0,8,36,0,300,1,0.00
ssrf,placement,place=a1.0_p0.0,9,25,0,300,1,0.00
ssrf,placement,place=a1.0_p0.0,10,25,0,300,1,0.00
ssrf,placement,place=a1.0_p0.0,11,33,0,300,1,0.00
ssrf,placement,place=a1.0_p0.0,12,33,0,300,1,0.00
ssrf,placement,place=a1.0_p0.0,13,25,0,300,1,0.00
ssrf,placement,place=a1.0_p0.0,14,25,0,300,1,0.00
ssrf,placement,place=a1.0_p0.0,15,25,0,300,1,0.00
ssrf,placement,place=a1.0_p0.0,16,26,0,300,1,0.00
ssrf,placement,place=a1.0_p0.0,17,25,0,300,1,0.00
ssrf,placement,place=a1.0_p0.0,18,25,0,300,1,0.00
ssrf,placement,place=a1.0_p0.0,19,29,0,300,1,0.00
ssrf,placement,place=a1.0_p0.5,0,33,0,300,1,0.00
ssrf,placement,place=a1.0_p0.5,1,25,0,300,1,0.00
ssrf,placement,place=a1.0_p0.5,2,26,0,300,1,0.00
ssrf,placement,place=a1.0_p0.5,3,36,0,300,1,0.00
ssrf,placement,place=a1.0_p0.5,4,27,0,300,1,0.00
ssrf,placement,place=a1.0_p0.5,5,28,0,300,1,0.00
ssrf,placement,place=a1.0_p0.5,6,27,0,300,1,0.00
ssrf,placement,place=a1.0_p0.5,7,25,0,300,1,0.00
ssrf,placement,place=a1.0_p0.5,8,25,0,300,1,0.00
ssrf,placement,place=a1.0_p0.5,9,28,0,300,1,0.00
ssrf,placement,place=a1.0_p0.5,10,33,0,300,1,0.00
ssrf,placement,place=a1.0_p0.5,11,30,0,300,1,0.00
ssrf,placement,place=a1.0_p0.5,12,25,0,300,1,0.00
ssrf,placement,place=a1.0_p0.5,13,30,0,300,1,0.00
ssrf,placement,place=a1.0_p0.5,14,26,0,300,1,0.00
ssrf,placement,place=a1.0_p0.5,15,28,0,300,1,0.00
ssrf,placement,place=a1.0_p0.5,16,25,0,300,1,0.00
ssrf,placement,place=a1.0_p0.5,17,32,0,300,1,0.00
ssrf,placement,place=a1.0_p0.5,18,30,0,300,1,0.00
ssrf,placement,place=a1.0_p0.5,19,26,0,300,1,0.00
ssrf,placement,place=a1.0_p1.0,0,26,0,300,1,0.00
ssrf,placement,place=a1.0_p1.0,1,25,0,300,1,0.00
ssrf,placement,place=a1.0_p1.0,2,29,0,300,1,0.00
ssrf,placement,place=a1.0_p1.0,3,25,0,300,1,0.00
ssrf,placement,place=a1.0_p1.0,4,26,0,300,1,0.00
ssrf,placement,place=a1.0_p1.0,5,37,0,300,1,0.00
ssrf,placement,place=a1.0_p1.0,6,37,0,300,1,0.00
ssrf,placement,place=a1.0_p1.0,7,29,0,300,1,0.00
ssrf,placement,place=a1.0_p1.0,8,27,0,300,1,0.00
ssrf,placement,place=a1.0_p1.0,9,27,0,300,1,0.00
ssrf,placement,place=a1.0_p1.0,10,27,0,300,1,0.00
ssrf,placement,place=a1.0_p1.0,11,25,0,300,1,0.00
ssrf,placement,place=a1.0_p1.0,12,29,0,300,1,0.00
ssrf,placement,place=a1.0_p1.0,13,26,0,300,1,0.00
ssrf,placement,place=a1.0_p1.0,14,25,0,300,1,0.00
ssrf,placement,place=a1.0_p1.0,15,25,0,300,1,0.00
ssrf,placement,place=a1.0_p1.0,16,29,0,300,1,0.00
ssrf,placement,place=a1.0_p1.0,17,31,0,300,1,0.00
ssrf,placement,place=a1.0_p1.0,18,25,0,300,1,0.00
ssrf,placement,place=a1.0_p1.0,19,25,0,300,1,0.00
ssrf,placement,place=a1.0_p2.0,0,25,0,300,1,0.00
ssrf,placement,place=a1.0_p2.0,1,26,0,300,1,0.00
ssrf,placement,place=a1.0_p2.0,2,25,0,300,1,0.00
ssrf,placement,place=a1.0_p2.0,3,25,0,300,1,0.00
ssrf,placement,place=a1.0_p2.0,4,26,0,300,1,0.00
ssrf,placement,place=a1.0_p2.0,5,34,0,300,1,0.00
ssrf,placement,place=a1.0_p2.0,6,26,0,300,1,0.00
ssrf,placement,place=a1.0_p2.0,7,25,0,300,1,0.00
ssrf,placement,place=a1.0_p2.0,8,27,0,300,1,0.00
ssrf,placement,place=a1.0_p2.0,9,26,0,300,1,0.00
ssrf,placement,place=a1.0_p2.0,10,25,0,300,1,0.00
ssrf,placement,place=a1.0_p2.0,11,25,0,300,1,0.00
ssrf,placement,place=a1.0_p2.0,12,28,0,300,1,0.00
ssrf,placement,place=a1.0_p2.0,13,27,0,300,1,0.00
ssrf,placement,place=a1.0_p2.0,14,26,0,300,1,0.00
ssrf,placement,place=a1.0_p2.0,15,26,0,300,1,0.00
ssrf,placement,place=a1.0_p2.0,16,30,0,300,1,0.00
ssrf,placement,place=a1.0_p2.0,17,26,0,300,1,0.00
ssrf,placement,place=a1.0_p2.0,18,25,0,300,1,0.00
ssrf,placement,place=a1.0_p2.0,19,32,0,300,1,0.00
ssrf,placement,place=a1.0_p4.0,0,26,0,300,1,0.00
ssrf,placement,place=a1.0_p4.0,1,25,0,300,1,0.00
ssrf,placement,place=a1.0_p4.0,2,25,0,300,1,0.00
ssrf,placement,place=a1.0_p4.0,3,33,0,300,1,0.00
ssrf,placement,place=a1.0_p4.0,4,31,0,300,1,0.00
ssrf,placement,place=a1.0_p4.0,5,25,0,300,1,0.00
ssrf,placement,place=a1.0_p4.0,6,25,0,300,1,0.00
ssrf,placement,place=a1.0_p4.0,7,25,0,300,1,0.00
ssrf,placement,place=a1.0_p4.0,8,30,0,300,1,0.00
ssrf,placement,place=a1.0_p4.0,9,32,0,300,1,0.00
ssrf,placement,place=a1.0_p4.0,10,31,0,300,1,0.00
ssrf,placement,place=a1.0_p4.0,11,30,0,300,1,0.00
ssrf,placement,place=a1.0_p4.0,12,26,0,300,1,0.00
ssrf,placement,place=a1.0_p4.0,13,31,0,300,1,0.00
ssrf,placement,place=a1.0_p4.0,14,26,0,300,1,0.00
ssrf,placement,place=a1.0_p4.0,15,27,0,300,1,0.00
ssrf,placement,place=a1.0_p4.0,16,30,0,300,1,0.00
ssrf,placement,place=a1.0_p4.0,17,29,0,300,1,0.00
ssrf,placement,place=a1.0_p4.0,18,25,0,300,1,0.00
ssrf,placement,place=a1.0_p4.0,19,33,0,300,1,0.00
ssrf,placement,place=a2.0_p0.0,0,29,0,300,1,0.00
ssrf,placement,place=a2.0_p0.0,1,26,0,300,1,0.00
ssrf,placement,place=a2.0_p0.0,2,30,0,300,1,0.00
ssrf,placement,place=a2.0_p0.0,3,27,0,300,1,0.00
ssrf,placement,place=a2.0_p0.0,4,26,0,300,1,0.00
ssrf,placement,place=a2.0_p0.0,5,25,0,300,1,0.00
ssrf,placement,place=a2.0_p0.0,6,26,0,300,1,0.00
ssrf,placement,place=a2.0_p0.0,7,26,0,300,1,0.00
ssrf,placement,place=a2.0_p0.0,8,25,0,300,1,0.00
ssrf,placement,place=a2.0_p0.0,9,25,0,300,1,0.00
ssrf,placement,place=a2.0_p0.0,10,25,0,300,1,0.00
ssrf,placement,place=a2.0_p0.0,11,26,0,300,1,0.00
ssrf,placement,place=a2.0_p0.0,12,25,0,300,1,0.00
ssrf,placement,place=a2.0_p0.0,13,26,0,300,1,0.00
ssrf,placement,place=a2.0_p0.0,14,31,0,300,1,0.00
ssrf,placement,place=a2.0_p0.0,15,29,0,300,1,0.00
ssrf,placement,place=a2.0_p0.0,16,25,0,300,1,0.00
ssrf,placement,place=a2.0_p0.0,17,25,0,300,1,0.00
ssrf,placement,place=a2.0_p0.0,18,29,0,300,1,0.00
ssrf,placement,place=a2.0_p0.0,19,26,0,300,1,0.00
ssrf,placement,place=a2.0_p0.5,0,26,0,300,1,0.00
ssrf,placement,place=a2.0_p0.5,1,25,0,300,1,0.00
ssrf,placement,place=a2.0_p0.5,2,27,0,300,1,0.00
ssrf,placement,place=a2.0_p0.5,3,27,0,300,1,0.00
ssrf,placement,place=a2.0_p0.5,4,26,0,300,1,0.00
ssrf,placement,place=a2.0_p0.5,5,25,0,300,1,0.00
ssrf,placement,place=a2.0_p0.5,6,28,0,300,1,0.00
ssrf,placement,place=a2.0_p0.5,7,29,0,300,1,0.00
ssrf,placement,place=a2.0_p0.5,8,25,0,300,1,0.00
ssrf,placement,place=a2.0_p0.5,9,26,0,300,1,0.00
ssrf,placement,place=a2.0_p0.5,10,33,0,300,1,0.00
ssrf,placement,place=a2.0_p0.5,11,26,0,300,1,0.00
ssrf,placement,place=a2.0_p0.5,12,25,0,300,1,0.00
ssrf,placement,place=a2.0_p0.5,13,30,0,300,1,0.00
ssrf,placement,place=a2.0_p0.5,14,28,0,300,1,0.00
ssrf,placement,place=a2.0_p0.5,15,25,0,300,1,0.00
ssrf,placement,place=a2.0_p0.5,16,25,0,300,1,0.00
ssrf,placement,place=a2.0_p0.5,17,30,0,300,1,0.00
ssrf,placement,place=a2.0_p0.5,18,29,0,300,1,0.00
ssrf,placement,place=a2.0_p0.5,19,25,0,300,1,0.00
ssrf,placement,place=a2.0_p1.0,0,26,0,300,1,0.00
ssrf,placement,place=a2.0_p1.0,1,33,0,300,1,0.00
ssrf,placement,place=a2.0_p1.0,2,37,0,300,1,0.00
ssrf,placement,place=a2.0_p1.0,3,25,0,300,1,0.00
ssrf,placement,place=a2.0_p1.0,4,25,0,300,1,0.00
ssrf,placement,place=a2.0_p1.0,5,26,0,300,1,0.00
ssrf,placement,place=a2.0_p1.0,6,30,0,300,1,0.00
ssrf,placement,place=a2.0_p1.0,7,25,0,300,1,0.00
ssrf,placement,place=a2.0_p1.0,8,25,0,300,1,0.00
ssrf,placement,place=a2.0_p1.0,9,37,0,300,1,0.00
ssrf,placement,place=a2.0_p1.0,10,32,0,300,1,0.00
ssrf,placement,place=a2.0_p1.0,11,25,0,300,1,0.00
ssrf,placement,place=a2.0_p1.0,12,33,0,300,1,0.00
ssrf,placement,place=a2.0_p1.0,13,34,0,300,1,0.00
ssrf,placement,place=a2.0_p1.0,14,25,0,300,1,0.00
ssrf,placement,place=a2.0_p1.0,15,25,0,300,1,0.00
ssrf,placement,place=a2.0_p1.0,16,31,0,300,1,0.00
ssrf,placement,place=a2.0_p1.0,17,28,0,300,1,0.00
ssrf,placement,place=a2.0_p1.0,18,25,0,300,1,0.00
ssrf,placement,place=a2.0_p1.0,19,25,0,300,1,0.00
ssrf,placement,place=a2.0_p2.0,0,28,0,300,1,0.00
ssrf,placement,place=a2.0_p2.0,1,28,0,300,1,0.00
ssrf,placement,place=a2.0_p2.0,2,25,0,300,1,0.00
ssrf,placement,place=a2.0_p2.0,3,25,0,300,1,0.00
ssrf,placement,place=a2.0_p2.0,4,30,0,300,1,0.00
ssrf,placement,place=a2.0_p2.0,5,33,0,300,1,0.00
ssrf,placement,place=a2.0_p2.0,6,25,0,300,1,0.00
ssrf,placement,place=a2.0_p2.0,7,26,0,300,1,0.00
ssrf,placement,place=a2.0_p2.0,8,32,0,300,1,0.00
ssrf,placement,place=a2.0_p2.0,9,26,0,300,1,0.00
ssrf,placement,place=a2.0_p2.0,10,25,0,300,1,0.00
ssrf,placement,place=a2.0_p2.0,11,25,0,300,1,0.00
ssrf,placement,place=a2.0_p2.0,12,27,0,300,1,0.00
ssrf,placement,place=a2.0_p2.0,13,35,0,300,1,0.00
ssrf,placement,place=a2.0_p2.0,14,26,0,300,1,0.00
ssrf,placement,place=a2.0_p2.0,15,24,0,300,1,0.00
ssrf,placement,place=a2.0_p2.0,16,25,0,300,1,0.00
ssrf,placement,place=a2.0_p2.0,17,26,0,300,1,0.00
ssrf,placement,place=a2.0_p2.0,18,25,0,300,1,0.00
ssrf,placement,place=a2.0_p2.0,19,25,0,300,1,0.00
ssrf,placement,place=a2.0_p4.0,0,26,0,300,1,0.00
ssrf,placement,place=a2.0_p4.0,1,29,0,300,1,0.00
ssrf,placement,place=a2.0_p4.0,2,25,0,300,1,0.00
ssrf,placement,place=a2.0_p4.0,3,25,0,300,1,0.00
ssrf,placement,place=a2.0_p4.0,4,26,0,300,1,0.00
ssrf,placement,place=a2.0_p4.0,5,30,0,300,1,0.00
ssrf,placement,place=a2.0_p4.0,6,27,0,300,1,0.00
ssrf,placement,place=a2.0_p4.0,7,28,0,300,1,0.00
ssrf,placement,place=a2.0_p4.0,8,25,0,300,1,0.00
ssrf,placement,place=a2.0_p4.0,9,25,0,300,1,0.00
ssrf,placement,place=a2.0_p4.0,10,26,0,300,1,0.00
ssrf,placement,place=a2.0_p4.0,11,26,0,300,1,0.00
ssrf,placement,place=a2.0_p4.0,12,25,0,300,1,0.00
ssrf,placement,place=a2.0_p4.0,13,34,0,300,1,0.00
ssrf,placement,place=a2.0_p4.0,14,36,0,300,1,0.00
ssrf,placement,place=a2.0_p4.0,15,28,0,300,1,0.00
ssrf,placement,place=a2.0_p4.0,16,25,0,300,1,0.00
ssrf,placement,place=a2.0_p4.0,17,26,0,300,1,0.00
ssrf,placement,place=a2.0_p4.0,18,25,0,300,1,0.00
ssrf,placement,place=a2.0_p4.0,19,25,0,300,1,0.00
ssrf,placement,place=a4.0_p0.0,0,27,0,300,1,0.00
ssrf,placement,place=a4.0_p0.0,1,26,0,300,1,0.00
ssrf,placement,place=a4.0_p0.0,2,25,0,300,1,0.00
ssrf,placement,place=a4.0_p0.0,3,25,0,300,1,0.00
ssrf,placement,place=a4.0_p0.0,4,32,0,300,1,0.00
ssrf,placement,place=a4.0_p0.0,5,30,0,300,1,0.00
ssrf,placement,place=a4.0_p0.0,6,26,0,300,1,0.00
ssrf,placement,place=a4.0_p0.0,7,25,0,300,1,0.00
ssrf,placement,place=a4.0_p0.0,8,28,0,300,1,0.00
ssrf,placement,place=a4.0_p0.0,9,25,0,300,1,0.00
ssrf,placement,place=a4.0_p0.0,10,25,0,300,1,0.00
ssrf,placement,place=a4.0_p0.0,11,25,0,300,1,0.00
ssrf,placement,place=a4.0_p0.0,12,26,0,300,1,0.00
ssrf,placement,place=a4.0_p0.0,13,26,0,300,1,0.00
ssrf,placement,place=a4.0_p0.0,14,25,0,300,1,0.00
ssrf,placement,place=a4.0_p0.0,15,25,0,300,1,0.00
ssrf,placement,place=a4.0_p0.0,16,25,0,300,1,0.00
ssrf,placement,place=a4.0_p0.0,17,26,0,300,1,0.00
ssrf,placement,place=a4.0_p0.0,18,25,0,300,1,0.00
ssrf,placement,place=a4.0_p0.0,19,25,0,300,1,0.00
ssrf,placement,place=a4.0_p0.5,0,26,0,300,1,0.00
ssrf,placement,place=a4.0_p0.5,1,26,0,300,1,0.00
ssrf,placement,place=a4.0_p0.5,2,26,0,300,1,0.00
ssrf,placement,place=a4.0_p0.5,3,25,0,300,1,0.00
ssrf,placement,place=a4.0_p0.5,4,25,0,300,1,0.00
ssrf,placement,place=a4.0_p0.5,5,27,0,300,1,0.00
ssrf,placement,place=a4.0_p0.5,6,26,0,300,1,0.00
ssrf,placement,place=a4.0_p0.5,7,25,0,300,1,0.00
ssrf,placement,place=a4.0_p0.5,8,25,0,300,1,0.00
ssrf,placement,place=a4.0_p0.5,9,25,0,300,1,0.00
ssrf,placement,place=a4.0_p0.5,10,26,0,300,1,0.00
ssrf,placement,place=a4.0_p0.5,11,25,0,300,1,0.00
ssrf,placement,place=a4.0_p0.5,12,26,0,300,1,0.00
ssrf,placement,place=a4.0_p0.5,13,25,0,300,1,0.00
ssrf,placement,place=a4.0_p0.5,14,26,0,300,1,0.00
ssrf,placement,place=a4.0_p0.5,15,25,0,300,1,0.00
ssrf,placement,place=a4.0_p0.5,16,25,0,300,1,0.00
ssrf,placement,place=a4.0_p0.5,17,28,0,300,1,0.00
ssrf,placement,place=a4.0_p0.5,18,25,0,300,1,0.00
ssrf,placement,place=a4.0_p0.5,19,25,0,300,1,0.00
ssrf,placement,place=a4.0_p1.0,0,25,0,300,1,0.00
ssrf,placement,place=a4.0_p1.0,1,29,0,300,1,0.00
ssrf,placement,place=a4.0_p1.0,2,29,0,300,1,0.00
ssrf,placement,place=a4.0_p1.0,3,27,0,300,1,0.00
ssrf,placement,place=a4.0_p1.0,4,25,0,300,1,0.00
ssrf,placement,place=a4.0_p1.0,5,35,0,300,1,0.00
ssrf,placement,place=a4.0_p1.0,6,37,0,300,1,0.00
ssrf,placement,place=a4.0_p1.0,7,30,0,300,1,0.00
ssrf,placement,place=a4.0_p1.0,8,25,0,300,1,0.00
ssrf,placement,place=a4.0_p1.0,9,37,0,300,1,0.00
ssrf,placement,place=a4.0_p1.0,10,28,0,300,1,0.00
ssrf,placement,place=a4.0_p1.0,11,25,0,300,1,0.00
ssrf,placement,place=a4.0_p1.0,12,28,0,300,1,0.00
ssrf,placement,place=a4.0_p1.0,13,37,0,300,1,0.00
ssrf,placement,place=a4.0_p1.0,14,33,0,300,1,0.00
ssrf,placement,place=a4.0_p1.0,15,25,0,300,1,0.00
ssrf,placement,place=a4.0_p1.0,16,29,0,300,1,0.00
ssrf,placement,place=a4.0_p1.0,17,27,0,300,1,0.00
ssrf,placement,place=a4.0_p1.0,18,25,0,300,1,0.00
ssrf,placement,place=a4.0_p1.0,19,26,0,300,1,0.00
ssrf,placement,place=a4.0_p2.0,0,33,0,300,1,0.00
ssrf,placement,place=a4.0_p2.0,1,26,0,300,1,0.00
ssrf,placement,place=a4.0_p2.0,2,29,0,300,1,0.00
ssrf,placement,place=a4.0_p2.0,3,25,0,300,1,0.00
ssrf,placement,place=a4.0_p2.0,4,27,0,300,1,0.00
ssrf,placement,place=a4.0_p2.0,5,25,0,300,1,0.00
ssrf,placement,place=a4.0_p2.0,6,25,0,300,1,0.00
ssrf,placement,place=a4.0_p2.0,7,34,0,300,1,0.00
ssrf,placement,place=a4.0_p2.0,8,27,0,300,1,0.00
ssrf,placement,place=a4.0_p2.0,9,25,0,300,1,0.00
ssrf,placement,place=a4.0_p2.0,10,25,0,300,1,0.00
ssrf,placement,place=a4.0_p2.0,11,25,0,300,1,0.00
ssrf,placement,place=a4.0_p2.0,12,26,0,300,1,0.00
ssrf,placement,place=a4.0_p2.0,13,25,0,300,1,0.00
ssrf,placement,place=a4.0_p2.0,14,25,0,300,1,0.00
ssrf,placement,place=a4.0_p2.0,15,33,0,300,1,0.00
ssrf,placement,place=a4.0_p2.0,16,27,0,300,1,0.00
ssrf,placement,place=a4.0_p2.0,17,25,0,300,1,0.00
ssrf,placement,place=a4.0_p2.0,18,25,0,300,1,0.00
ssrf,placement,place=a4.0_p2.0,19,27,0,300,1,0.00
ssrf,placement,place=a4.0_p4.0,0,26,0,300,1,0.00
ssrf,placement,place=a4.0_p4.0,1,28,0,300,1,0.00
ssrf,placement,place=a4.0_p4.0,2,28,0,300,1,0.00
ssrf,placement,place=a4.0_p4.0,3,28,0,300,1,0.00
ssrf,placement,place=a4.0_p4.0,4,26,0,300,1,0.00
ssrf,placement,place=a4.0_p4.0,5,25,0,300,1,0.00
ssrf,placement,place=a4.0_p4.0,6,25,0,300,1,0.00
ssrf,placement,place=a4.0_p4.0,7,25,0,300,1,0.00
ssrf,placement,place=a4.0_p4.0,8,26,0,300,1,0.00
ssrf,placement,place=a4.0_p4.0,9,25,0,300,1,0.00
ssrf,placement,place=a4.0_p4.0,10,25,0,300,1,0.00
ssrf,placement,place=a4.0_p4.0,11,29,0,300,1,0.00
ssrf,placement,place=a4.0_p4.0,12,26,0,300,1,0.00
ssrf,placement,place=a4.0_p4.0,13,25,0,300,1,0.00
ssrf,placement,place=a4.0_p4.0,14,25,0,300,1,0.00
ssrf,placement,place=a4.0_p4.0,15,25,0,300,1,0.00
ssrf,placement,place=a4.0_p4.0,16,34,0,300,1,0.00
ssrf,placement,place=a4.0_p4.0,17,30,0,300,1,0.00
ssrf,placement,place=a4.0_p4.0,18,27,0,300,1,0.00
ssrf,placement,place=a4.0_p4.0,19,37,0,300,1,0.00
ssrf,placement,place=default,0,27,0,300,1,0.00
ssrf,placement,place=default,1,28,0,300,1,0.00
ssrf,placement,place=default,2,34,0,300,1,0.00
ssrf,placement,place=default,3,26,0,300,1,0.00
ssrf,placement,place=default,4,26,0,300,1,0.00
ssrf,placement,place=default,5,35,0,300,1,0.00
ssrf,placement,place=default,6,35,0,300,1,0.00
ssrf,placement,place=default,7,27,0,300,1,0.00
ssrf,placement,place=default,8,29,0,300,1,0.00
ssrf,placement,place=default,9,28,0,300,1,0.00
ssrf,placement,place=default,10,26,0,300,1,0.00
ssrf,placement,place=default,11,25,0,300,1,0.00
ssrf,placement,place=default,12,25,0,300,1,0.00
ssrf,placement,place=default,13,26,0,300,1,0.00
ssrf,placement,place=default,14,25,0,300,1,0.00
ssrf,placement,place=default,15,25,0,300,1,0.00
ssrf,placement,place=default,16,25,0,300,1,0.00
ssrf,placement,place=default,17,26,0,300,1,0.00
ssrf,placement,place=default,18,26,0,300,1,0.00
ssrf,placement,place=default,19,29,0,300,1,0.00
ssrf,placement,place=wrap,0,27,0,300,1,0.00
ssrf,placement,place=wrap,1,33,0,300,1,0.00
ssrf,placement,place=wrap,2,27,0,300,1,0.00
ssrf,placement,place=wrap,3,26,0,300,1,0.00
ssrf,placement,place=wrap,4,27,0,300,1,0.00
ssrf,placement,place=wrap,5,27,0,300,1,0.00
ssrf,placement,place=wrap,6,28,0,300,1,0.00
ssrf,placement,place=wrap,7,27,0,300,1,0.00
ssrf,placement,place=wrap,8,30,0,300,1,0.00
ssrf,placement,place=wrap,9,28,0,300,1,0.00
ssrf,placement,place=wrap,10,27,0,300,1,0.00
ssrf,placement,place=wrap,11,27,0,300,1,0.00
ssrf,placement,place=wrap,12,26,0,300,1,0.00
ssrf,placement,place=wrap,13,27,0,300,1,0.00
ssrf,placement,place=wrap,14,27,0,300,1,0.00
ssrf,placement,place=wrap,15,26,0,300,1,0.00
ssrf,placement,place=wrap,16,32,0,300,1,0.00
ssrf,placement,place=wrap,17,29,0,300,1,0.00
ssrf,placement,place=wrap,18,30,0,300,1,0.00
ssrf,placement,place=wrap,19,27,0,300,1,0.00
ssrf,placement,place=wrap+b,0,26,0,300,1,0.00
ssrf,placement,place=wrap+b,1,29,0,300,1,0.00
ssrf,placement,place=wrap+b,2,26,0,300,1,0.00
ssrf,placement,place=wrap+b,3,30,0,300,1,0.00
ssrf,placement,place=wrap+b,4,36,0,300,1,0.00
ssrf,placement,place=wrap+b,5,26,0,300,1,0.00
ssrf,placement,place=wrap+b,6,27,0,300,1,0.00
ssrf,placement,place=wrap+b,7,36,0,300,1,0.00
ssrf,placement,place=wrap+b,8,43,0,300,1,0.00
ssrf,placement,place=wrap+b,9,52,0,300,1,0.00
ssrf,placement,place=wrap+b,10,52,0,300,1,0.00
ssrf,placement,place=wrap+b,11,41,0,300,1,0.00
ssrf,placement,place=wrap+b,12,47,0,300,1,0.00
ssrf,placement,place=wrap+b,13,41,0,300,1,0.00
ssrf,placement,place=wrap+b,14,36,0,300,1,0.00
ssrf,placement,place=wrap+b,15,31,0,300,1,0.00
ssrf,placement,place=wrap+b,16,31,0,300,1,0.00
ssrf,placement,place=wrap+b,17,27,0,300,1,0.00
ssrf,placement,place=wrap+b,18,27,0,300,1,0.00
ssrf,placement,place=wrap+b,19,33,0,300,1,0.00
ssrf,ops,ops=1,0,27,0,300,1,0.00
ssrf,ops,ops=1,1,28,0,300,1,0.00
ssrf,ops,ops=1,2,28,0,300,1,0.00
ssrf,ops,ops=1,3,27,0,300,1,0.00
ssrf,ops,ops=1,4,31,0,300,1,0.00
ssrf,ops,ops=1,5,33,0,300,1,0.00
ssrf,ops,ops=1,6,30,0,300,1,0.00
ssrf,ops,ops=1,7,26,0,300,1,0.00
ssrf,ops,ops=1,8,29,0,300,1,0.00
ssrf,ops,ops=1,9,26,0,300,1,0.00
ssrf,ops,ops=1,10,30,0,300,1,0.00
ssrf,ops,ops=1,11,30,0,300,1,0.00
ssrf,ops,ops=1,12,32,0,300,1,0.00
ssrf,ops,ops=1,13,27,0,300,1,0.00
ssrf,ops,ops=1,14,26,0,300,1,0.00
ssrf,ops,ops=1,15,26,0,300,1,0.00
ssrf,ops,ops=1,16,33,0,300,1,0.00
ssrf,ops,ops=1,17,26,0,300,1,0.00
ssrf,ops,ops=1,18,26,0,300,1,0.00
ssrf,ops,ops=1,19,27,0,300,1,0.00
ssrf,ops,ops=2,0,27,0,300,1,0.00
ssrf,ops,ops=2,1,26,0,300,1,0.00
ssrf,ops,ops=2,2,25,0,300,1,0.00
ssrf,ops,ops=2,3,25,0,300,1,0.00
ssrf,ops,ops=2,4,25,0,300,1,0.00
ssrf,ops,ops=2,5,25,0,300,1,0.00
ssrf,ops,ops=2,6,25,0,300,1,0.00
ssrf,ops,ops=2,7,29,0,300,1,0.00
ssrf,ops,ops=2,8,25,0,300,1,0.00
ssrf,ops,ops=2,9,31,0,300,1,0.00
ssrf,ops,ops=2,10,28,0,300,1,0.00
ssrf,ops,ops=2,11,25,0,300,1,0.00
ssrf,ops,ops=2,12,24,0,300,1,0.00
ssrf,ops,ops=2,13,25,0,300,1,0.00
ssrf,ops,ops=2,14,31,0,300,1,0.00
ssrf,ops,ops=2,15,36,0,300,1,0.00
ssrf,ops,ops=2,16,27,0,300,1,0.00
ssrf,ops,ops=2,17,25,0,300,1,0.00
ssrf,ops,ops=2,18,26,0,300,1,0.00
ssrf,ops,ops=2,19,25,0,300,1,0.00
ssrf,ops,ops=4,0,25,0,300,1,0.00
ssrf,ops,ops=4,1,26,0,300,1,0.00
ssrf,ops,ops=4,2,25,0,300,1,0.00
ssrf,ops,ops=4,3,32,0,300,1,0.00
ssrf,ops,ops=4,4,30,0,300,1,0.00
ssrf,ops,ops=4,5,31,0,300,1,0.00
ssrf,ops,ops=4,6,37,0,300,1,0.00
ssrf,ops,ops=4,7,33,0,300,1,0.00
ssrf,ops,ops=4,8,36,0,300,1,0.00
ssrf,ops,ops=4,9,36,0,300,1,0.00
ssrf,ops,ops=4,10,28,0,300,1,0.00
ssrf,ops,ops=4,11,25,0,300,1,0.00
ssrf,ops,ops=4,12,26,0,300,1,0.00
ssrf,ops,ops=4,13,26,0,300,1,0.00
ssrf,ops,ops=4,14,26,0,300,1,0.00
ssrf,ops,ops=4,15,25,0,300,1,0.00
ssrf,ops,ops=4,16,25,0,300,1,0.00
ssrf,ops,ops=4,17,27,0,300,1,0.00
ssrf,ops,ops=4,18,29,0,300,1,0.00
ssrf,ops,ops=4,19,25,0,300,1,0.00
ssrf,ops,ops=8,0,26,0,300,1,0.00
ssrf,ops,ops=8,1,30,0,300,1,0.00
ssrf,ops,ops=8,2,31,0,300,1,0.00
ssrf,ops,ops=8,3,27,0,300,1,0.00
ssrf,ops,ops=8,4,28,0,300,1,0.00
ssrf,ops,ops=8,5,27,0,300,1,0.00
ssrf,ops,ops=8,6,27,0,300,1,0.00
ssrf,ops,ops=8,7,26,0,300,1,0.00
ssrf,ops,ops=8,8,26,0,300,1,0.00
ssrf,ops,ops=8,9,27,0,300,1,0.00
ssrf,ops,ops=8,10,26,0,300,1,0.00
ssrf,ops,ops=8,11,27,0,300,1,0.00
ssrf,ops,ops=8,12,31,0,300,1,0.00
ssrf,ops,ops=8,13,29,0,300,1,0.00
ssrf,ops,ops=8,14,27,0,300,1,0.00
ssrf,ops,ops=8,15,28,0,300,1,0.00
ssrf,ops,ops=8,16,26,0,300,1,0.00
ssrf,ops,ops=8,17,26,0,300,1,0.00
ssrf,ops,ops=8,18,26,0,300,1,0.00
ssrf,ops,ops=8,19,28,0,300,1,0.00
ssrf,ops,ops=16,0,31,0,300,1,0.00
ssrf,ops,ops=16,1,28,0,300,1,0.00
ssrf,ops,ops=16,2,28,0,300,1,0.00
ssrf,ops,ops=16,3,32,0,300,1,0.00
ssrf,ops,ops=16,4,32,0,300,1,0.00
ssrf,ops,ops=16,5,28,0,300,1,0.00
ssrf,ops,ops=16,6,32,0,300,1,0.00
ssrf,ops,ops=16,7,34,0,300,1,0.00
ssrf,ops,ops=16,8,38,0,300,1,0.00
ssrf,ops,ops=16,9,32,0,300,1,0.00
ssrf,ops,ops=16,10,31,0,300,1,0.00
ssrf,ops,ops=16,11,29,0,300,1,0.00
ssrf,ops,ops=16,12,27,0,300,1,0.00
ssrf,ops,ops=16,13,28,0,300,1,0.00
ssrf,ops,ops=16,14,28,0,300,1,0.00
ssrf,ops,ops=16,15,28,0,300,1,0.00
ssrf,ops,ops=16,16,29,0,300,1,0.00
ssrf,ops,ops=16,17,28,0,300,1,0.00
ssrf,ops,ops=16,18,27,0,300,1,0.00
ssrf,ops,ops=16,19,29,0,300,1,0.00
ssrf,feedback,fb=default,0,28,0,300,1,0.00
ssrf,feedback,fb=default,1,33,0,300,1,0.00
ssrf,feedback,fb=default,2,31,0,300,1,0.00
ssrf,feedback,fb=default,3,29,0,300,1,0.00
ssrf,feedback,fb=default,4,26,0,300,1,0.00
ssrf,feedback,fb=default,5,34,0,300,1,0.00
ssrf,feedback,fb=default,6,32,0,300,1,0.00
ssrf,feedback,fb=default,7,26,0,300,1,0.00
ssrf,feedback,fb=default,8,28,0,300,1,0.00
ssrf,feedback,fb=default,9,26,0,300,1,0.00
ssrf,feedback,fb=default,10,28,0,300,1,0.00
ssrf,feedback,fb=default,11,25,0,300,1,0.00
ssrf,feedback,fb=default,12,25,0,300,1,0.00
ssrf,feedback,fb=default,13,26,0,300,1,0.00
ssrf,feedback,fb=default,14,25,0,300,1,0.00
ssrf,feedback,fb=default,15,25,0,300,1,0.00
ssrf,feedback,fb=default,16,25,0,300,1,0.00
ssrf,feedback,fb=default,17,25,0,300,1,0.00
ssrf,feedback,fb=default,18,26,0,300,1,0.00
ssrf,feedback,fb=default,19,25,0,300,1,0.00
ssrf,feedback,fb=flat3,0,28,0,300,1,0.00
ssrf,feedback,fb=flat3,1,38,0,300,1,0.00
ssrf,feedback,fb=flat3,2,27,0,300,1,0.00
ssrf,feedback,fb=flat3,3,27,0,300,1,0.00
ssrf,feedback,fb=flat3,4,27,0,300,1,0.00
ssrf,feedback,fb=flat3,5,33,0,300,1,0.00
ssrf,feedback,fb=flat3,6,29,0,300,1,0.00
ssrf,feedback,fb=flat3,7,27,0,300,1,0.00
ssrf,feedback,fb=flat3,8,26,0,300,1,0.00
ssrf,feedback,fb=flat3,9,32,0,300,1,0.00
ssrf,feedback,fb=flat3,10,28,0,300,1,0.00
ssrf,feedback,fb=flat3,11,26,0,300,1,0.00
ssrf,feedback,fb=flat3,12,31,0,300,1,0.00
ssrf,feedback,fb=flat3,13,33,0,300,1,0.00
ssrf,feedback,fb=flat3,14,26,0,300,1,0.00
ssrf,feedback,fb=flat3,15,25,0,300,1,0.00
ssrf,feedback,fb=flat3,16,28,0,300,1,0.00
ssrf,feedback,fb=flat3,17,32,0,300,1,0.00
ssrf,feedback,fb=flat3,18,26,0,300,1,0.00
ssrf,feedback,fb=flat3,19,26,0,300,1,0.00
ssrf,feedback,fb=flat6,0,34,0,300,1,0.00
ssrf,feedback,fb=flat6,1,34,0,300,1,0.00
ssrf,feedback,fb=flat6,2,28,0,300,1,0.00
ssrf,feedback,fb=flat6,3,27,0,300,1,0.00
ssrf,feedback,fb=flat6,4,33,0,300,1,0.00
ssrf,feedback,fb=flat6,5,35,0,300,1,0.00
ssrf,feedback,fb=flat6,6,31,0,300,1,0.00
ssrf,feedback,fb=flat6,7,57,0,300,1,0.00
ssrf,feedback,fb=flat6,8,32,0,300,1,0.00
ssrf,feedback,fb=flat6,9,29,0,300,1,0.00
ssrf,feedback,fb=flat6,10,30,0,300,1,0.00
ssrf,feedback,fb=flat6,11,32,0,300,1,0.00
ssrf,feedback,fb=flat6,12,30,0,300,1,0.00
ssrf,feedback,fb=flat6,13,30,0,300,1,0.00
ssrf,feedback,fb=flat6,14,54,0,300,1,0.00
ssrf,feedback,fb=flat6,15,39,0,300,1,0.00
ssrf,feedback,fb=flat6,16,35,0,300,1,0.00
ssrf,feedback,fb=flat6,17,37,0,300,1,0.00
ssrf,feedback,fb=flat6,18,30,0,300,1,0.00
ssrf,feedback,fb=flat6,19,30,0,300,1,0.00
ssrf,feedback,fb=compressed,0,26,0,300,1,0.00
ssrf,feedback,fb=compressed,1,25,0,300,1,0.00
ssrf,feedback,fb=compressed,2,25,0,300,1,0.00
ssrf,feedback,fb=compressed,3,26,0,300,1,0.00
ssrf,feedback,fb=compressed,4,27,0,300,1,0.00
ssrf,feedback,fb=compressed,5,25,0,300,1,0.00
ssrf,feedback,fb=compressed,6,26,0,300,1,0.00
ssrf,feedback,fb=compressed,7,25,0,300,1,0.00
ssrf,feedback,fb=compressed,8,25,0,300,1,0.00
ssrf,feedback,fb=compressed,9,25,0,300,1,0.00
ssrf,feedback,fb=compressed,10,25,0,300,1,0.00
ssrf,feedback,fb=compressed,11,25,0,300,1,0.00
ssrf,feedback,fb=compressed,12,26,0,300,1,0.00
ssrf,feedback,fb=compressed,13,27,0,300,1,0.00
ssrf,feedback,fb=compressed,14,26,0,300,1,0.00
ssrf,feedback,fb=compressed,15,26,0,300,1,0.00
ssrf,feedback,fb=compressed,16,43,0,300,1,0.00
ssrf,feedback,fb=compressed,17,57,0,300,1,0.00
ssrf,feedback,fb=compressed,18,42,0,300,1,0.00
ssrf,feedback,fb=compressed,19,27,0,300,1,0.00
ssrf,feedback,fb=expanded,0,30,0,300,1,0.00
ssrf,feedback,fb=expanded,1,50,0,300,1,0.00
ssrf,feedback,fb=expanded,2,51,0,300,1,0.00
ssrf,feedback,fb=expanded,3,40,0,300,1,0.00
ssrf,feedback,fb=expanded,4,42,0,300,1,0.00
ssrf,feedback,fb=expanded,5,27,0,300,1,0.00
ssrf,feedback,fb=expanded,6,26,0,300,1,0.00
ssrf,feedback,fb=expanded,7,26,0,300,1,0.00
ssrf,feedback,fb=expanded,8,25,0,300,1,0.00
ssrf,feedback,fb=expanded,9,26,0,300,1,0.00
ssrf,feedback,fb=expanded,10,28,0,300,1,0.00
ssrf,feedback,fb=expanded,11,30,0,300,1,0.00
ssrf,feedback,fb=expanded,12,33,0,300,1,0.00
ssrf,feedback,fb=expanded,13,30,0,300,1,0.00
ssrf,feedback,fb=expanded,14,26,0,300,1,0.00
ssrf,feedback,fb=expanded,15,25,0,300,1,0.00
ssrf,feedback,fb=expanded,16,25,0,300,1,0.00
ssrf,feedback,fb=expanded,17,26,0,300,1,0.00
ssrf,feedback,fb=expanded,18,25,0,300,1,0.00
ssrf,feedback,fb=expanded,19,25,0,300,1,0.00
ssrf,feedback,fb=status>error,0,26,0,300,1,0.00
ssrf,feedback,fb=status>error,1,26,0,300,1,0.00
ssrf,feedback,fb=status>error,2,25,0,300,1,0.00
ssrf,feedback,fb=status>error,3,25,0,300,1,0.00
ssrf,feedback,fb=status>error,4,25,0,300,1,0.00
ssrf,feedback,fb=status>error,5,25,0,300,1,0.00
ssrf,feedback,fb=status>error,6,26,0,300,1,0.00
ssrf,feedback,fb=status>error,7,28,0,300,1,0.00
ssrf,feedback,fb=status>error,8,26,0,300,1,0.00
ssrf,feedback,fb=status>error,9,26,0,300,1,0.00
ssrf,feedback,fb=status>error,10,25,0,300,1,0.00
ssrf,feedback,fb=status>error,11,26,0,300,1,0.00
ssrf,feedback,fb=status>error,12,26,0,300,1,0.00
ssrf,feedback,fb=status>error,13,26,0,300,1,0.00
ssrf,feedback,fb=status>error,14,29,0,300,1,0.00
ssrf,feedback,fb=status>error,15,26,0,300,1,0.00
ssrf,feedback,fb=status>error,16,26,0,300,1,0.00
ssrf,feedback,fb=status>error,17,26,0,300,1,0.00
ssrf,feedback,fb=status>error,18,26,0,300,1,0.00
ssrf,feedback,fb=status>error,19,34,0,300,1,0.00
ssrf,feedback,fb=bodydiff+,0,29,0,300,1,0.00
ssrf,feedback,fb=bodydiff+,1,26,0,300,1,0.00
ssrf,feedback,fb=bodydiff+,2,25,0,300,1,0.00
ssrf,feedback,fb=bodydiff+,3,28,0,300,1,0.00
ssrf,feedback,fb=bodydiff+,4,26,0,300,1,0.00
ssrf,feedback,fb=bodydiff+,5,25,0,300,1,0.00
ssrf,feedback,fb=bodydiff+,6,27,0,300,1,0.00
ssrf,feedback,fb=bodydiff+,7,34,0,300,1,0.00
ssrf,feedback,fb=bodydiff+,8,26,0,300,1,0.00
ssrf,feedback,fb=bodydiff+,9,25,0,300,1,0.00
ssrf,feedback,fb=bodydiff+,10,28,0,300,1,0.00
ssrf,feedback,fb=bodydiff+,11,34,0,300,1,0.00
ssrf,feedback,fb=bodydiff+,12,30,0,300,1,0.00
ssrf,feedback,fb=bodydiff+,13,26,0,300,1,0.00
ssrf,feedback,fb=bodydiff+,14,25,0,300,1,0.00
ssrf,feedback,fb=bodydiff+,15,25,0,300,1,0.00
ssrf,feedback,fb=bodydiff+,16,25,0,300,1,0.00
ssrf,feedback,fb=bodydiff+,17,25,0,300,1,0.00
ssrf,feedback,fb=bodydiff+,18,25,0,300,1,0.00
ssrf,feedback,fb=bodydiff+,19,26,0,300,1,0.00
ssrf,feedback,fb=strict,0,26,0,300,1,0.00
ssrf,feedback,fb=strict,1,26,0,300,1,0.00
ssrf,feedback,fb=strict,2,25,0,300,1,0.00
ssrf,feedback,fb=strict,3,34,0,300,1,0.00
ssrf,feedback,fb=strict,4,35,0,300,1,0.00
ssrf,feedback,fb=strict,5,31,0,300,1,0.00
ssrf,feedback,fb=strict,6,29,0,300,1,0.00
ssrf,feedback,fb=strict,7,25,0,300,1,0.00
ssrf,feedback,fb=strict,8,27,0,300,1,0.00
ssrf,feedback,fb=strict,9,26,0,300,1,0.00
ssrf,feedback,fb=strict,10,25,0,300,1,0.00
ssrf,feedback,fb=strict,11,27,0,300,1,0.00
ssrf,feedback,fb=strict,12,27,0,300,1,0.00
ssrf,feedback,fb=strict,13,26,0,300,1,0.00
ssrf,feedback,fb=strict,14,25,0,300,1,0.00
ssrf,feedback,fb=strict,15,25,0,300,1,0.00
ssrf,feedback,fb=strict,16,34,0,300,1,0.00
ssrf,feedback,fb=strict,17,26,0,300,1,0.00
ssrf,feedback,fb=strict,18,25,0,300,1,0.00
ssrf,feedback,fb=strict,19,25,0,300,1,0.00
ssrf,min_score,minscore=1,0,26,0,300,1,0.00
ssrf,min_score,minscore=1,1,26,0,300,1,0.00
ssrf,min_score,minscore=1,2,25,0,300,1,0.00
ssrf,min_score,minscore=1,3,25,0,300,1,0.00
ssrf,min_score,minscore=1,4,26,0,300,1,0.00
ssrf,min_score,minscore=1,5,25,0,300,1,0.00
ssrf,min_score,minscore=1,6,29,0,300,1,0.00
ssrf,min_score,minscore=1,7,30,0,300,1,0.00
ssrf,min_score,minscore=1,8,26,0,300,1,0.00
ssrf,min_score,minscore=1,9,25,0,300,1,0.00
ssrf,min_score,minscore=1,10,30,0,300,1,0.00
ssrf,min_score,minscore=1,11,27,0,300,1,0.00
ssrf,min_score,minscore=1,12,25,0,300,1,0.00
ssrf,min_score,minscore=1,13,26,0,300,1,0.00
ssrf,min_score,minscore=1,14,27,0,300,1,0.00
ssrf,min_score,minscore=1,15,31,0,300,1,0.00
ssrf,min_score,minscore=1,16,25,0,300,1,0.00
ssrf,min_score,minscore=1,17,25,0,300,1,0.00
ssrf,min_score,minscore=1,18,27,0,300,1,0.00
ssrf,min_score,minscore=1,19,27,0,300,1,0.00
ssrf,min_score,minscore=2,0,27,0,300,1,0.00
ssrf,min_score,minscore=2,1,29,0,300,1,0.00
ssrf,min_score,minscore=2,2,30,0,300,1,0.00
ssrf,min_score,minscore=2,3,41,0,300,1,0.00
ssrf,min_score,minscore=2,4,41,0,300,1,0.00
ssrf,min_score,minscore=2,5,37,0,300,1,0.00
ssrf,min_score,minscore=2,6,38,0,300,1,0.00
ssrf,min_score,minscore=2,7,38,0,300,1,0.00
ssrf,min_score,minscore=2,8,37,0,300,1,0.00
ssrf,min_score,minscore=2,9,37,0,300,1,0.00
ssrf,min_score,minscore=2,10,29,0,300,1,0.00
ssrf,min_score,minscore=2,11,36,0,300,1,0.00
ssrf,min_score,minscore=2,12,36,0,300,1,0.00
ssrf,min_score,minscore=2,13,29,0,300,1,0.00
ssrf,min_score,minscore=2,14,37,0,300,1,0.00
ssrf,min_score,minscore=2,15,27,0,300,1,0.00
ssrf,min_score,minscore=2,16,25,0,300,1,0.00
ssrf,min_score,minscore=2,17,26,0,300,1,0.00
ssrf,min_score,minscore=2,18,29,0,300,1,0.00
ssrf,min_score,minscore=2,19,29,0,300,1,0.00
ssrf,min_score,minscore=3,0,26,0,300,1,0.00
ssrf,min_score,minscore=3,1,26,0,300,1,0.00
ssrf,min_score,minscore=3,2,25,0,300,1,0.00
ssrf,min_score,minscore=3,3,26,0,300,1,0.00
ssrf,min_score,minscore=3,4,26,0,300,1,0.00
ssrf,min_score,minscore=3,5,25,0,300,1,0.00
ssrf,min_score,minscore=3,6,26,0,300,1,0.00
ssrf,min_score,minscore=3,7,31,0,300,1,0.00
ssrf,min_score,minscore=3,8,25,0,300,1,0.00
ssrf,min_score,minscore=3,9,25,0,300,1,0.00
ssrf,min_score,minscore=3,10,25,0,300,1,0.00
ssrf,min_score,minscore=3,11,28,0,300,1,0.00
ssrf,min_score,minscore=3,12,25,0,300,1,0.00
ssrf,min_score,minscore=3,13,25,0,300,1,0.00
ssrf,min_score,minscore=3,14,26,0,300,1,0.00
ssrf,min_score,minscore=3,15,29,0,300,1,0.00
ssrf,min_score,minscore=3,16,26,0,300,1,0.00
ssrf,min_score,minscore=3,17,26,0,300,1,0.00
ssrf,min_score,minscore=3,18,25,0,300,1,0.00
ssrf,min_score,minscore=3,19,25,0,300,1,0.00
ssrf,min_score,minscore=4,0,26,0,300,1,0.00
ssrf,min_score,minscore=4,1,25,0,300,1,0.00
ssrf,min_score,minscore=4,2,29,0,300,1,0.00
ssrf,min_score,minscore=4,3,28,0,300,1,0.00
ssrf,min_score,minscore=4,4,26,0,300,1,0.00
ssrf,min_score,minscore=4,5,26,0,300,1,0.00
ssrf,min_score,minscore=4,6,26,0,300,1,0.00
ssrf,min_score,minscore=4,7,30,0,300,1,0.00
ssrf,min_score,minscore=4,8,29,0,300,1,0.00
ssrf,min_score,minscore=4,9,26,0,300,1,0.00
ssrf,min_score,minscore=4,10,25,0,300,1,0.00
ssrf,min_score,minscore=4,11,26,0,300,1,0.00
ssrf,min_score,minscore=4,12,25,0,300,1,0.00
ssrf,min_score,minscore=4,13,29,0,300,1,0.00
ssrf,min_score,minscore=4,14,29,0,300,1,0.00
ssrf,min_score,minscore=4,15,37,0,300,1,0.00
ssrf,min_score,minscore=4,16,31,0,300,1,0.00
ssrf,min_score,minscore=4,17,26,0,300,1,0.00
ssrf,min_score,minscore=4,18,27,0,300,1,0.00
ssrf,min_score,minscore=4,19,25,0,300,1,0.00
ssrf,min_score,minscore=5,0,26,0,300,1,0.00
ssrf,min_score,minscore=5,1,26,0,300,1,0.00
ssrf,min_score,minscore=5,2,25,0,300,1,0.00
ssrf,min_score,minscore=5,3,25,0,300,1,0.00
ssrf,min_score,minscore=5,4,26,0,300,1,0.00
ssrf,min_score,minscore=5,5,25,0,300,1,0.00
ssrf,min_score,minscore=5,6,29,0,300,1,0.00
ssrf,min_score,minscore=5,7,27,0,300,1,0.00
ssrf,min_score,minscore=5,8,25,0,300,1,0.00
ssrf,min_score,minscore=5,9,28,0,300,1,0.00
ssrf,min_score,minscore=5,10,26,0,300,1,0.00
ssrf,min_score,minscore=5,11,25,0,300,1,0.00
ssrf,min_score,minscore=5,12,26,0,300,1,0.00
ssrf,min_score,minscore=5,13,26,0,300,1,0.00
ssrf,min_score,minscore=5,14,27,0,300,1,0.00
ssrf,min_score,minscore=5,15,25,0,300,1,0.00
ssrf,min_score,minscore=5,16,25,0,300,1,0.00
ssrf,min_score,minscore=5,17,25,0,300,1,0.00
ssrf,min_score,minscore=5,18,26,0,300,1,0.00
ssrf,min_score,minscore=5,19,26,0,300,1,0.00
ssrf,min_score,minscore=6,0,25,0,300,1,0.00
ssrf,min_score,minscore=6,1,25,0,300,1,0.00
ssrf,min_score,minscore=6,2,28,0,300,1,0.00
ssrf,min_score,minscore=6,3,34,0,300,1,0.00
ssrf,min_score,minscore=6,4,32,0,300,1,0.00
ssrf,min_score,minscore=6,5,27,0,300,1,0.00
ssrf,min_score,minscore=6,6,33,0,300,1,0.00
ssrf,min_score,minscore=6,7,26,0,300,1,0.00
ssrf,min_score,minscore=6,8,25,0,300,1,0.00
ssrf,min_score,minscore=6,9,30,0,300,1,0.00
ssrf,min_score,minscore=6,10,31,0,300,1,0.00
ssrf,min_score,minscore=6,11,26,0,300,1,0.00
ssrf,min_score,minscore=6,12,25,0,300,1,0.00
ssrf,min_score,minscore=6,13,29,0,300,1,0.00
ssrf,min_score,minscore=6,14,26,0,300,1,0.00
ssrf,min_score,minscore=6,15,25,0,300,1,0.00
ssrf,min_score,minscore=6,16,29,0,300,1,0.00
ssrf,min_score,minscore=6,17,26,0,300,1,0.00
ssrf,min_score,minscore=6,18,26,0,300,1,0.00
ssrf,min_score,minscore=6,19,26,0,300,1,0.00
ssrf,stop_prob,stop=0.10_min1,0,30,0,300,1,0.00
ssrf,stop_prob,stop=0.10_min1,1,30,0,300,1,0.00
ssrf,stop_prob,stop=0.10_min1,2,28,0,300,1,0.00
ssrf,stop_prob,stop=0.10_min1,3,28,0,300,1,0.00
ssrf,stop_prob,stop=0.10_min1,4,33,0,300,1,0.00
ssrf,stop_prob,stop=0.10_min1,5,37,0,300,1,0.00
ssrf,stop_prob,stop=0.10_min1,6,28,0,300,1,0.00
ssrf,stop_prob,stop=0.10_min1,7,34,0,300,1,0.00
ssrf,stop_prob,stop=0.10_min1,8,40,0,300,1,0.00
ssrf,stop_prob,stop=0.10_min1,9,30,0,300,1,0.00
ssrf,stop_prob,stop=0.10_min1,10,31,0,300,1,0.00
ssrf,stop_prob,stop=0.10_min1,11,31,0,300,1,0.00
ssrf,stop_prob,stop=0.10_min1,12,31,0,300,1,0.00
ssrf,stop_prob,stop=0.10_min1,13,29,0,300,1,0.00
ssrf,stop_prob,stop=0.10_min1,14,28,0,300,1,0.00
ssrf,stop_prob,stop=0.10_min1,15,29,0,300,1,0.00
ssrf,stop_prob,stop=0.10_min1,16,35,0,300,1,0.00
ssrf,stop_prob,stop=0.10_min1,17,34,0,300,1,0.00
ssrf,stop_prob,stop=0.10_min1,18,34,0,300,1,0.00
ssrf,stop_prob,stop=0.10_min1,19,29,0,300,1,0.00
ssrf,stop_prob,stop=0.25_min1,0,25,0,300,1,0.00
ssrf,stop_prob,stop=0.25_min1,1,29,0,300,1,0.00
ssrf,stop_prob,stop=0.25_min1,2,26,0,300,1,0.00
ssrf,stop_prob,stop=0.25_min1,3,25,0,300,1,0.00
ssrf,stop_prob,stop=0.25_min1,4,25,0,300,1,0.00
ssrf,stop_prob,stop=0.25_min1,5,30,0,300,1,0.00
ssrf,stop_prob,stop=0.25_min1,6,27,0,300,1,0.00
ssrf,stop_prob,stop=0.25_min1,7,25,0,300,1,0.00
ssrf,stop_prob,stop=0.25_min1,8,24,0,300,1,0.00
ssrf,stop_prob,stop=0.25_min1,9,31,0,300,1,0.00
ssrf,stop_prob,stop=0.25_min1,10,26,0,300,1,0.00
ssrf,stop_prob,stop=0.25_min1,11,25,0,300,1,0.00
ssrf,stop_prob,stop=0.25_min1,12,25,0,300,1,0.00
ssrf,stop_prob,stop=0.25_min1,13,25,0,300,1,0.00
ssrf,stop_prob,stop=0.25_min1,14,26,0,300,1,0.00
ssrf,stop_prob,stop=0.25_min1,15,25,0,300,1,0.00
ssrf,stop_prob,stop=0.25_min1,16,25,0,300,1,0.00
ssrf,stop_prob,stop=0.25_min1,17,27,0,300,1,0.00
ssrf,stop_prob,stop=0.25_min1,18,29,0,300,1,0.00
ssrf,stop_prob,stop=0.25_min1,19,26,0,300,1,0.00
ssrf,stop_prob,stop=0.50_min1,0,24,0,300,1,0.00
ssrf,stop_prob,stop=0.50_min1,1,24,0,300,1,0.00
ssrf,stop_prob,stop=0.50_min1,2,30,0,300,1,0.00
ssrf,stop_prob,stop=0.50_min1,3,27,0,300,1,0.00
ssrf,stop_prob,stop=0.50_min1,4,24,0,300,1,0.00
ssrf,stop_prob,stop=0.50_min1,5,24,0,300,1,0.00
ssrf,stop_prob,stop=0.50_min1,6,24,0,300,1,0.00
ssrf,stop_prob,stop=0.50_min1,7,24,0,300,1,0.00
ssrf,stop_prob,stop=0.50_min1,8,24,0,300,1,0.00
ssrf,stop_prob,stop=0.50_min1,9,24,0,300,1,0.00
ssrf,stop_prob,stop=0.50_min1,10,24,0,300,1,0.00
ssrf,stop_prob,stop=0.50_min1,11,24,0,300,1,0.00
ssrf,stop_prob,stop=0.50_min1,12,25,0,300,1,0.00
ssrf,stop_prob,stop=0.50_min1,13,25,0,300,1,0.00
ssrf,stop_prob,stop=0.50_min1,14,24,0,300,1,0.00
ssrf,stop_prob,stop=0.50_min1,15,26,0,300,1,0.00
ssrf,stop_prob,stop=0.50_min1,16,34,0,300,1,0.00
ssrf,stop_prob,stop=0.50_min1,17,33,0,300,1,0.00
ssrf,stop_prob,stop=0.50_min1,18,24,0,300,1,0.00
ssrf,stop_prob,stop=0.50_min1,19,24,0,300,1,0.00
ssrf,stop_prob,stop=0.75_min1,0,25,0,300,1,0.00
ssrf,stop_prob,stop=0.75_min1,1,24,0,300,1,0.00
ssrf,stop_prob,stop=0.75_min1,2,26,0,300,1,0.00
ssrf,stop_prob,stop=0.75_min1,3,34,0,300,1,0.00
ssrf,stop_prob,stop=0.75_min1,4,34,0,300,1,0.00
ssrf,stop_prob,stop=0.75_min1,5,34,0,300,1,0.00
ssrf,stop_prob,stop=0.75_min1,6,32,0,300,1,0.00
ssrf,stop_prob,stop=0.75_min1,7,29,0,300,1,0.00
ssrf,stop_prob,stop=0.75_min1,8,27,0,300,1,0.00
ssrf,stop_prob,stop=0.75_min1,9,26,0,300,1,0.00
ssrf,stop_prob,stop=0.75_min1,10,31,0,300,1,0.00
ssrf,stop_prob,stop=0.75_min1,11,24,0,300,1,0.00
ssrf,stop_prob,stop=0.75_min1,12,26,0,300,1,0.00
ssrf,stop_prob,stop=0.75_min1,13,25,0,300,1,0.00
ssrf,stop_prob,stop=0.75_min1,14,24,0,300,1,0.00
ssrf,stop_prob,stop=0.75_min1,15,23,0,300,1,0.00
ssrf,stop_prob,stop=0.75_min1,16,23,0,300,1,0.00
ssrf,stop_prob,stop=0.75_min1,17,24,0,300,1,0.00
ssrf,stop_prob,stop=0.75_min1,18,24,0,300,1,0.00
ssrf,stop_prob,stop=0.75_min1,19,24,0,300,1,0.00
ssrf,stop_prob,stop=0.90_min1,0,24,0,300,1,0.00
ssrf,stop_prob,stop=0.90_min1,1,24,0,300,1,0.00
ssrf,stop_prob,stop=0.90_min1,2,24,0,300,1,0.00
ssrf,stop_prob,stop=0.90_min1,3,25,0,300,1,0.00
ssrf,stop_prob,stop=0.90_min1,4,28,0,300,1,0.00
ssrf,stop_prob,stop=0.90_min1,5,24,0,300,1,0.00
ssrf,stop_prob,stop=0.90_min1,6,25,0,300,1,0.00
ssrf,stop_prob,stop=0.90_min1,7,24,0,300,1,0.00
ssrf,stop_prob,stop=0.90_min1,8,24,0,300,1,0.00
ssrf,stop_prob,stop=0.90_min1,9,24,0,300,1,0.00
ssrf,stop_prob,stop=0.90_min1,10,25,0,300,1,0.00
ssrf,stop_prob,stop=0.90_min1,11,24,0,300,1,0.00
ssrf,stop_prob,stop=0.90_min1,12,24,0,300,1,0.00
ssrf,stop_prob,stop=0.90_min1,13,24,0,300,1,0.00
ssrf,stop_prob,stop=0.90_min1,14,30,0,300,1,0.00
ssrf,stop_prob,stop=0.90_min1,15,27,0,300,1,0.00
ssrf,stop_prob,stop=0.90_min1,16,24,0,300,1,0.00
ssrf,stop_prob,stop=0.90_min1,17,24,0,300,1,0.00
ssrf,stop_prob,stop=0.90_min1,18,25,0,300,1,0.00
ssrf,stop_prob,stop=0.90_min1,19,25,0,300,1,0.00
ssrf,min_atoms,min=1,0,25,0,300,1,0.00
ssrf,min_atoms,min=1,1,25,0,300,1,0.00
ssrf,min_atoms,min=1,2,27,0,300,1,0.00
ssrf,min_atoms,min=1,3,26,0,300,1,0.00
ssrf,min_atoms,min=1,4,26,0,300,1,0.00
ssrf,min_atoms,min=1,5,33,0,300,1,0.00
ssrf,min_atoms,min=1,6,26,0,300,1,0.00
ssrf,min_atoms,min=1,7,27,0,300,1,0.00
ssrf,min_atoms,min=1,8,27,0,300,1,0.00
ssrf,min_atoms,min=1,9,25,0,300,1,0.00
ssrf,min_atoms,min=1,10,27,0,300,1,0.00
ssrf,min_atoms,min=1,11,25,0,300,1,0.00
ssrf,min_atoms,min=1,12,25,0,300,1,0.00
ssrf,min_atoms,min=1,13,37,0,300,1,0.00
ssrf,min_atoms,min=1,14,25,0,300,1,0.00
ssrf,min_atoms,min=1,15,29,0,300,1,0.00
ssrf,min_atoms,min=1,16,25,0,300,1,0.00
ssrf,min_atoms,min=1,17,34,0,300,1,0.00
ssrf,min_atoms,min=1,18,29,0,300,1,0.00
ssrf,min_atoms,min=1,19,29,0,300,1,0.00
ssrf,min_atoms,min=2,0,26,0,300,1,0.00
ssrf,min_atoms,min=2,1,30,0,300,1,0.00
ssrf,min_atoms,min=2,2,27,0,300,1,0.00
ssrf,min_atoms,min=2,3,28,0,300,1,0.00
ssrf,min_atoms,min=2,4,27,0,300,1,0.00
ssrf,min_atoms,min=2,5,34,0,300,1,0.00
ssrf,min_atoms,min=2,6,28,0,300,1,0.00
ssrf,min_atoms,min=2,7,27,0,300,1,0.00
ssrf,min_atoms,min=2,8,26,0,300,1,0.00
ssrf,min_atoms,min=2,9,26,0,300,1,0.00
ssrf,min_atoms,min=2,10,25,0,300,1,0.00
ssrf,min_atoms,min=2,11,26,0,300,1,0.00
ssrf,min_atoms,min=2,12,26,0,300,1,0.00
ssrf,min_atoms,min=2,13,28,0,300,1,0.00
ssrf,min_atoms,min=2,14,26,0,300,1,0.00
ssrf,min_atoms,min=2,15,25,0,300,1,0.00
ssrf,min_atoms,min=2,16,25,0,300,1,0.00
ssrf,min_atoms,min=2,17,33,0,300,1,0.00
ssrf,min_atoms,min=2,18,28,0,300,1,0.00
ssrf,min_atoms,min=2,19,25,0,300,1,0.00
ssrf,min_atoms,min=3,0,27,0,300,1,0.00
ssrf,min_atoms,min=3,1,30,0,300,1,0.00
ssrf,min_atoms,min=3,2,30,0,300,1,0.00
ssrf,min_atoms,min=3,3,26,0,300,1,0.00
ssrf,min_atoms,min=3,4,26,0,300,1,0.00
ssrf,min_atoms,min=3,5,26,0,300,1,0.00
ssrf,min_atoms,min=3,6,28,0,300,1,0.00
ssrf,min_atoms,min=3,7,26,0,300,1,0.00
ssrf,min_atoms,min=3,8,26,0,300,1,0.00
ssrf,min_atoms,min=3,9,26,0,300,1,0.00
ssrf,min_atoms,min=3,10,27,0,300,1,0.00
ssrf,min_atoms,min=3,11,26,0,300,1,0.00
ssrf,min_atoms,min=3,12,26,0,300,1,0.00
ssrf,min_atoms,min=3,13,26,0,300,1,0.00
ssrf,min_atoms,min=3,14,27,0,300,1,0.00
ssrf,min_atoms,min=3,15,26,0,300,1,0.00
ssrf,min_atoms,min=3,16,26,0,300,1,0.00
ssrf,min_atoms,min=3,17,26,0,300,1,0.00
ssrf,min_atoms,min=3,18,27,0,300,1,0.00
ssrf,min_atoms,min=3,19,26,0,300,1,0.00
ssrf,min_atoms,min=4,0,27,0,300,1,0.00
ssrf,min_atoms,min=4,1,32,0,300,1,0.00
ssrf,min_atoms,min=4,2,34,0,300,1,0.00
ssrf,min_atoms,min=4,3,30,0,300,1,0.00
ssrf,min_atoms,min=4,4,27,0,300,1,0.00
ssrf,min_atoms,min=4,5,26,0,300,1,0.00
ssrf,min_atoms,min=4,6,27,0,300,1,0.00
ssrf,min_atoms,min=4,7,31,0,300,1,0.00
ssrf,min_atoms,min=4,8,38,0,300,1,0.00
ssrf,min_atoms,min=4,9,39,0,300,1,0.00
ssrf,min_atoms,min=4,10,29,0,300,1,0.00
ssrf,min_atoms,min=4,11,29,0,300,1,0.00
ssrf,min_atoms,min=4,12,39,0,300,1,0.00
ssrf,min_atoms,min=4,13,30,0,300,1,0.00
ssrf,min_atoms,min=4,14,27,0,300,1,0.00
ssrf,min_atoms,min=4,15,27,0,300,1,0.00
ssrf,min_atoms,min=4,16,33,0,300,1,0.00
ssrf,min_atoms,min=4,17,27,0,300,1,0.00
ssrf,min_atoms,min=4,18,27,0,300,1,0.00
ssrf,min_atoms,min=4,19,26,0,300,1,0.00
ssrf,vocab,vocab=default,0,26,0,300,1,0.00
ssrf,vocab,vocab=default,1,26,0,300,1,0.00
ssrf,vocab,vocab=default,2,26,0,300,1,0.00
ssrf,vocab,vocab=default,3,26,0,300,1,0.00
ssrf,vocab,vocab=default,4,26,0,300,1,0.00
ssrf,vocab,vocab=default,5,26,0,300,1,0.00
ssrf,vocab,vocab=default,6,26,0,300,1,0.00
ssrf,vocab,vocab=default,7,25,0,300,1,0.00
ssrf,vocab,vocab=default,8,26,0,300,1,0.00
ssrf,vocab,vocab=default,9,26,0,300,1,0.00
ssrf,vocab,vocab=default,10,26,0,300,1,0.00
ssrf,vocab,vocab=default,11,26,0,300,1,0.00
ssrf,vocab,vocab=default,12,26,0,300,1,0.00
ssrf,vocab,vocab=default,13,25,0,300,1,0.00
ssrf,vocab,vocab=default,14,26,0,300,1,0.00
ssrf,vocab,vocab=default,15,27,0,300,1,0.00
ssrf,vocab,vocab=default,16,30,0,300,1,0.00
ssrf,vocab,vocab=default,17,27,0,300,1,0.00
ssrf,vocab,vocab=default,18,26,0,300,1,0.00
ssrf,vocab,vocab=default,19,27,0,300,1,0.00
ssrf,vocab,vocab=xss+,0,28,0,300,1,0.00
ssrf,vocab,vocab=xss+,1,27,0,300,1,0.00
ssrf,vocab,vocab=xss+,2,26,0,300,1,0.00
ssrf,vocab,vocab=xss+,3,27,0,300,1,0.00
ssrf,vocab,vocab=xss+,4,29,0,300,1,0.00
ssrf,vocab,vocab=xss+,5,27,0,300,1,0.00
ssrf,vocab,vocab=xss+,6,26,0,300,1,0.00
ssrf,vocab,vocab=xss+,7,26,0,300,1,0.00
ssrf,vocab,vocab=xss+,8,26,0,300,1,0.00
ssrf,vocab,vocab=xss+,9,26,0,300,1,0.00
ssrf,vocab,vocab=xss+,10,26,0,300,1,0.00
ssrf,vocab,vocab=xss+,11,28,0,300,1,0.00
ssrf,vocab,vocab=xss+,12,27,0,300,1,0.00
ssrf,vocab,vocab=xss+,13,30,0,300,1,0.00
ssrf,vocab,vocab=xss+,14,29,0,300,1,0.00
ssrf,vocab,vocab=xss+,15,37,0,300,1,0.00
ssrf,vocab,vocab=xss+,16,30,0,300,1,0.00
ssrf,vocab,vocab=xss+,17,27,0,300,1,0.00
ssrf,vocab,vocab=xss+,18,26,0,300,1,0.00
ssrf,vocab,vocab=xss+,19,34,0,300,1,0.00
ssrf,vocab,vocab=sqli+,0,41,0,300,1,0.00
ssrf,vocab,vocab=sqli+,1,29,0,300,1,0.00
ssrf,vocab,vocab=sqli+,2,26,0,300,1,0.00
ssrf,vocab,vocab=sqli+,3,31,0,300,1,0.00
ssrf,vocab,vocab=sqli+,4,26,0,300,1,0.00
ssrf,vocab,vocab=sqli+,5,27,0,300,1,0.00
ssrf,vocab,vocab=sqli+,6,36,0,300,1,0.00
ssrf,vocab,vocab=sqli+,7,27,0,300,1,0.00
ssrf,vocab,vocab=sqli+,8,27,0,300,1,0.00
ssrf,vocab,vocab=sqli+,9,27,0,300,1,0.00
ssrf,vocab,vocab=sqli+,10,26,0,300,1,0.00
ssrf,vocab,vocab=sqli+,11,26,0,300,1,0.00
ssrf,vocab,vocab=sqli+,12,26,0,300,1,0.00
ssrf,vocab,vocab=sqli+,13,27,0,300,1,0.00
ssrf,vocab,vocab=sqli+,14,26,0,300,1,0.00
ssrf,vocab,vocab=sqli+,15,27,0,300,1,0.00
ssrf,vocab,vocab=sqli+,16,26,0,300,1,0.00
ssrf,vocab,vocab=sqli+,17,25,0,300,1,0.00
ssrf,vocab,vocab=sqli+,18,26,0,300,1,0.00
ssrf,vocab,vocab=sqli+,19,27,0,300,1,0.00
ssrf,vocab,vocab=ssti+,0,27,0,300,1,0.00
ssrf,vocab,vocab=ssti+,1,26,0,300,1,0.00
ssrf,vocab,vocab=ssti+,2,28,0,300,1,0.00
ssrf,vocab,vocab=ssti+,3,28,0,300,1,0.00
ssrf,vocab,vocab=ssti+,4,27,0,300,1,0.00
ssrf,vocab,vocab=ssti+,5,29,0,300,1,0.00
ssrf,vocab,vocab=ssti+,6,27,0,300,1,0.00
ssrf,vocab,vocab=ssti+,7,27,0,300,1,0.00
ssrf,vocab,vocab=ssti+,8,27,0,300,1,0.00
ssrf,vocab,vocab=ssti+,9,27,0,300,1,0.00
ssrf,vocab,vocab=ssti+,10,27,0,300,1,0.00
ssrf,vocab,vocab=ssti+,11,31,0,300,1,0.00
ssrf,vocab,vocab=ssti+,12,31,0,300,1,0.00
ssrf,vocab,vocab=ssti+,13,26,0,300,1,0.00
ssrf,vocab,vocab=ssti+,14,37,0,300,1,0.00
ssrf,vocab,vocab=ssti+,15,27,0,300,1,0.00
ssrf,vocab,vocab=ssti+,16,28,0,300,1,0.00
ssrf,vocab,vocab=ssti+,17,29,0,300,1,0.00
ssrf,vocab,vocab=ssti+,18,33,0,300,1,0.00
ssrf,vocab,vocab=ssti+,19,27,0,300,1,0.00
path-traversal,gen_ratio,gen=0.0,0,22,0,300,1,0.00
path-traversal,gen_ratio,gen=0.0,1,27,0,300,1,0.00
path-traversal,gen_ratio,gen=0.0,2,27,0,300,1,0.00
path-traversal,gen_ratio,gen=0.0,3,22,0,300,1,0.00
path-traversal,gen_ratio,gen=0.0,4,22,0,300,1,0.00
path-traversal,gen_ratio,gen=0.0,5,26,0,300,1,0.00
path-traversal,gen_ratio,gen=0.0,6,32,0,300,1,0.00
path-traversal,gen_ratio,gen=0.0,7,25,0,300,1,0.00
path-traversal,gen_ratio,gen=0.0,8,22,0,300,1,0.00
path-traversal,gen_ratio,gen=0.0,9,22,0,300,1,0.00
path-traversal,gen_ratio,gen=0.0,10,27,0,300,1,0.00
path-traversal,gen_ratio,gen=0.0,11,28,0,300,1,0.00
path-traversal,gen_ratio,gen=0.0,12,23,0,300,1,0.00
path-traversal,gen_ratio,gen=0.0,13,21,0,300,1,0.00
path-traversal,gen_ratio,gen=0.0,14,23,0,300,1,0.00
path-traversal,gen_ratio,gen=0.0,15,26,0,300,1,0.00
path-traversal,gen_ratio,gen=0.0,16,27,0,300,1,0.00
path-traversal,gen_ratio,gen=0.0,17,30,0,300,1,0.00
path-traversal,gen_ratio,gen=0.0,18,26,0,300,1,0.00
path-traversal,gen_ratio,gen=0.0,19,30,0,300,1,0.00
path-traversal,gen_ratio,gen=0.1,0,26,0,300,1,0.00
path-traversal,gen_ratio,gen=0.1,1,27,0,300,1,0.00
path-traversal,gen_ratio,gen=0.1,2,29,0,300,1,0.00
path-traversal,gen_ratio,gen=0.1,3,24,0,300,1,0.00
path-traversal,gen_ratio,gen=0.1,4,22,0,300,1,0.00
path-traversal,gen_ratio,gen=0.1,5,22,0,300,1,0.00
path-traversal,gen_ratio,gen=0.1,6,22,0,300,1,0.00
path-traversal,gen_ratio,gen=0.1,7,23,0,300,1,0.00
path-traversal,gen_ratio,gen=0.1,8,22,0,300,1,0.00
path-traversal,gen_ratio,gen=0.1,9,22,0,300,1,0.00
path-traversal,gen_ratio,gen=0.1,10,22,0,300,1,0.00
path-traversal,gen_ratio,gen=0.1,11,22,0,300,1,0.00
path-traversal,gen_ratio,gen=0.1,12,23,0,300,1,0.00
path-traversal,gen_ratio,gen=0.1,13,22,0,300,1,0.00
path-traversal,gen_ratio,gen=0.1,14,22,0,300,1,0.00
path-traversal,gen_ratio,gen=0.1,15,22,0,300,1,0.00
path-traversal,gen_ratio,gen=0.1,16,22,0,300,1,0.00
path-traversal,gen_ratio,gen=0.1,17,22,0,300,1,0.00
path-traversal,gen_ratio,gen=0.1,18,22,0,300,1,0.00
path-traversal,gen_ratio,gen=0.1,19,22,0,300,1,0.00
path-traversal,gen_ratio,gen=0.2,0,23,0,300,1,0.00
path-traversal,gen_ratio,gen=0.2,1,29,0,300,1,0.00
path-traversal,gen_ratio,gen=0.2,2,23,0,300,1,0.00
path-traversal,gen_ratio,gen=0.2,3,22,0,300,1,0.00
path-traversal,gen_ratio,gen=0.2,4,22,0,300,1,0.00
path-traversal,gen_ratio,gen=0.2,5,26,0,300,1,0.00
path-traversal,gen_ratio,gen=0.2,6,27,0,300,1,0.00
path-traversal,gen_ratio,gen=0.2,7,22,0,300,1,0.00
path-traversal,gen_ratio,gen=0.2,8,22,0,300,1,0.00
path-traversal,gen_ratio,gen=0.2,9,22,0,300,1,0.00
path-traversal,gen_ratio,gen=0.2,10,27,0,300,1,0.00
path-traversal,gen_ratio,gen=0.2,11,23,0,300,1,0.00
path-traversal,gen_ratio,gen=0.2,12,23,0,300,1,0.00
path-traversal,gen_ratio,gen=0.2,13,22,0,300,1,0.00
path-traversal,gen_ratio,gen=0.2,14,27,0,300,1,0.00
path-traversal,gen_ratio,gen=0.2,15,29,0,300,1,0.00
path-traversal,gen_ratio,gen=0.2,16,22,0,300,1,0.00
path-traversal,gen_ratio,gen=0.2,17,22,0,300,1,0.00
path-traversal,gen_ratio,gen=0.2,18,26,0,300,1,0.00
path-traversal,gen_ratio,gen=0.2,19,27,0,300,1,0.00
path-traversal,gen_ratio,gen=0.3,0,23,0,300,1,0.00
path-traversal,gen_ratio,gen=0.3,1,22,0,300,1,0.00
path-traversal,gen_ratio,gen=0.3,2,28,0,300,1,0.00
path-traversal,gen_ratio,gen=0.3,3,33,0,300,1,0.00
path-traversal,gen_ratio,gen=0.3,4,25,0,300,1,0.00
path-traversal,gen_ratio,gen=0.3,5,24,0,300,1,0.00
path-traversal,gen_ratio,gen=0.3,6,28,0,300,1,0.00
path-traversal,gen_ratio,gen=0.3,7,30,0,300,1,0.00
path-traversal,gen_ratio,gen=0.3,8,23,0,300,1,0.00
path-traversal,gen_ratio,gen=0.3,9,22,0,300,1,0.00
path-traversal,gen_ratio,gen=0.3,10,22,0,300,1,0.00
path-traversal,gen_ratio,gen=0.3,11,26,0,300,1,0.00
path-traversal,gen_ratio,gen=0.3,12,23,0,300,1,0.00
path-traversal,gen_ratio,gen=0.3,13,22,0,300,1,0.00
path-traversal,gen_ratio,gen=0.3,14,23,0,300,1,0.00
path-traversal,gen_ratio,gen=0.3,15,25,0,300,1,0.00
path-traversal,gen_ratio,gen=0.3,16,22,0,300,1,0.00
path-traversal,gen_ratio,gen=0.3,17,23,0,300,1,0.00
path-traversal,gen_ratio,gen=0.3,18,22,0,300,1,0.00
path-traversal,gen_ratio,gen=0.3,19,23,0,300,1,0.00
path-traversal,gen_ratio,gen=0.4,0,28,0,300,1,0.00
path-traversal,gen_ratio,gen=0.4,1,23,0,300,1,0.00
path-traversal,gen_ratio,gen=0.4,2,22,0,300,1,0.00
path-traversal,gen_ratio,gen=0.4,3,27,0,300,1,0.00
path-traversal,gen_ratio,gen=0.4,4,24,0,300,1,0.00
path-traversal,gen_ratio,gen=0.4,5,24,0,300,1,0.00
path-traversal,gen_ratio,gen=0.4,6,22,0,300,1,0.00
path-traversal,gen_ratio,gen=0.4,7,24,0,300,1,0.00
path-traversal,gen_ratio,gen=0.4,8,24,0,300,1,0.00
path-traversal,gen_ratio,gen=0.4,9,23,0,300,1,0.00
path-traversal,gen_ratio,gen=0.4,10,22,0,300,1,0.00
path-traversal,gen_ratio,gen=0.4,11,23,0,300,1,0.00
path-traversal,gen_ratio,gen=0.4,12,23,0,300,1,0.00
path-traversal,gen_ratio,gen=0.4,13,24,0,300,1,0.00
path-traversal,gen_ratio,gen=0.4,14,23,0,300,1,0.00
path-traversal,gen_ratio,gen=0.4,15,23,0,300,1,0.00
path-traversal,gen_ratio,gen=0.4,16,24,0,300,1,0.00
path-traversal,gen_ratio,gen=0.4,17,23,0,300,1,0.00
path-traversal,gen_ratio,gen=0.4,18,24,0,300,1,0.00
path-traversal,gen_ratio,gen=0.4,19,23,0,300,1,0.00
path-traversal,gen_ratio,gen=0.5,0,24,0,300,1,0.00
path-traversal,gen_ratio,gen=0.5,1,25,0,300,1,0.00
path-traversal,gen_ratio,gen=0.5,2,25,0,300,1,0.00
path-traversal,gen_ratio,gen=0.5,3,24,0,300,1,0.00
path-traversal,gen_ratio,gen=0.5,4,23,0,300,1,0.00
path-traversal,gen_ratio,gen=0.5,5,24,0,300,1,0.00
path-traversal,gen_ratio,gen=0.5,6,23,0,300,1,0.00
path-traversal,gen_ratio,gen=0.5,7,35,0,300,1,0.00
path-traversal,gen_ratio,gen=0.5,8,23,0,300,1,0.00
path-traversal,gen_ratio,gen=0.5,9,23,0,300,1,0.00
path-traversal,gen_ratio,gen=0.5,10,26,0,300,1,0.00
path-traversal,gen_ratio,gen=0.5,11,27,0,300,1,0.00
path-traversal,gen_ratio,gen=0.5,12,23,0,300,1,0.00
path-traversal,gen_ratio,gen=0.5,13,23,0,300,1,0.00
path-traversal,gen_ratio,gen=0.5,14,24,0,300,1,0.00
path-traversal,gen_ratio,gen=0.5,15,25,0,300,1,0.00
path-traversal,gen_ratio,gen=0.5,16,23,0,300,1,0.00
path-traversal,gen_ratio,gen=0.5,17,26,0,300,1,0.00
path-traversal,gen_ratio,gen=0.5,18,24,0,300,1,0.00
path-traversal,gen_ratio,gen=0.5,19,24,0,300,1,0.00
path-traversal,gen_ratio,gen=0.6,0,24,0,300,1,0.00
path-traversal,gen_ratio,gen=0.6,1,23,0,300,1,0.00
path-traversal,gen_ratio,gen=0.6,2,23,0,300,1,0.00
path-traversal,gen_ratio,gen=0.6,3,23,0,300,1,0.00
path-traversal,gen_ratio,gen=0.6,4,31,0,300,1,0.00
path-traversal,gen_ratio,gen=0.6,5,24,0,300,1,0.00
path-traversal,gen_ratio,gen=0.6,6,23,0,300,1,0.00
path-traversal,gen_ratio,gen=0.6,7,31,0,300,1,0.00
path-traversal,gen_ratio,gen=0.6,8,29,0,300,1,0.00
path-traversal,gen_ratio,gen=0.6,9,24,0,300,1,0.00
path-traversal,gen_ratio,gen=0.6,10,23,0,300,1,0.00
path-traversal,gen_ratio,gen=0.6,11,24,0,300,1,0.00
path-traversal,gen_ratio,gen=0.6,12,28,0,300,1,0.00
path-traversal,gen_ratio,gen=0.6,13,24,0,300,1,0.00
path-traversal,gen_ratio,gen=0.6,14,23,0,300,1,0.00
path-traversal,gen_ratio,gen=0.6,15,26,0,300,1,0.00
path-traversal,gen_ratio,gen=0.6,16,34,0,300,1,0.00
path-traversal,gen_ratio,gen=0.6,17,27,0,300,1,0.00
path-traversal,gen_ratio,gen=0.6,18,23,0,300,1,0.00
path-traversal,gen_ratio,gen=0.6,19,26,0,300,1,0.00
path-traversal,gen_ratio,gen=0.7,0,27,0,300,1,0.00
path-traversal,gen_ratio,gen=0.7,1,24,0,300,1,0.00
path-traversal,gen_ratio,gen=0.7,2,23,0,300,1,0.00
path-traversal,gen_ratio,gen=0.7,3,23,0,300,1,0.00
path-traversal,gen_ratio,gen=0.7,4,27,0,300,1,0.00
path-traversal,gen_ratio,gen=0.7,5,23,0,300,1,0.00
path-traversal,gen_ratio,gen=0.7,6,23,0,300,1,0.00
path-traversal,gen_ratio,gen=0.7,7,23,0,300,1,0.00
path-traversal,gen_ratio,gen=0.7,8,23,0,300,1,0.00
path-traversal,gen_ratio,gen=0.7,9,24,0,300,1,0.00
path-traversal,gen_ratio,gen=0.7,10,23,0,300,1,0.00
path-traversal,gen_ratio,gen=0.7,11,23,0,300,1,0.00
path-traversal,gen_ratio,gen=0.7,12,23,0,300,1,0.00
path-traversal,gen_ratio,gen=0.7,13,23,0,300,1,0.00
path-traversal,gen_ratio,gen=0.7,14,24,0,300,1,0.00
path-traversal,gen_ratio,gen=0.7,15,23,0,300,1,0.00
path-traversal,gen_ratio,gen=0.7,16,26,0,300,1,0.00
path-traversal,gen_ratio,gen=0.7,17,24,0,300,1,0.00
path-traversal,gen_ratio,gen=0.7,18,24,0,300,1,0.00
path-traversal,gen_ratio,gen=0.7,19,23,0,300,1,0.00
path-traversal,gen_ratio,gen=0.8,0,23,0,300,1,0.00
path-traversal,gen_ratio,gen=0.8,1,23,0,300,1,0.00
path-traversal,gen_ratio,gen=0.8,2,24,0,300,1,0.00
path-traversal,gen_ratio,gen=0.8,3,24,0,300,1,0.00
path-traversal,gen_ratio,gen=0.8,4,23,0,300,1,0.00
path-traversal,gen_ratio,gen=0.8,5,24,0,300,1,0.00
path-traversal,gen_ratio,gen=0.8,6,26,0,300,1,0.00
path-traversal,gen_ratio,gen=0.8,7,24,0,300,1,0.00
path-traversal,gen_ratio,gen=0.8,8,23,0,300,1,0.00
path-traversal,gen_ratio,gen=0.8,9,23,0,300,1,0.00
path-traversal,gen_ratio,gen=0.8,10,23,0,300,1,0.00
path-traversal,gen_ratio,gen=0.8,11,25,0,300,1,0.00
path-traversal,gen_ratio,gen=0.8,12,23,0,300,1,0.00
path-traversal,gen_ratio,gen=0.8,13,24,0,300,1,0.00
path-traversal,gen_ratio,gen=0.8,14,23,0,300,1,0.00
path-traversal,gen_ratio,gen=0.8,15,24,0,300,1,0.00
path-traversal,gen_ratio,gen=0.8,16,23,0,300,1,0.00
path-traversal,gen_ratio,gen=0.8,17,32,0,300,1,0.00
path-traversal,gen_ratio,gen=0.8,18,24,0,300,1,0.00
path-traversal,gen_ratio,gen=0.8,19,23,0,300,1,0.00
path-traversal,gen_ratio,gen=0.9,0,28,0,300,1,0.00
path-traversal,gen_ratio,gen=0.9,1,33,0,300,1,0.00
path-traversal,gen_ratio,gen=0.9,2,28,0,300,1,0.00
path-traversal,gen_ratio,gen=0.9,3,33,0,300,1,0.00
path-traversal,gen_ratio,gen=0.9,4,24,0,300,1,0.00
path-traversal,gen_ratio,gen=0.9,5,29,0,300,1,0.00
path-traversal,gen_ratio,gen=0.9,6,24,0,300,1,0.00
path-traversal,gen_ratio,gen=0.9,7,24,0,300,1,0.00
path-traversal,gen_ratio,gen=0.9,8,23,0,300,1,0.00
path-traversal,gen_ratio,gen=0.9,9,24,0,300,1,0.00
path-traversal,gen_ratio,gen=0.9,10,29,0,300,1,0.00
path-traversal,gen_ratio,gen=0.9,11,24,0,300,1,0.00
path-traversal,gen_ratio,gen=0.9,12,30,0,300,1,0.00
path-traversal,gen_ratio,gen=0.9,13,32,0,300,1,0.00
path-traversal,gen_ratio,gen=0.9,14,34,0,300,1,0.00
path-traversal,gen_ratio,gen=0.9,15,26,0,300,1,0.00
path-traversal,gen_ratio,gen=0.9,16,23,0,300,1,0.00
path-traversal,gen_ratio,gen=0.9,17,23,0,300,1,0.00
path-traversal,gen_ratio,gen=0.9,18,23,0,300,1,0.00
path-traversal,gen_ratio,gen=0.9,19,26,0,300,1,0.00
path-traversal,gen_ratio,gen=1.0,0,24,0,300,1,0.00
path-traversal,gen_ratio,gen=1.0,1,23,0,300,1,0.00
path-traversal,gen_ratio,gen=1.0,2,23,0,300,1,0.00
path-traversal,gen_ratio,gen=1.0,3,24,0,300,1,0.00
path-traversal,gen_ratio,gen=1.0,4,24,0,300,1,0.00
path-traversal,gen_ratio,gen=1.0,5,24,0,300,1,0.00
path-traversal,gen_ratio,gen=1.0,6,25,0,300,1,0.00
path-traversal,gen_ratio,gen=1.0,7,23,0,300,1,0.00
path-traversal,gen_ratio,gen=1.0,8,24,0,300,1,0.00
path-traversal,gen_ratio,gen=1.0,9,24,0,300,1,0.00
path-traversal,gen_ratio,gen=1.0,10,24,0,300,1,0.00
path-traversal,gen_ratio,gen=1.0,11,24,0,300,1,0.00
path-traversal,gen_ratio,gen=1.0,12,23,0,300,1,0.00
path-traversal,gen_ratio,gen=1.0,13,25,0,300,1,0.00
path-traversal,gen_ratio,gen=1.0,14,24,0,300,1,0.00
path-traversal,gen_ratio,gen=1.0,15,23,0,300,1,0.00
path-traversal,gen_ratio,gen=1.0,16,24,0,300,1,0.00
path-traversal,gen_ratio,gen=1.0,17,24,0,300,1,0.00
path-traversal,gen_ratio,gen=1.0,18,24,0,300,1,0.00
path-traversal,gen_ratio,gen=1.0,19,23,0,300,1,0.00
path-traversal,length,len=short,0,23,0,300,1,0.00
path-traversal,length,len=short,1,27,0,300,1,0.00
path-traversal,length,len=short,2,26,0,300,1,0.00
path-traversal,length,len=short,3,22,0,300,1,0.00
path-traversal,length,len=short,4,21,0,300,1,0.00
path-traversal,length,len=short,5,22,0,300,1,0.00
path-traversal,length,len=short,6,23,0,300,1,0.00
path-traversal,length,len=short,7,28,0,300,1,0.00
path-traversal,length,len=short,8,21,0,300,1,0.00
path-traversal,length,len=short,9,21,0,300,1,0.00
path-traversal,length,len=short,10,21,0,300,1,0.00
path-traversal,length,len=short,11,22,0,300,1,0.00
path-traversal,length,len=short,12,22,0,300,1,0.00
path-traversal,length,len=short,13,22,0,300,1,0.00
path-traversal,length,len=short,14,22,0,300,1,0.00
path-traversal,length,len=short,15,23,0,300,1,0.00
path-traversal,length,len=short,16,29,0,300,1,0.00
path-traversal,length,len=short,17,22,0,300,1,0.00
path-traversal,length,len=short,18,22,0,300,1,0.00
path-traversal,length,len=short,19,25,0,300,1,0.00
path-traversal,length,len=medium,0,31,0,300,1,0.00
path-traversal,length,len=medium,1,25,0,300,1,0.00
path-traversal,length,len=medium,2,27,0,300,1,0.00
path-traversal,length,len=medium,3,29,0,300,1,0.00
path-traversal,length,len=medium,4,27,0,300,1,0.00
path-traversal,length,len=medium,5,23,0,300,1,0.00
path-traversal,length,len=medium,6,23,0,300,1,0.00
path-traversal,length,len=medium,7,23,0,300,1,0.00
path-traversal,length,len=medium,8,33,0,300,1,0.00
path-traversal,length,len=medium,9,23,0,300,1,0.00
path-traversal,length,len=medium,10,33,0,300,1,0.00
path-traversal,length,len=medium,11,33,0,300,1,0.00
path-traversal,length,len=medium,12,24,0,300,1,0.00
path-traversal,length,len=medium,13,23,0,300,1,0.00
path-traversal,length,len=medium,14,23,0,300,1,0.00
path-traversal,length,len=medium,15,23,0,300,1,0.00
path-traversal,length,len=medium,16,29,0,300,1,0.00
path-traversal,length,len=medium,17,24,0,300,1,0.00
path-traversal,length,len=medium,18,23,0,300,1,0.00
path-traversal,length,len=medium,19,23,0,300,1,0.00
path-traversal,length,len=long,0,26,0,300,1,0.00
path-traversal,length,len=long,1,34,0,300,1,0.00
path-traversal,length,len=long,2,37,0,300,1,0.00
path-traversal,length,len=long,3,27,0,300,1,0.00
path-traversal,length,len=long,4,37,0,300,1,0.00
path-traversal,length,len=long,5,28,0,300,1,0.00
path-traversal,length,len=long,6,26,0,300,1,0.00
path-traversal,length,len=long,7,37,0,300,1,0.00
path-traversal,length,len=long,8,30,0,300,1,0.00
path-traversal,length,len=long,9,27,0,300,1,0.00
path-traversal,length,len=long,10,31,0,300,1,0.00
path-traversal,length,len=long,11,28,0,300,1,0.00
path-traversal,length,len=long,12,27,0,300,1,0.00
path-traversal,length,len=long,13,26,0,300,1,0.00
path-traversal,length,len=long,14,38,0,300,1,0.00
path-traversal,length,len=long,15,29,0,300,1,0.00
path-traversal,length,len=long,16,29,0,300,1,0.00
path-traversal,length,len=long,17,27,0,300,1,0.00
path-traversal,length,len=long,18,29,0,300,1,0.00
path-traversal,length,len=long,19,27,0,300,1,0.00
path-traversal,havoc,havoc=default,0,24,0,300,1,0.00
path-traversal,havoc,havoc=default,1,23,0,300,1,0.00
path-traversal,havoc,havoc=default,2,23,0,300,1,0.00
path-traversal,havoc,havoc=default,3,23,0,300,1,0.00
path-traversal,havoc,havoc=default,4,23,0,300,1,0.00
path-traversal,havoc,havoc=default,5,23,0,300,1,0.00
path-traversal,havoc,havoc=default,6,23,0,300,1,0.00
path-traversal,havoc,havoc=default,7,24,0,300,1,0.00
path-traversal,havoc,havoc=default,8,23,0,300,1,0.00
path-traversal,havoc,havoc=default,9,28,0,300,1,0.00
path-traversal,havoc,havoc=default,10,31,0,300,1,0.00
path-traversal,havoc,havoc=default,11,29,0,300,1,0.00
path-traversal,havoc,havoc=default,12,26,0,300,1,0.00
path-traversal,havoc,havoc=default,13,23,0,300,1,0.00
path-traversal,havoc,havoc=default,14,28,0,300,1,0.00
path-traversal,havoc,havoc=default,15,29,0,300,1,0.00
path-traversal,havoc,havoc=default,16,28,0,300,1,0.00
path-traversal,havoc,havoc=default,17,33,0,300,1,0.00
path-traversal,havoc,havoc=default,18,34,0,300,1,0.00
path-traversal,havoc,havoc=default,19,33,0,300,1,0.00
path-traversal,havoc,havoc=structural,0,26,0,300,1,0.00
path-traversal,havoc,havoc=structural,1,26,0,300,1,0.00
path-traversal,havoc,havoc=structural,2,34,0,300,1,0.00
path-traversal,havoc,havoc=structural,3,24,0,300,1,0.00
path-traversal,havoc,havoc=structural,4,23,0,300,1,0.00
path-traversal,havoc,havoc=structural,5,23,0,300,1,0.00
path-traversal,havoc,havoc=structural,6,23,0,300,1,0.00
path-traversal,havoc,havoc=structural,7,23,0,300,1,0.00
path-traversal,havoc,havoc=structural,8,23,0,300,1,0.00
path-traversal,havoc,havoc=structural,9,23,0,300,1,0.00
path-traversal,havoc,havoc=structural,10,22,0,300,1,0.00
path-traversal,havoc,havoc=structural,11,23,0,300,1,0.00
path-traversal,havoc,havoc=structural,12,23,0,300,1,0.00
path-traversal,havoc,havoc=structural,13,23,0,300,1,0.00
path-traversal,havoc,havoc=structural,14,23,0,300,1,0.00
path-traversal,havoc,havoc=structural,15,23,0,300,1,0.00
path-traversal,havoc,havoc=structural,16,24,0,300,1,0.00
path-traversal,havoc,havoc=structural,17,23,0,300,1,0.00
path-traversal,havoc,havoc=structural,18,23,0,300,1,0.00
path-traversal,havoc,havoc=structural,19,22,0,300,1,0.00
path-traversal,havoc,havoc=destructive,0,24,0,300,1,0.00
path-traversal,havoc,havoc=destructive,1,24,0,300,1,0.00
path-traversal,havoc,havoc=destructive,2,25,0,300,1,0.00
path-traversal,havoc,havoc=destructive,3,26,0,300,1,0.00
path-traversal,havoc,havoc=destructive,4,25,0,300,1,0.00
path-traversal,havoc,havoc=destructive,5,25,0,300,1,0.00
path-traversal,havoc,havoc=destructive,6,25,0,300,1,0.00
path-traversal,havoc,havoc=destructive,7,24,0,300,1,0.00
path-traversal,havoc,havoc=destructive,8,24,0,300,1,0.00
path-traversal,havoc,havoc=destructive,9,24,0,300,1,0.00
path-traversal,havoc,havoc=destructive,10,25,0,300,1,0.00
path-traversal,havoc,havoc=destructive,11,25,0,300,1,0.00
path-traversal,havoc,havoc=destructive,12,24,0,300,1,0.00
path-traversal,havoc,havoc=destructive,13,25,0,300,1,0.00
path-traversal,havoc,havoc=destructive,14,24,0,300,1,0.00
path-traversal,havoc,havoc=destructive,15,25,0,300,1,0.00
path-traversal,havoc,havoc=destructive,16,24,0,300,1,0.00
path-traversal,havoc,havoc=destructive,17,25,0,300,1,0.00
path-traversal,havoc,havoc=destructive,18,28,0,300,1,0.00
path-traversal,havoc,havoc=destructive,19,28,0,300,1,0.00
path-traversal,havoc,havoc=encoding,0,24,0,300,1,0.00
path-traversal,havoc,havoc=encoding,1,23,0,300,1,0.00
path-traversal,havoc,havoc=encoding,2,23,0,300,1,0.00
path-traversal,havoc,havoc=encoding,3,24,0,300,1,0.00
path-traversal,havoc,havoc=encoding,4,24,0,300,1,0.00
path-traversal,havoc,havoc=encoding,5,23,0,300,1,0.00
path-traversal,havoc,havoc=encoding,6,23,0,300,1,0.00
path-traversal,havoc,havoc=encoding,7,33,0,300,1,0.00
path-traversal,havoc,havoc=encoding,8,27,0,300,1,0.00
path-traversal,havoc,havoc=encoding,9,24,0,300,1,0.00
path-traversal,havoc,havoc=encoding,10,23,0,300,1,0.00
path-traversal,havoc,havoc=encoding,11,32,0,300,1,0.00
path-traversal,havoc,havoc=encoding,12,28,0,300,1,0.00
path-traversal,havoc,havoc=encoding,13,23,0,300,1,0.00
path-traversal,havoc,havoc=encoding,14,28,0,300,1,0.00
path-traversal,havoc,havoc=encoding,15,34,0,300,1,0.00
path-traversal,havoc,havoc=encoding,16,25,0,300,1,0.00
path-traversal,havoc,havoc=encoding,17,23,0,300,1,0.00
path-traversal,havoc,havoc=encoding,18,25,0,300,1,0.00
path-traversal,havoc,havoc=encoding,19,26,0,300,1,0.00
path-traversal,placement,place=a0.0_p0.5,0,24,0,300,1,0.00
path-traversal,placement,place=a0.0_p0.5,1,23,0,300,1,0.00
path-traversal,placement,place=a0.0_p0.5,2,22,0,300,1,0.00
path-traversal,placement,place=a0.0_p0.5,3,23,0,300,1,0.00
path-traversal,placement,place=a0.0_p0.5,4,22,0,300,1,0.00
path-traversal,placement,place=a0.0_p0.5,5,23,0,300,1,0.00
path-traversal,placement,place=a0.0_p0.5,6,23,0,300,1,0.00
path-traversal,placement,place=a0.0_p0.5,7,22,0,300,1,0.00
path-traversal,placement,place=a0.0_p0.5,8,26,0,300,1,0.00
path-traversal,placement,place=a0.0_p0.5,9,26,0,300,1,0.00
path-traversal,placement,place=a0.0_p0.5,10,23,0,300,1,0.00
path-traversal,placement,place=a0.0_p0.5,11,23,0,300,1,0.00
path-traversal,placement,place=a0.0_p0.5,12,22,0,300,1,0.00
path-traversal,placement,place=a0.0_p0.5,13,22,0,300,1,0.00
path-traversal,placement,place=a0.0_p0.5,14,23,0,300,1,0.00
path-traversal,placement,place=a0.0_p0.5,15,23,0,300,1,0.00
path-traversal,placement,place=a0.0_p0.5,16,23,0,300,1,0.00
path-traversal,placement,place=a0.0_p0.5,17,24,0,300,1,0.00
path-traversal,placement,place=a0.0_p0.5,18,33,0,300,1,0.00
path-traversal,placement,place=a0.0_p0.5,19,26,0,300,1,0.00
path-traversal,placement,place=a0.0_p1.0,0,24,0,300,1,0.00
path-traversal,placement,place=a0.0_p1.0,1,25,0,300,1,0.00
path-traversal,placement,place=a0.0_p1.0,2,24,0,300,1,0.00
path-traversal,placement,place=a0.0_p1.0,3,23,0,300,1,0.00
path-traversal,placement,place=a0.0_p1.0,4,23,0,300,1,0.00
path-traversal,placement,place=a0.0_p1.0,5,22,0,300,1,0.00
path-traversal,placement,place=a0.0_p1.0,6,23,0,300,1,0.00
path-traversal,placement,place=a0.0_p1.0,7,23,0,300,1,0.00
path-traversal,placement,place=a0.0_p1.0,8,22,0,300,1,0.00
path-traversal,placement,place=a0.0_p1.0,9,22,0,300,1,0.00
path-traversal,placement,place=a0.0_p1.0,10,22,0,300,1,0.00
path-traversal,placement,place=a0.0_p1.0,11,23,0,300,1,0.00
path-traversal,placement,place=a0.0_p1.0,12,23,0,300,1,0.00
path-traversal,placement,place=a0.0_p1.0,13,23,0,300,1,0.00
path-traversal,placement,place=a0.0_p1.0,14,22,0,300,1,0.00
path-traversal,placement,place=a0.0_p1.0,15,24,0,300,1,0.00
path-traversal,placement,place=a0.0_p1.0,16,24,0,300,1,0.00
path-traversal,placement,place=a0.0_p1.0,17,23,0,300,1,0.00
path-traversal,placement,place=a0.0_p1.0,18,23,0,300,1,0.00
path-traversal,placement,place=a0.0_p1.0,19,23,0,300,1,0.00
path-traversal,placement,place=a0.0_p2.0,0,27,0,300,1,0.00
path-traversal,placement,place=a0.0_p2.0,1,33,0,300,1,0.00
path-traversal,placement,place=a0.0_p2.0,2,23,0,300,1,0.00
path-traversal,placement,place=a0.0_p2.0,3,25,0,300,1,0.00
path-traversal,placement,place=a0.0_p2.0,4,26,0,300,1,0.00
path-traversal,placement,place=a0.0_p2.0,5,33,0,300,1,0.00
path-traversal,placement,place=a0.0_p2.0,6,24,0,300,1,0.00
path-traversal,placement,place=a0.0_p2.0,7,23,0,300,1,0.00
path-traversal,placement,place=a0.0_p2.0,8,23,0,300,1,0.00
path-traversal,placement,place=a0.0_p2.0,9,32,0,300,1,0.00
path-traversal,placement,place=a0.0_p2.0,10,26,0,300,1,0.00
path-traversal,placement,place=a0.0_p2.0,11,23,0,300,1,0.00
path-traversal,placement,place=a0.0_p2.0,12,23,0,300,1,0.00
path-traversal,placement,place=a0.0_p2.0,13,24,0,300,1,0.00
path-traversal,placement,place=a0.0_p2.0,14,24,0,300,1,0.00
path-traversal,placement,place=a0.0_p2.0,15,25,0,300,1,0.00
path-traversal,placement,place=a0.0_p2.0,16,23,0,300,1,0.00
path-traversal,placement,place=a0.0_p2.0,17,23,0,300,1,0.00
path-traversal,placement,place=a0.0_p2.0,18,29,0,300,1,0.00
path-traversal,placement,place=a0.0_p2.0,19,24,0,300,1,0.00
path-traversal,placement,place=a0.0_p4.0,0,22,0,300,1,0.00
path-traversal,placement,place=a0.0_p4.0,1,23,0,300,1,0.00
path-traversal,placement,place=a0.0_p4.0,2,23,0,300,1,0.00
path-traversal,placement,place=a0.0_p4.0,3,24,0,300,1,0.00
path-traversal,placement,place=a0.0_p4.0,4,23,0,300,1,0.00
path-traversal,placement,place=a0.0_p4.0,5,24,0,300,1,0.00
path-traversal,placement,place=a0.0_p4.0,6,23,0,300,1,0.00
path-traversal,placement,place=a0.0_p4.0,7,22,0,300,1,0.00
path-traversal,placement,place=a0.0_p4.0,8,23,0,300,1,0.00
path-traversal,placement,place=a0.0_p4.0,9,23,0,300,1,0.00
path-traversal,placement,place=a0.0_p4.0,10,22,0,300,1,0.00
path-traversal,placement,place=a0.0_p4.0,11,25,0,300,1,0.00
path-traversal,placement,place=a0.0_p4.0,12,24,0,300,1,0.00
path-traversal,placement,place=a0.0_p4.0,13,23,0,300,1,0.00
path-traversal,placement,place=a0.0_p4.0,14,23,0,300,1,0.00
path-traversal,placement,place=a0.0_p4.0,15,22,0,300,1,0.00
path-traversal,placement,place=a0.0_p4.0,16,26,0,300,1,0.00
path-traversal,placement,place=a0.0_p4.0,17,23,0,300,1,0.00
path-traversal,placement,place=a0.0_p4.0,18,23,0,300,1,0.00
path-traversal,placement,place=a0.0_p4.0,19,23,0,300,1,0.00
path-traversal,placement,place=a0.5_p0.0,0,23,0,300,1,0.00
path-traversal,placement,place=a0.5_p0.0,1,23,0,300,1,0.00
path-traversal,placement,place=a0.5_p0.0,2,23,0,300,1,0.00
path-traversal,placement,place=a0.5_p0.0,3,24,0,300,1,0.00
path-traversal,placement,place=a0.5_p0.0,4,23,0,300,1,0.00
path-traversal,placement,place=a0.5_p0.0,5,25,0,300,1,0.00
path-traversal,placement,place=a0.5_p0.0,6,27,0,300,1,0.00
path-traversal,placement,place=a0.5_p0.0,7,24,0,300,1,0.00
path-traversal,placement,place=a0.5_p0.0,8,23,0,300,1,0.00
path-traversal,placement,place=a0.5_p0.0,9,33,0,300,1,0.00
path-traversal,placement,place=a0.5_p0.0,10,32,0,300,1,0.00
path-traversal,placement,place=a0.5_p0.0,11,31,0,300,1,0.00
path-traversal,placement,place=a0.5_p0.0,12,27,0,300,1,0.00
path-traversal,placement,place=a0.5_p0.0,13,34,0,300,1,0.00
path-traversal,placement,place=a0.5_p0.0,14,29,0,300,1,0.00
path-traversal,placement,place=a0.5_p0.0,15,39,0,300,1,0.00
path-traversal,placement,place=a0.5_p0.0,16,35,0,300,1,0.00
path-traversal,placement,place=a0.5_p0.0,17,29,0,300,1,0.00
path-traversal,placement,place=a0.5_p0.0,18,31,0,300,1,0.00
path-traversal,placement,place=a0.5_p0.0,19,23,0,300,1,0.00
path-traversal,placement,place=a0.5_p0.5,0,23,0,300,1,0.00
path-traversal,placement,place=a0.5_p0.5,1,30,0,300,1,0.00
path-traversal,placement,place=a0.5_p0.5,2,27,0,300,1,0.00
path-traversal,placement,place=a0.5_p0.5,3,27,0,300,1,0.00
path-traversal,placement,place=a0.5_p0.5,4,27,0,300,1,0.00
path-traversal,placement,place=a0.5_p0.5,5,30,0,300,1,0.00
path-traversal,placement,place=a0.5_p0.5,6,24,0,300,1,0.00
path-traversal,placement,place=a0.5_p0.5,7,22,0,300,1,0.00
path-traversal,placement,place=a0.5_p0.5,8,22,0,300,1,0.00
path-traversal,placement,place=a0.5_p0.5,9,26,0,300,1,0.00
path-traversal,placement,place=a0.5_p0.5,10,25,0,300,1,0.00
path-traversal,placement,place=a0.5_p0.5,11,23,0,300,1,0.00
path-traversal,placement,place=a0.5_p0.5,12,24,0,300,1,0.00
path-traversal,placement,place=a0.5_p0.5,13,29,0,300,1,0.00
path-traversal,placement,place=a0.5_p0.5,14,23,0,300,1,0.00
path-traversal,placement,place=a0.5_p0.5,15,23,0,300,1,0.00
path-traversal,placement,place=a0.5_p0.5,16,23,0,300,1,0.00
path-traversal,placement,place=a0.5_p0.5,17,22,0,300,1,0.00
path-traversal,placement,place=a0.5_p0.5,18,23,0,300,1,0.00
path-traversal,placement,place=a0.5_p0.5,19,23,0,300,1,0.00
path-traversal,placement,place=a0.5_p1.0,0,22,0,300,1,0.00
path-traversal,placement,place=a0.5_p1.0,1,23,0,300,1,0.00
path-traversal,placement,place=a0.5_p1.0,2,22,0,300,1,0.00
path-traversal,placement,place=a0.5_p1.0,3,23,0,300,1,0.00
path-traversal,placement,place=a0.5_p1.0,4,23,0,300,1,0.00
path-traversal,placement,place=a0.5_p1.0,5,23,0,300,1,0.00
path-traversal,placement,place=a0.5_p1.0,6,23,0,300,1,0.00
path-traversal,placement,place=a0.5_p1.0,7,32,0,300,1,0.00
path-traversal,placement,place=a0.5_p1.0,8,25,0,300,1,0.00
path-traversal,placement,place=a0.5_p1.0,9,23,0,300,1,0.00
path-traversal,placement,place=a0.5_p1.0,10,22,0,300,1,0.00
path-traversal,placement,place=a0.5_p1.0,11,28,0,300,1,0.00
path-traversal,placement,place=a0.5_p1.0,12,28,0,300,1,0.00
path-traversal,placement,place=a0.5_p1.0,13,23,0,300,1,0.00
path-traversal,placement,place=a0.5_p1.0,14,23,0,300,1,0.00
path-traversal,placement,place=a0.5_p1.0,15,30,0,300,1,0.00
path-traversal,placement,place=a0.5_p1.0,16,29,0,300,1,0.00
path-traversal,placement,place=a0.5_p1.0,17,25,0,300,1,0.00
path-traversal,placement,place=a0.5_p1.0,18,26,0,300,1,0.00
path-traversal,placement,place=a0.5_p1.0,19,27,0,300,1,0.00
path-traversal,placement,place=a0.5_p2.0,0,24,0,300,1,0.00
path-traversal,placement,place=a0.5_p2.0,1,23,0,300,1,0.00
path-traversal,placement,place=a0.5_p2.0,2,23,0,300,1,0.00
path-traversal,placement,place=a0.5_p2.0,3,23,0,300,1,0.00
path-traversal,placement,place=a0.5_p2.0,4,23,0,300,1,0.00
path-traversal,placement,place=a0.5_p2.0,5,27,0,300,1,0.00
path-traversal,placement,place=a0.5_p2.0,6,23,0,300,1,0.00
path-traversal,placement,place=a0.5_p2.0,7,23,0,300,1,0.00
path-traversal,placement,place=a0.5_p2.0,8,24,0,300,1,0.00
path-traversal,placement,place=a0.5_p2.0,9,24,0,300,1,0.00
path-traversal,placement,place=a0.5_p2.0,10,23,0,300,1,0.00
path-traversal,placement,place=a0.5_p2.0,11,26,0,300,1,0.00
path-traversal,placement,place=a0.5_p2.0,12,24,0,300,1,0.00
path-traversal,placement,place=a0.5_p2.0,13,25,0,300,1,0.00
path-traversal,placement,place=a0.5_p2.0,14,23,0,300,1,0.00
path-traversal,placement,place=a0.5_p2.0,15,24,0,300,1,0.00
path-traversal,placement,place=a0.5_p2.0,16,34,0,300,1,0.00
path-traversal,placement,place=a0.5_p2.0,17,27,0,300,1,0.00
path-traversal,placement,place=a0.5_p2.0,18,23,0,300,1,0.00
path-traversal,placement,place=a0.5_p2.0,19,23,0,300,1,0.00
path-traversal,placement,place=a0.5_p4.0,0,26,0,300,1,0.00
path-traversal,placement,place=a0.5_p4.0,1,27,0,300,1,0.00
path-traversal,placement,place=a0.5_p4.0,2,25,0,300,1,0.00
path-traversal,placement,place=a0.5_p4.0,3,23,0,300,1,0.00
path-traversal,placement,place=a0.5_p4.0,4,23,0,300,1,0.00
path-traversal,placement,place=a0.5_p4.0,5,33,0,300,1,0.00
path-traversal,placement,place=a0.5_p4.0,6,32,0,300,1,0.00
path-traversal,placement,place=a0.5_p4.0,7,23,0,300,1,0.00
path-traversal,placement,place=a0.5_p4.0,8,23,0,300,1,0.00
path-traversal,placement,place=a0.5_p4.0,9,28,0,300,1,0.00
path-traversal,placement,place=a0.5_p4.0,10,25,0,300,1,0.00
path-traversal,placement,place=a0.5_p4.0,11,23,0,300,1,0.00
path-traversal,placement,place=a0.5_p4.0,12,25,0,300,1,0.00
path-traversal,placement,place=a0.5_p4.0,13,24,0,300,1,0.00
path-traversal,placement,place=a0.5_p4.0,14,23,0,300,1,0.00
path-traversal,placement,place=a0.5_p4.0,15,24,0,300,1,0.00
path-traversal,placement,place=a0.5_p4.0,16,23,0,300,1,0.00
path-traversal,placement,place=a0.5_p4.0,17,24,0,300,1,0.00
path-traversal,placement,place=a0.5_p4.0,18,28,0,300,1,0.00
path-traversal,placement,place=a0.5_p4.0,19,23,0,300,1,0.00
path-traversal,placement,place=a1.0_p0.0,0,22,0,300,1,0.00
path-traversal,placement,place=a1.0_p0.0,1,30,0,300,1,0.00
path-traversal,placement,place=a1.0_p0.0,2,23,0,300,1,0.00
path-traversal,placement,place=a1.0_p0.0,3,23,0,300,1,0.00
path-traversal,placement,place=a1.0_p0.0,4,23,0,300,1,0.00
path-traversal,placement,place=a1.0_p0.0,5,26,0,300,1,0.00
path-traversal,placement,place=a1.0_p0.0,6,26,0,300,1,0.00
path-traversal,placement,place=a1.0_p0.0,7,27,0,300,1,0.00
path-traversal,placement,place=a1.0_p0.0,8,23,0,300,1,0.00
path-traversal,placement,place=a1.0_p0.0,9,23,0,300,1,0.00
path-traversal,placement,place=a1.0_p0.0,10,24,0,300,1,0.00
path-traversal,placement,place=a1.0_p0.0,11,24,0,300,1,0.00
path-traversal,placement,place=a1.0_p0.0,12,23,0,300,1,0.00
path-traversal,placement,place=a1.0_p0.0,13,25,0,300,1,0.00
path-traversal,placement,place=a1.0_p0.0,14,29,0,300,1,0.00
path-traversal,placement,place=a1.0_p0.0,15,24,0,300,1,0.00
path-traversal,placement,place=a1.0_p0.0,16,23,0,300,1,0.00
path-traversal,placement,place=a1.0_p0.0,17,23,0,300,1,0.00
path-traversal,placement,place=a1.0_p0.0,18,23,0,300,1,0.00
path-traversal,placement,place=a1.0_p0.0,19,23,0,300,1,0.00
path-traversal,placement,place=a1.0_p0.5,0,23,0,300,1,0.00
path-traversal,placement,place=a1.0_p0.5,1,23,0,300,1,0.00
path-traversal,placement,place=a1.0_p0.5,2,22,0,300,1,0.00
path-traversal,placement,place=a1.0_p0.5,3,30,0,300,1,0.00
path-traversal,placement,place=a1.0_p0.5,4,25,0,300,1,0.00
path-traversal,placement,place=a1.0_p0.5,5,23,0,300,1,0.00
path-traversal,placement,place=a1.0_p0.5,6,23,0,300,1,0.00
path-traversal,placement,place=a1.0_p0.5,7,26,0,300,1,0.00
path-traversal,placement,place=a1.0_p0.5,8,27,0,300,1,0.00
path-traversal,placement,place=a1.0_p0.5,9,23,0,300,1,0.00
path-traversal,placement,place=a1.0_p0.5,10,27,0,300,1,0.00
path-traversal,placement,place=a1.0_p0.5,11,33,0,300,1,0.00
path-traversal,placement,place=a1.0_p0.5,12,26,0,300,1,0.00
path-traversal,placement,place=a1.0_p0.5,13,30,0,300,1,0.00
path-traversal,placement,place=a1.0_p0.5,14,28,0,300,1,0.00
path-traversal,placement,place=a1.0_p0.5,15,23,0,300,1,0.00
path-traversal,placement,place=a1.0_p0.5,16,23,0,300,1,0.00
path-traversal,placement,place=a1.0_p0.5,17,23,0,300,1,0.00
path-traversal,placement,place=a1.0_p0.5,18,30,0,300,1,0.00
path-traversal,placement,place=a1.0_p0.5,19,29,0,300,1,0.00
path-traversal,placement,place=a1.0_p1.0,0,23,0,300,1,0.00
path-traversal,placement,place=a1.0_p1.0,1,23,0,300,1,0.00
path-traversal,placement,place=a1.0_p1.0,2,23,0,300,1,0.00
path-traversal,placement,place=a1.0_p1.0,3,23,0,300,1,0.00
path-traversal,placement,place=a1.0_p1.0,4,23,0,300,1,0.00
path-traversal,placement,place=a1.0_p1.0,5,25,0,300,1,0.00
path-traversal,placement,place=a1.0_p1.0,6,26,0,300,1,0.00
path-traversal,placement,place=a1.0_p1.0,7,24,0,300,1,0.00
path-traversal,placement,place=a1.0_p1.0,8,24,0,300,1,0.00
path-traversal,placement,place=a1.0_p1.0,9,27,0,300,1,0.00
path-traversal,placement,place=a1.0_p1.0,10,23,0,300,1,0.00
path-traversal,placement,place=a1.0_p1.0,11,23,0,300,1,0.00
path-traversal,placement,place=a1.0_p1.0,12,23,0,300,1,0.00
path-traversal,placement,place=a1.0_p1.0,13,23,0,300,1,0.00
path-traversal,placement,place=a1.0_p1.0,14,23,0,300,1,0.00
path-traversal,placement,place=a1.0_p1.0,15,23,0,300,1,0.00
path-traversal,placement,place=a1.0_p1.0,16,24,0,300,1,0.00
path-traversal,placement,place=a1.0_p1.0,17,24,0,300,1,0.00
path-traversal,placement,place=a1.0_p1.0,18,23,0,300,1,0.00
path-traversal,placement,place=a1.0_p1.0,19,23,0,300,1,0.00
path-traversal,placement,place=a1.0_p2.0,0,23,0,300,1,0.00
path-traversal,placement,place=a1.0_p2.0,1,23,0,300,1,0.00
path-traversal,placement,place=a1.0_p2.0,2,23,0,300,1,0.00
path-traversal,placement,place=a1.0_p2.0,3,23,0,300,1,0.00
path-traversal,placement,place=a1.0_p2.0,4,23,0,300,1,0.00
path-traversal,placement,place=a1.0_p2.0,5,29,0,300,1,0.00
path-traversal,placement,place=a1.0_p2.0,6,28,0,300,1,0.00
path-traversal,placement,place=a1.0_p2.0,7,41,0,300,1,0.00
path-traversal,placement,place=a1.0_p2.0,8,34,0,300,1,0.00
path-traversal,placement,place=a1.0_p2.0,9,33,0,300,1,0.00
path-traversal,placement,place=a1.0_p2.0,10,33,0,300,1,0.00
path-traversal,placement,place=a1.0_p2.0,11,32,0,300,1,0.00
path-traversal,placement,place=a1.0_p2.0,12,27,0,300,1,0.00
path-traversal,placement,place=a1.0_p2.0,13,53,0,300,1,0.00
path-traversal,placement,place=a1.0_p2.0,14,42,0,300,1,0.00
path-traversal,placement,place=a1.0_p2.0,15,40,0,300,1,0.00
path-traversal,placement,place=a1.0_p2.0,16,44,0,300,1,0.00
path-traversal,placement,place=a1.0_p2.0,17,40,0,300,1,0.00
path-traversal,placement,place=a1.0_p2.0,18,37,0,300,1,0.00
path-traversal,placement,place=a1.0_p2.0,19,32,0,300,1,0.00
path-traversal,placement,place=a1.0_p4.0,0,28,0,300,1,0.00
path-traversal,placement,place=a1.0_p4.0,1,31,0,300,1,0.00
path-traversal,placement,place=a1.0_p4.0,2,28,0,300,1,0.00
path-traversal,placement,place=a1.0_p4.0,3,31,0,300,1,0.00
path-traversal,placement,place=a1.0_p4.0,4,24,0,300,1,0.00
path-traversal,placement,place=a1.0_p4.0,5,27,0,300,1,0.00
path-traversal,placement,place=a1.0_p4.0,6,27,0,300,1,0.00
path-traversal,placement,place=a1.0_p4.0,7,26,0,300,1,0.00
path-traversal,placement,place=a1.0_p4.0,8,26,0,300,1,0.00
path-traversal,placement,place=a1.0_p4.0,9,29,0,300,1,0.00
path-traversal,placement,place=a1.0_p4.0,10,30,0,300,1,0.00
path-traversal,placement,place=a1.0_p4.0,11,30,0,300,1,0.00
path-traversal,placement,place=a1.0_p4.0,12,23,0,300,1,0.00
path-traversal,placement,place=a1.0_p4.0,13,25,0,300,1,0.00
path-traversal,placement,place=a1.0_p4.0,14,24,0,300,1,0.00
path-traversal,placement,place=a1.0_p4.0,15,24,0,300,1,0.00
path-traversal,placement,place=a1.0_p4.0,16,25,0,300,1,0.00
path-traversal,placement,place=a1.0_p4.0,17,26,0,300,1,0.00
path-traversal,placement,place=a1.0_p4.0,18,29,0,300,1,0.00
path-traversal,placement,place=a1.0_p4.0,19,30,0,300,1,0.00
path-traversal,placement,place=a2.0_p0.0,0,28,0,300,1,0.00
path-traversal,placement,place=a2.0_p0.0,1,29,0,300,1,0.00
path-traversal,placement,place=a2.0_p0.0,2,23,0,300,1,0.00
path-traversal,placement,place=a2.0_p0.0,3,26,0,300,1,0.00
path-traversal,placement,place=a2.0_p0.0,4,26,0,300,1,0.00
path-traversal,placement,place=a2.0_p0.0,5,25,0,300,1,0.00
path-traversal,placement,place=a2.0_p0.0,6,24,0,300,1,0.00
path-traversal,placement,place=a2.0_p0.0,7,24,0,300,1,0.00
path-traversal,placement,place=a2.0_p0.0,8,27,0,300,1,0.00
path-traversal,placement,place=a2.0_p0.0,9,68,0,300,1,0.00
path-traversal,placement,place=a2.0_p0.0,10,37,0,300,1,0.00
path-traversal,placement,place=a2.0_p0.0,11,29,0,300,1,0.00
path-traversal,placement,place=a2.0_p0.0,12,24,0,300,1,0.00
path-traversal,placement,place=a2.0_p0.0,13,23,0,300,1,0.00
path-traversal,placement,place=a2.0_p0.0,14,24,0,300,1,0.00
path-traversal,placement,place=a2.0_p0.0,15,25,0,300,1,0.00
path-traversal,placement,place=a2.0_p0.0,16,25,0,300,1,0.00
path-traversal,placement,place=a2.0_p0.0,17,23,0,300,1,0.00
path-traversal,placement,place=a2.0_p0.0,18,24,0,300,1,0.00
path-traversal,placement,place=a2.0_p0.0,19,23,0,300,1,0.00
path-traversal,placement,place=a2.0_p0.5,0,24,0,300,1,0.00
path-traversal,placement,place=a2.0_p0.5,1,26,0,300,1,0.00
path-traversal,placement,place=a2.0_p0.5,2,23,0,300,1,0.00
path-traversal,placement,place=a2.0_p0.5,3,23,0,300,1,0.00
path-traversal,placement,place=a2.0_p0.5,4,23,0,300,1,0.00
path-traversal,placement,place=a2.0_p0.5,5,23,0,300,1,0.00
path-traversal,placement,place=a2.0_p0.5,6,23,0,300,1,0.00
path-traversal,placement,place=a2.0_p0.5,7,23,0,300,1,0.00
path-traversal,placement,place=a2.0_p0.5,8,23,0,300,1,0.00
path-traversal,placement,place=a2.0_p0.5,9,27,0,300,1,0.00
path-traversal,placement,place=a2.0_p0.5,10,23,0,300,1,0.00
path-traversal,placement,place=a2.0_p0.5,11,24,0,300,1,0.00
path-traversal,placement,place=a2.0_p0.5,12,23,0,300,1,0.00
path-traversal,placement,place=a2.0_p0.5,13,32,0,300,1,0.00
path-traversal,placement,place=a2.0_p0.5,14,33,0,300,1,0.00
path-traversal,placement,place=a2.0_p0.5,15,28,0,300,1,0.00
path-traversal,placement,place=a2.0_p0.5,16,33,0,300,1,0.00
path-traversal,placement,place=a2.0_p0.5,17,25,0,300,1,0.00
path-traversal,placement,place=a2.0_p0.5,18,23,0,300,1,0.00
path-traversal,placement,place=a2.0_p0.5,19,23,0,300,1,0.00
path-traversal,placement,place=a2.0_p1.0,0,23,0,300,1,0.00
path-traversal,placement,place=a2.0_p1.0,1,25,0,300,1,0.00
path-traversal,placement,place=a2.0_p1.0,2,27,0,300,1,0.00
path-traversal,placement,place=a2.0_p1.0,3,27,0,300,1,0.00
path-traversal,placement,place=a2.0_p1.0,4,23,0,300,1,0.00
path-traversal,placement,place=a2.0_p1.0,5,29,0,300,1,0.00
path-traversal,placement,place=a2.0_p1.0,6,29,0,300,1,0.00
path-traversal,placement,place=a2.0_p1.0,7,27,0,300,1,0.00
path-traversal,placement,place=a2.0_p1.0,8,25,0,300,1,0.00
path-traversal,placement,place=a2.0_p1.0,9,36,0,300,1,0.00
path-traversal,placement,place=a2.0_p1.0,10,34,0,300,1,0.00
path-traversal,placement,place=a2.0_p1.0,11,26,0,300,1,0.00
path-traversal,placement,place=a2.0_p1.0,12,24,0,300,1,0.00
path-traversal,placement,place=a2.0_p1.0,13,23,0,300,1,0.00
path-traversal,placement,place=a2.0_p1.0,14,23,0,300,1,0.00
path-traversal,placement,place=a2.0_p1.0,15,23,0,300,1,0.00
path-traversal,placement,place=a2.0_p1.0,16,23,0,300,1,0.00
path-traversal,placement,place=a2.0_p1.0,17,23,0,300,1,0.00
path-traversal,placement,place=a2.0_p1.0,18,23,0,300,1,0.00
path-traversal,placement,place=a2.0_p1.0,19,23,0,300,1,0.00
path-traversal,placement,place=a2.0_p2.0,0,22,0,300,1,0.00
path-traversal,placement,place=a2.0_p2.0,1,23,0,300,1,0.00
path-traversal,placement,place=a2.0_p2.0,2,25,0,300,1,0.00
path-traversal,placement,place=a2.0_p2.0,3,24,0,300,1,0.00
path-traversal,placement,place=a2.0_p2.0,4,23,0,300,1,0.00
path-traversal,placement,place=a2.0_p2.0,5,26,0,300,1,0.00
path-traversal,placement,place=a2.0_p2.0,6,24,0,300,1,0.00
path-traversal,placement,place=a2.0_p2.0,7,23,0,300,1,0.00
path-traversal,placement,place=a2.0_p2.0,8,23,0,300,1,0.00
path-traversal,placement,place=a2.0_p2.0,9,23,0,300,1,0.00
path-traversal,placement,place=a2.0_p2.0,10,23,0,300,1,0.00
path-traversal,placement,place=a2.0_p2.0,11,24,0,300,1,0.00
path-traversal,placement,place=a2.0_p2.0,12,23,0,300,1,0.00
path-traversal,placement,place=a2.0_p2.0,13,23,0,300,1,0.00
path-traversal,placement,place=a2.0_p2.0,14,23,0,300,1,0.00
path-traversal,placement,place=a2.0_p2.0,15,26,0,300,1,0.00
path-traversal,placement,place=a2.0_p2.0,16,24,0,300,1,0.00
path-traversal,placement,place=a2.0_p2.0,17,23,0,300,1,0.00
path-traversal,placement,place=a2.0_p2.0,18,23,0,300,1,0.00
path-traversal,placement,place=a2.0_p2.0,19,28,0,300,1,0.00
path-traversal,placement,place=a2.0_p4.0,0,27,0,300,1,0.00
path-traversal,placement,place=a2.0_p4.0,1,24,0,300,1,0.00
path-traversal,placement,place=a2.0_p4.0,2,24,0,300,1,0.00
path-traversal,placement,place=a2.0_p4.0,3,23,0,300,1,0.00
path-traversal,placement,place=a2.0_p4.0,4,23,0,300,1,0.00
path-traversal,placement,place=a2.0_p4.0,5,24,0,300,1,0.00
path-traversal,placement,place=a2.0_p4.0,6,23,0,300,1,0.00
path-traversal,placement,place=a2.0_p4.0,7,23,0,300,1,0.00
path-traversal,placement,place=a2.0_p4.0,8,27,0,300,1,0.00
path-traversal,placement,place=a2.0_p4.0,9,29,0,300,1,0.00
path-traversal,placement,place=a2.0_p4.0,10,31,0,300,1,0.00
path-traversal,placement,place=a2.0_p4.0,11,27,0,300,1,0.00
path-traversal,placement,place=a2.0_p4.0,12,27,0,300,1,0.00
path-traversal,placement,place=a2.0_p4.0,13,28,0,300,1,0.00
path-traversal,placement,place=a2.0_p4.0,14,25,0,300,1,0.00
path-traversal,placement,place=a2.0_p4.0,15,24,0,300,1,0.00
path-traversal,placement,place=a2.0_p4.0,16,28,0,300,1,0.00
path-traversal,placement,place=a2.0_p4.0,17,32,0,300,1,0.00
path-traversal,placement,place=a2.0_p4.0,18,24,0,300,1,0.00
path-traversal,placement,place=a2.0_p4.0,19,23,0,300,1,0.00
path-traversal,placement,place=a4.0_p0.0,0,33,0,300,1,0.00
path-traversal,placement,place=a4.0_p0.0,1,32,0,300,1,0.00
path-traversal,placement,place=a4.0_p0.0,2,27,0,300,1,0.00
path-traversal,placement,place=a4.0_p0.0,3,23,0,300,1,0.00
path-traversal,placement,place=a4.0_p0.0,4,23,0,300,1,0.00
path-traversal,placement,place=a4.0_p0.0,5,23,0,300,1,0.00
path-traversal,placement,place=a4.0_p0.0,6,27,0,300,1,0.00
path-traversal,placement,place=a4.0_p0.0,7,23,0,300,1,0.00
path-traversal,placement,place=a4.0_p0.0,8,23,0,300,1,0.00
path-traversal,placement,place=a4.0_p0.0,9,23,0,300,1,0.00
path-traversal,placement,place=a4.0_p0.0,10,30,0,300,1,0.00
path-traversal,placement,place=a4.0_p0.0,11,24,0,300,1,0.00
path-traversal,placement,place=a4.0_p0.0,12,24,0,300,1,0.00
path-traversal,placement,place=a4.0_p0.0,13,23,0,300,1,0.00
path-traversal,placement,place=a4.0_p0.0,14,29,0,300,1,0.00
path-traversal,placement,place=a4.0_p0.0,15,24,0,300,1,0.00
path-traversal,placement,place=a4.0_p0.0,16,23,0,300,1,0.00
path-traversal,placement,place=a4.0_p0.0,17,23,0,300,1,0.00
path-traversal,placement,place=a4.0_p0.0,18,23,0,300,1,0.00
path-traversal,placement,place=a4.0_p0.0,19,24,0,300,1,0.00
path-traversal,placement,place=a4.0_p0.5,0,24,0,300,1,0.00
path-traversal,placement,place=a4.0_p0.5,1,24,0,300,1,0.00
path-traversal,placement,place=a4.0_p0.5,2,23,0,300,1,0.00
path-traversal,placement,place=a4.0_p0.5,3,28,0,300,1,0.00
path-traversal,placement,place=a4.0_p0.5,4,25,0,300,1,0.00
path-traversal,placement,place=a4.0_p0.5,5,23,0,300,1,0.00
path-traversal,placement,place=a4.0_p0.5,6,23,0,300,1,0.00
path-traversal,placement,place=a4.0_p0.5,7,23,0,300,1,0.00
path-traversal,placement,place=a4.0_p0.5,8,23,0,300,1,0.00
path-traversal,placement,place=a4.0_p0.5,9,26,0,300,1,0.00
path-traversal,placement,place=a4.0_p0.5,10,27,0,300,1,0.00
path-traversal,placement,place=a4.0_p0.5,11,29,0,300,1,0.00
path-traversal,placement,place=a4.0_p0.5,12,28,0,300,1,0.00
path-traversal,placement,place=a4.0_p0.5,13,23,0,300,1,0.00
path-traversal,placement,place=a4.0_p0.5,14,23,0,300,1,0.00
path-traversal,placement,place=a4.0_p0.5,15,23,0,300,1,0.00
path-traversal,placement,place=a4.0_p0.5,16,23,0,300,1,0.00
path-traversal,placement,place=a4.0_p0.5,17,24,0,300,1,0.00
path-traversal,placement,place=a4.0_p0.5,18,23,0,300,1,0.00
path-traversal,placement,place=a4.0_p0.5,19,23,0,300,1,0.00
path-traversal,placement,place=a4.0_p1.0,0,26,0,300,1,0.00
path-traversal,placement,place=a4.0_p1.0,1,30,0,300,1,0.00
path-traversal,placement,place=a4.0_p1.0,2,23,0,300,1,0.00
path-traversal,placement,place=a4.0_p1.0,3,23,0,300,1,0.00
path-traversal,placement,place=a4.0_p1.0,4,26,0,300,1,0.00
path-traversal,placement,place=a4.0_p1.0,5,25,0,300,1,0.00
path-traversal,placement,place=a4.0_p1.0,6,32,0,300,1,0.00
path-traversal,placement,place=a4.0_p1.0,7,22,0,300,1,0.00
path-traversal,placement,place=a4.0_p1.0,8,24,0,300,1,0.00
path-traversal,placement,place=a4.0_p1.0,9,33,0,300,1,0.00
path-traversal,placement,place=a4.0_p1.0,10,25,0,300,1,0.00
path-traversal,placement,place=a4.0_p1.0,11,23,0,300,1,0.00
path-traversal,placement,place=a4.0_p1.0,12,23,0,300,1,0.00
path-traversal,placement,place=a4.0_p1.0,13,32,0,300,1,0.00
path-traversal,placement,place=a4.0_p1.0,14,30,0,300,1,0.00
path-traversal,placement,place=a4.0_p1.0,15,25,0,300,1,0.00
path-traversal,placement,place=a4.0_p1.0,16,23,0,300,1,0.00
path-traversal,placement,place=a4.0_p1.0,17,33,0,300,1,0.00
path-traversal,placement,place=a4.0_p1.0,18,27,0,300,1,0.00
path-traversal,placement,place=a4.0_p1.0,19,24,0,300,1,0.00
path-traversal,placement,place=a4.0_p2.0,0,23,0,300,1,0.00
path-traversal,placement,place=a4.0_p2.0,1,26,0,300,1,0.00
path-traversal,placement,place=a4.0_p2.0,2,24,0,300,1,0.00
path-traversal,placement,place=a4.0_p2.0,3,23,0,300,1,0.00
path-traversal,placement,place=a4.0_p2.0,4,23,0,300,1,0.00
path-traversal,placement,place=a4.0_p2.0,5,23,0,300,1,0.00
path-traversal,placement,place=a4.0_p2.0,6,23,0,300,1,0.00
path-traversal,placement,place=a4.0_p2.0,7,23,0,300,1,0.00
path-traversal,placement,place=a4.0_p2.0,8,23,0,300,1,0.00
path-traversal,placement,place=a4.0_p2.0,9,23,0,300,1,0.00
path-traversal,placement,place=a4.0_p2.0,10,29,0,300,1,0.00
path-traversal,placement,place=a4.0_p2.0,11,26,0,300,1,0.00
path-traversal,placement,place=a4.0_p2.0,12,23,0,300,1,0.00
path-traversal,placement,place=a4.0_p2.0,13,23,0,300,1,0.00
path-traversal,placement,place=a4.0_p2.0,14,23,0,300,1,0.00
path-traversal,placement,place=a4.0_p2.0,15,23,0,300,1,0.00
path-traversal,placement,place=a4.0_p2.0,16,25,0,300,1,0.00
path-traversal,placement,place=a4.0_p2.0,17,23,0,300,1,0.00
path-traversal,placement,place=a4.0_p2.0,18,23,0,300,1,0.00
path-traversal,placement,place=a4.0_p2.0,19,23,0,300,1,0.00
path-traversal,placement,place=a4.0_p4.0,0,24,0,300,1,0.00
path-traversal,placement,place=a4.0_p4.0,1,23,0,300,1,0.00
path-traversal,placement,place=a4.0_p4.0,2,23,0,300,1,0.00
path-traversal,placement,place=a4.0_p4.0,3,23,0,300,1,0.00
path-traversal,placement,place=a4.0_p4.0,4,31,0,300,1,0.00
path-traversal,placement,place=a4.0_p4.0,5,27,0,300,1,0.00
path-traversal,placement,place=a4.0_p4.0,6,23,0,300,1,0.00
path-traversal,placement,place=a4.0_p4.0,7,26,0,300,1,0.00
path-traversal,placement,place=a4.0_p4.0,8,23,0,300,1,0.00
path-traversal,placement,place=a4.0_p4.0,9,23,0,300,1,0.00
path-traversal,placement,place=a4.0_p4.0,10,22,0,300,1,0.00
path-traversal,placement,place=a4.0_p4.0,11,27,0,300,1,0.00
path-traversal,placement,place=a4.0_p4.0,12,32,0,300,1,0.00
path-traversal,placement,place=a4.0_p4.0,13,23,0,300,1,0.00
path-traversal,placement,place=a4.0_p4.0,14,23,0,300,1,0.00
path-traversal,placement,place=a4.0_p4.0,15,32,0,300,1,0.00
path-traversal,placement,place=a4.0_p4.0,16,27,0,300,1,0.00
path-traversal,placement,place=a4.0_p4.0,17,23,0,300,1,0.00
path-traversal,placement,place=a4.0_p4.0,18,24,0,300,1,0.00
path-traversal,placement,place=a4.0_p4.0,19,27,0,300,1,0.00
path-traversal,placement,place=default,0,31,0,300,1,0.00
path-traversal,placement,place=default,1,29,0,300,1,0.00
path-traversal,placement,place=default,2,23,0,300,1,0.00
path-traversal,placement,place=default,3,31,0,300,1,0.00
path-traversal,placement,place=default,4,34,0,300,1,0.00
path-traversal,placement,place=default,5,29,0,300,1,0.00
path-traversal,placement,place=default,6,24,0,300,1,0.00
path-traversal,placement,place=default,7,23,0,300,1,0.00
path-traversal,placement,place=default,8,26,0,300,1,0.00
path-traversal,placement,place=default,9,33,0,300,1,0.00
path-traversal,placement,place=default,10,26,0,300,1,0.00
path-traversal,placement,place=default,11,24,0,300,1,0.00
path-traversal,placement,place=default,12,24,0,300,1,0.00
path-traversal,placement,place=default,13,23,0,300,1,0.00
path-traversal,placement,place=default,14,24,0,300,1,0.00
path-traversal,placement,place=default,15,24,0,300,1,0.00
path-traversal,placement,place=default,16,23,0,300,1,0.00
path-traversal,placement,place=default,17,25,0,300,1,0.00
path-traversal,placement,place=default,18,24,0,300,1,0.00
path-traversal,placement,place=default,19,23,0,300,1,0.00
path-traversal,placement,place=wrap,0,24,0,300,1,0.00
path-traversal,placement,place=wrap,1,25,0,300,1,0.00
path-traversal,placement,place=wrap,2,25,0,300,1,0.00
path-traversal,placement,place=wrap,3,25,0,300,1,0.00
path-traversal,placement,place=wrap,4,28,0,300,1,0.00
path-traversal,placement,place=wrap,5,27,0,300,1,0.00
path-traversal,placement,place=wrap,6,26,0,300,1,0.00
path-traversal,placement,place=wrap,7,24,0,300,1,0.00
path-traversal,placement,place=wrap,8,24,0,300,1,0.00
path-traversal,placement,place=wrap,9,25,0,300,1,0.00
path-traversal,placement,place=wrap,10,25,0,300,1,0.00
path-traversal,placement,place=wrap,11,25,0,300,1,0.00
path-traversal,placement,place=wrap,12,24,0,300,1,0.00
path-traversal,placement,place=wrap,13,25,0,300,1,0.00
path-traversal,placement,place=wrap,14,26,0,300,1,0.00
path-traversal,placement,place=wrap,15,25,0,300,1,0.00
path-traversal,placement,place=wrap,16,25,0,300,1,0.00
path-traversal,placement,place=wrap,17,25,0,300,1,0.00
path-traversal,placement,place=wrap,18,28,0,300,1,0.00
path-traversal,placement,place=wrap,19,26,0,300,1,0.00
path-traversal,placement,place=wrap+b,0,24,0,300,1,0.00
path-traversal,placement,place=wrap+b,1,26,0,300,1,0.00
path-traversal,placement,place=wrap+b,2,33,0,300,1,0.00
path-traversal,placement,place=wrap+b,3,25,0,300,1,0.00
path-traversal,placement,place=wrap+b,4,24,0,300,1,0.00
path-traversal,placement,place=wrap+b,5,28,0,300,1,0.00
path-traversal,placement,place=wrap+b,6,26,0,300,1,0.00
path-traversal,placement,place=wrap+b,7,24,0,300,1,0.00
path-traversal,placement,place=wrap+b,8,31,0,300,1,0.00
path-traversal,placement,place=wrap+b,9,24,0,300,1,0.00
path-traversal,placement,place=wrap+b,10,31,0,300,1,0.00
path-traversal,placement,place=wrap+b,11,24,0,300,1,0.00
path-traversal,placement,place=wrap+b,12,24,0,300,1,0.00
path-traversal,placement,place=wrap+b,13,24,0,300,1,0.00
path-traversal,placement,place=wrap+b,14,33,0,300,1,0.00
path-traversal,placement,place=wrap+b,15,24,0,300,1,0.00
path-traversal,placement,place=wrap+b,16,24,0,300,1,0.00
path-traversal,placement,place=wrap+b,17,28,0,300,1,0.00
path-traversal,placement,place=wrap+b,18,26,0,300,1,0.00
path-traversal,placement,place=wrap+b,19,28,0,300,1,0.00
path-traversal,ops,ops=1,0,28,0,300,1,0.00
path-traversal,ops,ops=1,1,23,0,300,1,0.00
path-traversal,ops,ops=1,2,23,0,300,1,0.00
path-traversal,ops,ops=1,3,33,0,300,1,0.00
path-traversal,ops,ops=1,4,29,0,300,1,0.00
path-traversal,ops,ops=1,5,26,0,300,1,0.00
path-traversal,ops,ops=1,6,24,0,300,1,0.00
path-traversal,ops,ops=1,7,23,0,300,1,0.00
path-traversal,ops,ops=1,8,23,0,300,1,0.00
path-traversal,ops,ops=1,9,23,0,300,1,0.00
path-traversal,ops,ops=1,10,28,0,300,1,0.00
path-traversal,ops,ops=1,11,33,0,300,1,0.00
path-traversal,ops,ops=1,12,28,0,300,1,0.00
path-traversal,ops,ops=1,13,23,0,300,1,0.00
path-traversal,ops,ops=1,14,26,0,300,1,0.00
path-traversal,ops,ops=1,15,24,0,300,1,0.00
path-traversal,ops,ops=1,16,23,0,300,1,0.00
path-traversal,ops,ops=1,17,22,0,300,1,0.00
path-traversal,ops,ops=1,18,24,0,300,1,0.00
path-traversal,ops,ops=1,19,32,0,300,1,0.00
path-traversal,ops,ops=2,0,25,0,300,1,0.00
path-traversal,ops,ops=2,1,23,0,300,1,0.00
path-traversal,ops,ops=2,2,23,0,300,1,0.00
path-traversal,ops,ops=2,3,24,0,300,1,0.00
path-traversal,ops,ops=2,4,23,0,300,1,0.00
path-traversal,ops,ops=2,5,23,0,300,1,0.00
path-traversal,ops,ops=2,6,24,0,300,1,0.00
path-traversal,ops,ops=2,7,24,0,300,1,0.00
path-traversal,ops,ops=2,8,25,0,300,1,0.00
path-traversal,ops,ops=2,9,23,0,300,1,0.00
path-traversal,ops,ops=2,10,23,0,300,1,0.00
path-traversal,ops,ops=2,11,27,0,300,1,0.00
path-traversal,ops,ops=2,12,27,0,300,1,0.00
path-traversal,ops,ops=2,13,23,0,300,1,0.00
path-traversal,ops,ops=2,14,23,0,300,1,0.00
path-traversal,ops,ops=2,15,23,0,300,1,0.00
path-traversal,ops,ops=2,16,23,0,300,1,0.00
path-traversal,ops,ops=2,17,23,0,300,1,0.00
path-traversal,ops,ops=2,18,22,0,300,1,0.00
path-traversal,ops,ops=2,19,23,0,300,1,0.00
path-traversal,ops,ops=4,0,23,0,300,1,0.00
path-traversal,ops,ops=4,1,25,0,300,1,0.00
path-traversal,ops,ops=4,2,24,0,300,1,0.00
path-traversal,ops,ops=4,3,23,0,300,1,0.00
path-traversal,ops,ops=4,4,23,0,300,1,0.00
path-traversal,ops,ops=4,5,23,0,300,1,0.00
path-traversal,ops,ops=4,6,25,0,300,1,0.00
path-traversal,ops,ops=4,7,27,0,300,1,0.00
path-traversal,ops,ops=4,8,23,0,300,1,0.00
path-traversal,ops,ops=4,9,23,0,300,1,0.00
path-traversal,ops,ops=4,10,24,0,300,1,0.00
path-traversal,ops,ops=4,11,27,0,300,1,0.00
path-traversal,ops,ops=4,12,24,0,300,1,0.00
path-traversal,ops,ops=4,13,23,0,300,1,0.00
path-traversal,ops,ops=4,14,26,0,300,1,0.00
path-traversal,ops,ops=4,15,28,0,300,1,0.00
path-traversal,ops,ops=4,16,24,0,300,1,0.00
path-traversal,ops,ops=4,17,26,0,300,1,0.00
path-traversal,ops,ops=4,18,32,0,300,1,0.00
path-traversal,ops,ops=4,19,29,0,300,1,0.00
path-traversal,ops,ops=8,0,25,0,300,1,0.00
path-traversal,ops,ops=8,1,28,0,300,1,0.00
path-traversal,ops,ops=8,2,31,0,300,1,0.00
path-traversal,ops,ops=8,3,26,0,300,1,0.00
path-traversal,ops,ops=8,4,24,0,300,1,0.00
path-traversal,ops,ops=8,5,27,0,300,1,0.00
path-traversal,ops,ops=8,6,35,0,300,1,0.00
path-traversal,ops,ops=8,7,31,0,300,1,0.00
path-traversal,ops,ops=8,8,24,0,300,1,0.00
path-traversal,ops,ops=8,9,26,0,300,1,0.00
path-traversal,ops,ops=8,10,25,0,300,1,0.00
path-traversal,ops,ops=8,11,25,0,300,1,0.00
path-traversal,ops,ops=8,12,24,0,300,1,0.00
path-traversal,ops,ops=8,13,24,0,300,1,0.00
path-traversal,ops,ops=8,14,24,0,300,1,0.00
path-traversal,ops,ops=8,15,25,0,300,1,0.00
path-traversal,ops,ops=8,16,24,0,300,1,0.00
path-traversal,ops,ops=8,17,24,0,300,1,0.00
path-traversal,ops,ops=8,18,24,0,300,1,0.00
path-traversal,ops,ops=8,19,25,0,300,1,0.00
path-traversal,ops,ops=16,0,26,0,300,1,0.00
path-traversal,ops,ops=16,1,25,0,300,1,0.00
path-traversal,ops,ops=16,2,28,0,300,1,0.00
path-traversal,ops,ops=16,3,27,0,300,1,0.00
path-traversal,ops,ops=16,4,27,0,300,1,0.00
path-traversal,ops,ops=16,5,24,0,300,1,0.00
path-traversal,ops,ops=16,6,31,0,300,1,0.00
path-traversal,ops,ops=16,7,29,0,300,1,0.00
path-traversal,ops,ops=16,8,25,0,300,1,0.00
path-traversal,ops,ops=16,9,26,0,300,1,0.00
path-traversal,ops,ops=16,10,34,0,300,1,0.00
path-traversal,ops,ops=16,11,25,0,300,1,0.00
path-traversal,ops,ops=16,12,25,0,300,1,0.00
path-traversal,ops,ops=16,13,25,0,300,1,0.00
path-traversal,ops,ops=16,14,31,0,300,1,0.00
path-traversal,ops,ops=16,15,30,0,300,1,0.00
path-traversal,ops,ops=16,16,25,0,300,1,0.00
path-traversal,ops,ops=16,17,26,0,300,1,0.00
path-traversal,ops,ops=16,18,31,0,300,1,0.00
path-traversal,ops,ops=16,19,26,0,300,1,0.00
path-traversal,feedback,fb=default,0,23,0,300,1,0.00
path-traversal,feedback,fb=default,1,23,0,300,1,0.00
path-traversal,feedback,fb=default,2,24,0,300,1,0.00
path-traversal,feedback,fb=default,3,26,0,300,1,0.00
path-traversal,feedback,fb=default,4,24,0,300,1,0.00
path-traversal,feedback,fb=default,5,25,0,300,1,0.00
path-traversal,feedback,fb=default,6,34,0,300,1,0.00
path-traversal,feedback,fb=default,7,28,0,300,1,0.00
path-traversal,feedback,fb=default,8,23,0,300,1,0.00
path-traversal,feedback,fb=default,9,23,0,300,1,0.00
path-traversal,feedback,fb=default,10,24,0,300,1,0.00
path-traversal,feedback,fb=default,11,24,0,300,1,0.00
path-traversal,feedback,fb=default,12,24,0,300,1,0.00
path-traversal,feedback,fb=default,13,28,0,300,1,0.00
path-traversal,feedback,fb=default,14,32,0,300,1,0.00
path-traversal,feedback,fb=default,15,34,0,300,1,0.00
path-traversal,feedback,fb=default,16,28,0,300,1,0.00
path-traversal,feedback,fb=default,17,23,0,300,1,0.00
path-traversal,feedback,fb=default,18,23,0,300,1,0.00
path-traversal,feedback,fb=default,19,34,0,300,1,0.00
path-traversal,feedback,fb=flat3,0,27,0,300,1,0.00
path-traversal,feedback,fb=flat3,1,27,0,300,1,0.00
path-traversal,feedback,fb=flat3,2,23,0,300,1,0.00
path-traversal,feedback,fb=flat3,3,24,0,300,1,0.00
path-traversal,feedback,fb=flat3,4,24,0,300,1,0.00
path-traversal,feedback,fb=flat3,5,23,0,300,1,0.00
path-traversal,feedback,fb=flat3,6,24,0,300,1,0.00
path-traversal,feedback,fb=flat3,7,23,0,300,1,0.00
path-traversal,feedback,fb=flat3,8,23,0,300,1,0.00
path-traversal,feedback,fb=flat3,9,23,0,300,1,0.00
path-traversal,feedback,fb=flat3,10,23,0,300,1,0.00
path-traversal,feedback,fb=flat3,11,23,0,300,1,0.00
path-traversal,feedback,fb=flat3,12,23,0,300,1,0.00
path-traversal,feedback,fb=flat3,13,23,0,300,1,0.00
path-traversal,feedback,fb=flat3,14,24,0,300,1,0.00
path-traversal,feedback,fb=flat3,15,23,0,300,1,0.00
path-traversal,feedback,fb=flat3,16,23,0,300,1,0.00
path-traversal,feedback,fb=flat3,17,27,0,300,1,0.00
path-traversal,feedback,fb=flat3,18,28,0,300,1,0.00
path-traversal,feedback,fb=flat3,19,24,0,300,1,0.00
path-traversal,feedback,fb=flat6,0,23,0,300,1,0.00
path-traversal,feedback,fb=flat6,1,24,0,300,1,0.00
path-traversal,feedback,fb=flat6,2,25,0,300,1,0.00
path-traversal,feedback,fb=flat6,3,24,0,300,1,0.00
path-traversal,feedback,fb=flat6,4,23,0,300,1,0.00
path-traversal,feedback,fb=flat6,5,30,0,300,1,0.00
path-traversal,feedback,fb=flat6,6,25,0,300,1,0.00
path-traversal,feedback,fb=flat6,7,24,0,300,1,0.00
path-traversal,feedback,fb=flat6,8,30,0,300,1,0.00
path-traversal,feedback,fb=flat6,9,24,0,300,1,0.00
path-traversal,feedback,fb=flat6,10,23,0,300,1,0.00
path-traversal,feedback,fb=flat6,11,23,0,300,1,0.00
path-traversal,feedback,fb=flat6,12,26,0,300,1,0.00
path-traversal,feedback,fb=flat6,13,24,0,300,1,0.00
path-traversal,feedback,fb=flat6,14,23,0,300,1,0.00
path-traversal,feedback,fb=flat6,15,23,0,300,1,0.00
path-traversal,feedback,fb=flat6,16,23,0,300,1,0.00
path-traversal,feedback,fb=flat6,17,23,0,300,1,0.00
path-traversal,feedback,fb=flat6,18,24,0,300,1,0.00
path-traversal,feedback,fb=flat6,19,24,0,300,1,0.00
path-traversal,feedback,fb=compressed,0,23,0,300,1,0.00
path-traversal,feedback,fb=compressed,1,26,0,300,1,0.00
path-traversal,feedback,fb=compressed,2,27,0,300,1,0.00
path-traversal,feedback,fb=compressed,3,25,0,300,1,0.00
path-traversal,feedback,fb=compressed,4,23,0,300,1,0.00
path-traversal,feedback,fb=compressed,5,23,0,300,1,0.00
path-traversal,feedback,fb=compressed,6,32,0,300,1,0.00
path-traversal,feedback,fb=compressed,7,32,0,300,1,0.00
path-traversal,feedback,fb=compressed,8,24,0,300,1,0.00
path-traversal,feedback,fb=compressed,9,23,0,300,1,0.00
path-traversal,feedback,fb=compressed,10,23,0,300,1,0.00
path-traversal,feedback,fb=compressed,11,27,0,300,1,0.00
path-traversal,feedback,fb=compressed,12,24,0,300,1,0.00
path-traversal,feedback,fb=compressed,13,24,0,300,1,0.00
path-traversal,feedback,fb=compressed,14,23,0,300,1,0.00
path-traversal,feedback,fb=compressed,15,24,0,300,1,0.00
path-traversal,feedback,fb=compressed,16,28,0,300,1,0.00
path-traversal,feedback,fb=compressed,17,28,0,300,1,0.00
path-traversal,feedback,fb=compressed,18,28,0,300,1,0.00
path-traversal,feedback,fb=compressed,19,32,0,300,1,0.00
path-traversal,feedback,fb=expanded,0,25,0,300,1,0.00
path-traversal,feedback,fb=expanded,1,24,0,300,1,0.00
path-traversal,feedback,fb=expanded,2,23,0,300,1,0.00
path-traversal,feedback,fb=expanded,3,23,0,300,1,0.00
path-traversal,feedback,fb=expanded,4,30,0,300,1,0.00
path-traversal,feedback,fb=expanded,5,31,0,300,1,0.00
path-traversal,feedback,fb=expanded,6,25,0,300,1,0.00
path-traversal,feedback,fb=expanded,7,26,0,300,1,0.00
path-traversal,feedback,fb=expanded,8,25,0,300,1,0.00
path-traversal,feedback,fb=expanded,9,23,0,300,1,0.00
path-traversal,feedback,fb=expanded,10,23,0,300,1,0.00
path-traversal,feedback,fb=expanded,11,24,0,300,1,0.00
path-traversal,feedback,fb=expanded,12,24,0,300,1,0.00
path-traversal,feedback,fb=expanded,13,25,0,300,1,0.00
path-traversal,feedback,fb=expanded,14,23,0,300,1,0.00
path-traversal,feedback,fb=expanded,15,23,0,300,1,0.00
path-traversal,feedback,fb=expanded,16,23,0,300,1,0.00
path-traversal,feedback,fb=expanded,17,24,0,300,1,0.00
path-traversal,feedback,fb=expanded,18,24,0,300,1,0.00
path-traversal,feedback,fb=expanded,19,23,0,300,1,0.00
path-traversal,feedback,fb=status>error,0,23,0,300,1,0.00
path-traversal,feedback,fb=status>error,1,24,0,300,1,0.00
path-traversal,feedback,fb=status>error,2,24,0,300,1,0.00
path-traversal,feedback,fb=status>error,3,23,0,300,1,0.00
path-traversal,feedback,fb=status>error,4,23,0,300,1,0.00
path-traversal,feedback,fb=status>error,5,23,0,300,1,0.00
path-traversal,feedback,fb=status>error,6,27,0,300,1,0.00
path-traversal,feedback,fb=status>error,7,25,0,300,1,0.00
path-traversal,feedback,fb=status>error,8,23,0,300,1,0.00
path-traversal,feedback,fb=status>error,9,26,0,300,1,0.00
path-traversal,feedback,fb=status>error,10,30,0,300,1,0.00
path-traversal,feedback,fb=status>error,11,25,0,300,1,0.00
path-traversal,feedback,fb=status>error,12,23,0,300,1,0.00
path-traversal,feedback,fb=status>error,13,23,0,300,1,0.00
path-traversal,feedback,fb=status>error,14,28,0,300,1,0.00
path-traversal,feedback,fb=status>error,15,24,0,300,1,0.00
path-traversal,feedback,fb=status>error,16,23,0,300,1,0.00
path-traversal,feedback,fb=status>error,17,23,0,300,1,0.00
path-traversal,feedback,fb=status>error,18,27,0,300,1,0.00
path-traversal,feedback,fb=status>error,19,31,0,300,1,0.00
path-traversal,feedback,fb=bodydiff+,0,24,0,300,1,0.00
path-traversal,feedback,fb=bodydiff+,1,23,0,300,1,0.00
path-traversal,feedback,fb=bodydiff+,2,23,0,300,1,0.00
path-traversal,feedback,fb=bodydiff+,3,28,0,300,1,0.00
path-traversal,feedback,fb=bodydiff+,4,37,0,300,1,0.00
path-traversal,feedback,fb=bodydiff+,5,33,0,300,1,0.00
path-traversal,feedback,fb=bodydiff+,6,31,0,300,1,0.00
path-traversal,feedback,fb=bodydiff+,7,31,0,300,1,0.00
path-traversal,feedback,fb=bodydiff+,8,30,0,300,1,0.00
path-traversal,feedback,fb=bodydiff+,9,24,0,300,1,0.00
path-traversal,feedback,fb=bodydiff+,10,32,0,300,1,0.00
path-traversal,feedback,fb=bodydiff+,11,24,0,300,1,0.00
path-traversal,feedback,fb=bodydiff+,12,23,0,300,1,0.00
path-traversal,feedback,fb=bodydiff+,13,24,0,300,1,0.00
path-traversal,feedback,fb=bodydiff+,14,24,0,300,1,0.00
path-traversal,feedback,fb=bodydiff+,15,23,0,300,1,0.00
path-traversal,feedback,fb=bodydiff+,16,23,0,300,1,0.00
path-traversal,feedback,fb=bodydiff+,17,23,0,300,1,0.00
path-traversal,feedback,fb=bodydiff+,18,23,0,300,1,0.00
path-traversal,feedback,fb=bodydiff+,19,23,0,300,1,0.00
path-traversal,feedback,fb=strict,0,23,0,300,1,0.00
path-traversal,feedback,fb=strict,1,23,0,300,1,0.00
path-traversal,feedback,fb=strict,2,23,0,300,1,0.00
path-traversal,feedback,fb=strict,3,27,0,300,1,0.00
path-traversal,feedback,fb=strict,4,23,0,300,1,0.00
path-traversal,feedback,fb=strict,5,23,0,300,1,0.00
path-traversal,feedback,fb=strict,6,23,0,300,1,0.00
path-traversal,feedback,fb=strict,7,23,0,300,1,0.00
path-traversal,feedback,fb=strict,8,24,0,300,1,0.00
path-traversal,feedback,fb=strict,9,24,0,300,1,0.00
path-traversal,feedback,fb=strict,10,23,0,300,1,0.00
path-traversal,feedback,fb=strict,11,25,0,300,1,0.00
path-traversal,feedback,fb=strict,12,24,0,300,1,0.00
path-traversal,feedback,fb=strict,13,24,0,300,1,0.00
path-traversal,feedback,fb=strict,14,23,0,300,1,0.00
path-traversal,feedback,fb=strict,15,23,0,300,1,0.00
path-traversal,feedback,fb=strict,16,23,0,300,1,0.00
path-traversal,feedback,fb=strict,17,29,0,300,1,0.00
path-traversal,feedback,fb=strict,18,24,0,300,1,0.00
path-traversal,feedback,fb=strict,19,23,0,300,1,0.00
path-traversal,min_score,minscore=1,0,23,0,300,1,0.00
path-traversal,min_score,minscore=1,1,28,0,300,1,0.00
path-traversal,min_score,minscore=1,2,24,0,300,1,0.00
path-traversal,min_score,minscore=1,3,23,0,300,1,0.00
path-traversal,min_score,minscore=1,4,30,0,300,1,0.00
path-traversal,min_score,minscore=1,5,27,0,300,1,0.00
path-traversal,min_score,minscore=1,6,33,0,300,1,0.00
path-traversal,min_score,minscore=1,7,24,0,300,1,0.00
path-traversal,min_score,minscore=1,8,23,0,300,1,0.00
path-traversal,min_score,minscore=1,9,23,0,300,1,0.00
path-traversal,min_score,minscore=1,10,26,0,300,1,0.00
path-traversal,min_score,minscore=1,11,24,0,300,1,0.00
path-traversal,min_score,minscore=1,12,24,0,300,1,0.00
path-traversal,min_score,minscore=1,13,23,0,300,1,0.00
path-traversal,min_score,minscore=1,14,27,0,300,1,0.00
path-traversal,min_score,minscore=1,15,23,0,300,1,0.00
path-traversal,min_score,minscore=1,16,23,0,300,1,0.00
path-traversal,min_score,minscore=1,17,32,0,300,1,0.00
path-traversal,min_score,minscore=1,18,28,0,300,1,0.00
path-traversal,min_score,minscore=1,19,31,0,300,1,0.00
path-traversal,min_score,minscore=2,0,33,0,300,1,0.00
path-traversal,min_score,minscore=2,1,27,0,300,1,0.00
path-traversal,min_score,minscore=2,2,30,0,300,1,0.00
path-traversal,min_score,minscore=2,3,26,0,300,1,0.00
path-traversal,min_score,minscore=2,4,23,0,300,1,0.00
path-traversal,min_score,minscore=2,5,24,0,300,1,0.00
path-traversal,min_score,minscore=2,6,23,0,300,1,0.00
path-traversal,min_score,minscore=2,7,23,0,300,1,0.00
path-traversal,min_score,minscore=2,8,23,0,300,1,0.00
path-traversal,min_score,minscore=2,9,23,0,300,1,0.00
path-traversal,min_score,minscore=2,10,28,0,300,1,0.00
path-traversal,min_score,minscore=2,11,24,0,300,1,0.00
path-traversal,min_score,minscore=2,12,24,0,300,1,0.00
path-traversal,min_score,minscore=2,13,23,0,300,1,0.00
path-traversal,min_score,minscore=2,14,24,0,300,1,0.00
path-traversal,min_score,minscore=2,15,23,0,300,1,0.00
path-traversal,min_score,minscore=2,16,23,0,300,1,0.00
path-traversal,min_score,minscore=2,17,23,0,300,1,0.00
path-traversal,min_score,minscore=2,18,23,0,300,1,0.00
path-traversal,min_score,minscore=2,19,23,0,300,1,0.00
path-traversal,min_score,minscore=3,0,23,0,300,1,0.00
path-traversal,min_score,minscore=3,1,23,0,300,1,0.00
path-traversal,min_score,minscore=3,2,29,0,300,1,0.00
path-traversal,min_score,minscore=3,3,26,0,300,1,0.00
path-traversal,min_score,minscore=3,4,24,0,300,1,0.00
path-traversal,min_score,minscore=3,5,24,0,300,1,0.00
path-traversal,min_score,minscore=3,6,25,0,300,1,0.00
path-traversal,min_score,minscore=3,7,23,0,300,1,0.00
path-traversal,min_score,minscore=3,8,24,0,300,1,0.00
path-traversal,min_score,minscore=3,9,23,0,300,1,0.00
path-traversal,min_score,minscore=3,10,25,0,300,1,0.00
path-traversal,min_score,minscore=3,11,25,0,300,1,0.00
path-traversal,min_score,minscore=3,12,25,0,300,1,0.00
path-traversal,min_score,minscore=3,13,23,0,300,1,0.00
path-traversal,min_score,minscore=3,14,24,0,300,1,0.00
path-traversal,min_score,minscore=3,15,28,0,300,1,0.00
path-traversal,min_score,minscore=3,16,25,0,300,1,0.00
path-traversal,min_score,minscore=3,17,23,0,300,1,0.00
path-traversal,min_score,minscore=3,18,24,0,300,1,0.00
path-traversal,min_score,minscore=3,19,23,0,300,1,0.00
path-traversal,min_score,minscore=4,0,23,0,300,1,0.00
path-traversal,min_score,minscore=4,1,24,0,300,1,0.00
path-traversal,min_score,minscore=4,2,23,0,300,1,0.00
path-traversal,min_score,minscore=4,3,23,0,300,1,0.00
path-traversal,min_score,minscore=4,4,23,0,300,1,0.00
path-traversal,min_score,minscore=4,5,24,0,300,1,0.00
path-traversal,min_score,minscore=4,6,24,0,300,1,0.00
path-traversal,min_score,minscore=4,7,23,0,300,1,0.00
path-traversal,min_score,minscore=4,8,23,0,300,1,0.00
path-traversal,min_score,minscore=4,9,25,0,300,1,0.00
path-traversal,min_score,minscore=4,10,24,0,300,1,0.00
path-traversal,min_score,minscore=4,11,24,0,300,1,0.00
path-traversal,min_score,minscore=4,12,23,0,300,1,0.00
path-traversal,min_score,minscore=4,13,29,0,300,1,0.00
path-traversal,min_score,minscore=4,14,32,0,300,1,0.00
path-traversal,min_score,minscore=4,15,26,0,300,1,0.00
path-traversal,min_score,minscore=4,16,31,0,300,1,0.00
path-traversal,min_score,minscore=4,17,28,0,300,1,0.00
path-traversal,min_score,minscore=4,18,24,0,300,1,0.00
path-traversal,min_score,minscore=4,19,23,0,300,1,0.00
path-traversal,min_score,minscore=5,0,29,0,300,1,0.00
path-traversal,min_score,minscore=5,1,31,0,300,1,0.00
path-traversal,min_score,minscore=5,2,23,0,300,1,0.00
path-traversal,min_score,minscore=5,3,23,0,300,1,0.00
path-traversal,min_score,minscore=5,4,30,0,300,1,0.00
path-traversal,min_score,minscore=5,5,29,0,300,1,0.00
path-traversal,min_score,minscore=5,6,27,0,300,1,0.00
path-traversal,min_score,minscore=5,7,23,0,300,1,0.00
path-traversal,min_score,minscore=5,8,23,0,300,1,0.00
path-traversal,min_score,minscore=5,9,23,0,300,1,0.00
path-traversal,min_score,minscore=5,10,24,0,300,1,0.00
path-traversal,min_score,minscore=5,11,24,0,300,1,0.00
path-traversal,min_score,minscore=5,12,27,0,300,1,0.00
path-traversal,min_score,minscore=5,13,27,0,300,1,0.00
path-traversal,min_score,minscore=5,14,30,0,300,1,0.00
path-traversal,min_score,minscore=5,15,23,0,300,1,0.00
path-traversal,min_score,minscore=5,16,24,0,300,1,0.00
path-traversal,min_score,minscore=5,17,24,0,300,1,0.00
path-traversal,min_score,minscore=5,18,24,0,300,1,0.00
path-traversal,min_score,minscore=5,19,24,0,300,1,0.00
path-traversal,min_score,minscore=6,0,23,0,300,1,0.00
path-traversal,min_score,minscore=6,1,23,0,300,1,0.00
path-traversal,min_score,minscore=6,2,23,0,300,1,0.00
path-traversal,min_score,minscore=6,3,24,0,300,1,0.00
path-traversal,min_score,minscore=6,4,23,0,300,1,0.00
path-traversal,min_score,minscore=6,5,23,0,300,1,0.00
path-traversal,min_score,minscore=6,6,24,0,300,1,0.00
path-traversal,min_score,minscore=6,7,23,0,300,1,0.00
path-traversal,min_score,minscore=6,8,23,0,300,1,0.00
path-traversal,min_score,minscore=6,9,24,0,300,1,0.00
path-traversal,min_score,minscore=6,10,23,0,300,1,0.00
path-traversal,min_score,minscore=6,11,24,0,300,1,0.00
path-traversal,min_score,minscore=6,12,25,0,300,1,0.00
path-traversal,min_score,minscore=6,13,24,0,300,1,0.00
path-traversal,min_score,minscore=6,14,30,0,300,1,0.00
path-traversal,min_score,minscore=6,15,29,0,300,1,0.00
path-traversal,min_score,minscore=6,16,30,0,300,1,0.00
path-traversal,min_score,minscore=6,17,23,0,300,1,0.00
path-traversal,min_score,minscore=6,18,25,0,300,1,0.00
path-traversal,min_score,minscore=6,19,24,0,300,1,0.00
path-traversal,stop_prob,stop=0.10_min1,0,26,0,300,1,0.00
path-traversal,stop_prob,stop=0.10_min1,1,26,0,300,1,0.00
path-traversal,stop_prob,stop=0.10_min1,2,25,0,300,1,0.00
path-traversal,stop_prob,stop=0.10_min1,3,34,0,300,1,0.00
path-traversal,stop_prob,stop=0.10_min1,4,33,0,300,1,0.00
path-traversal,stop_prob,stop=0.10_min1,5,36,0,300,1,0.00
path-traversal,stop_prob,stop=0.10_min1,6,26,0,300,1,0.00
path-traversal,stop_prob,stop=0.10_min1,7,33,0,300,1,0.00
path-traversal,stop_prob,stop=0.10_min1,8,26,0,300,1,0.00
path-traversal,stop_prob,stop=0.10_min1,9,26,0,300,1,0.00
path-traversal,stop_prob,stop=0.10_min1,10,26,0,300,1,0.00
path-traversal,stop_prob,stop=0.10_min1,11,33,0,300,1,0.00
path-traversal,stop_prob,stop=0.10_min1,12,32,0,300,1,0.00
path-traversal,stop_prob,stop=0.10_min1,13,31,0,300,1,0.00
path-traversal,stop_prob,stop=0.10_min1,14,33,0,300,1,0.00
path-traversal,stop_prob,stop=0.10_min1,15,26,0,300,1,0.00
path-traversal,stop_prob,stop=0.10_min1,16,29,0,300,1,0.00
path-traversal,stop_prob,stop=0.10_min1,17,38,0,300,1,0.00
path-traversal,stop_prob,stop=0.10_min1,18,28,0,300,1,0.00
path-traversal,stop_prob,stop=0.10_min1,19,26,0,300,1,0.00
path-traversal,stop_prob,stop=0.25_min1,0,22,0,300,1,0.00
path-traversal,stop_prob,stop=0.25_min1,1,25,0,300,1,0.00
path-traversal,stop_prob,stop=0.25_min1,2,23,0,300,1,0.00
path-traversal,stop_prob,stop=0.25_min1,3,23,0,300,1,0.00
path-traversal,stop_prob,stop=0.25_min1,4,22,0,300,1,0.00
path-traversal,stop_prob,stop=0.25_min1,5,23,0,300,1,0.00
path-traversal,stop_prob,stop=0.25_min1,6,23,0,300,1,0.00
path-traversal,stop_prob,stop=0.25_min1,7,23,0,300,1,0.00
path-traversal,stop_prob,stop=0.25_min1,8,22,0,300,1,0.00
path-traversal,stop_prob,stop=0.25_min1,9,23,0,300,1,0.00
path-traversal,stop_prob,stop=0.25_min1,10,22,0,300,1,0.00
path-traversal,stop_prob,stop=0.25_min1,11,23,0,300,1,0.00
path-traversal,stop_prob,stop=0.25_min1,12,26,0,300,1,0.00
path-traversal,stop_prob,stop=0.25_min1,13,23,0,300,1,0.00
path-traversal,stop_prob,stop=0.25_min1,14,23,0,300,1,0.00
path-traversal,stop_prob,stop=0.25_min1,15,25,0,300,1,0.00
path-traversal,stop_prob,stop=0.25_min1,16,23,0,300,1,0.00
path-traversal,stop_prob,stop=0.25_min1,17,23,0,300,1,0.00
path-traversal,stop_prob,stop=0.25_min1,18,23,0,300,1,0.00
path-traversal,stop_prob,stop=0.25_min1,19,23,0,300,1,0.00
path-traversal,stop_prob,stop=0.50_min1,0,22,0,300,1,0.00
path-traversal,stop_prob,stop=0.50_min1,1,23,0,300,1,0.00
path-traversal,stop_prob,stop=0.50_min1,2,22,0,300,1,0.00
path-traversal,stop_prob,stop=0.50_min1,3,22,0,300,1,0.00
path-traversal,stop_prob,stop=0.50_min1,4,22,0,300,1,0.00
path-traversal,stop_prob,stop=0.50_min1,5,22,0,300,1,0.00
path-traversal,stop_prob,stop=0.50_min1,6,22,0,300,1,0.00
path-traversal,stop_prob,stop=0.50_min1,7,22,0,300,1,0.00
path-traversal,stop_prob,stop=0.50_min1,8,22,0,300,1,0.00
path-traversal,stop_prob,stop=0.50_min1,9,23,0,300,1,0.00
path-traversal,stop_prob,stop=0.50_min1,10,22,0,300,1,0.00
path-traversal,stop_prob,stop=0.50_min1,11,22,0,300,1,0.00
path-traversal,stop_prob,stop=0.50_min1,12,22,0,300,1,0.00
path-traversal,stop_prob,stop=0.50_min1,13,22,0,300,1,0.00
path-traversal,stop_prob,stop=0.50_min1,14,28,0,300,1,0.00
path-traversal,stop_prob,stop=0.50_min1,15,22,0,300,1,0.00
path-traversal,stop_prob,stop=0.50_min1,16,22,0,300,1,0.00
path-traversal,stop_prob,stop=0.50_min1,17,22,0,300,1,0.00
path-traversal,stop_prob,stop=0.50_min1,18,22,0,300,1,0.00
path-traversal,stop_prob,stop=0.50_min1,19,22,0,300,1,0.00
path-traversal,stop_prob,stop=0.75_min1,0,22,0,300,1,0.00
path-traversal,stop_prob,stop=0.75_min1,1,22,0,300,1,0.00
path-traversal,stop_prob,stop=0.75_min1,2,23,0,300,1,0.00
path-traversal,stop_prob,stop=0.75_min1,3,22,0,300,1,0.00
path-traversal,stop_prob,stop=0.75_min1,4,29,0,300,1,0.00
path-traversal,stop_prob,stop=0.75_min1,5,24,0,300,1,0.00
path-traversal,stop_prob,stop=0.75_min1,6,22,0,300,1,0.00
path-traversal,stop_prob,stop=0.75_min1,7,23,0,300,1,0.00
path-traversal,stop_prob,stop=0.75_min1,8,32,0,300,1,0.00
path-traversal,stop_prob,stop=0.75_min1,9,24,0,300,1,0.00
path-traversal,stop_prob,stop=0.75_min1,10,27,0,300,1,0.00
path-traversal,stop_prob,stop=0.75_min1,11,26,0,300,1,0.00
path-traversal,stop_prob,stop=0.75_min1,12,29,0,300,1,0.00
path-traversal,stop_prob,stop=0.75_min1,13,22,0,300,1,0.00
path-traversal,stop_prob,stop=0.75_min1,14,22,0,300,1,0.00
path-traversal,stop_prob,stop=0.75_min1,15,22,0,300,1,0.00
path-traversal,stop_prob,stop=0.75_min1,16,27,0,300,1,0.00
path-traversal,stop_prob,stop=0.75_min1,17,23,0,300,1,0.00
path-traversal,stop_prob,stop=0.75_min1,18,22,0,300,1,0.00
path-traversal,stop_prob,stop=0.75_min1,19,22,0,300,1,0.00
path-traversal,stop_prob,stop=0.90_min1,0,29,0,300,1,0.00
path-traversal,stop_prob,stop=0.90_min1,1,32,0,300,1,0.00
path-traversal,stop_prob,stop=0.90_min1,2,23,0,300,1,0.00
path-traversal,stop_prob,stop=0.90_min1,3,23,0,300,1,0.00
path-traversal,stop_prob,stop=0.90_min1,4,29,0,300,1,0.00
path-traversal,stop_prob,stop=0.90_min1,5,26,0,300,1,0.00
path-traversal,stop_prob,stop=0.90_min1,6,22,0,300,1,0.00
path-traversal,stop_prob,stop=0.90_min1,7,22,0,300,1,0.00
path-traversal,stop_prob,stop=0.90_min1,8,22,0,300,1,0.00
path-traversal,stop_prob,stop=0.90_min1,9,21,0,300,1,0.00
path-traversal,stop_prob,stop=0.90_min1,10,22,0,300,1,0.00
path-traversal,stop_prob,stop=0.90_min1,11,22,0,300,1,0.00
path-traversal,stop_prob,stop=0.90_min1,12,22,0,300,1,0.00
path-traversal,stop_prob,stop=0.90_min1,13,22,0,300,1,0.00
path-traversal,stop_prob,stop=0.90_min1,14,22,0,300,1,0.00
path-traversal,stop_prob,stop=0.90_min1,15,22,0,300,1,0.00
path-traversal,stop_prob,stop=0.90_min1,16,22,0,300,1,0.00
path-traversal,stop_prob,stop=0.90_min1,17,22,0,300,1,0.00
path-traversal,stop_prob,stop=0.90_min1,18,22,0,300,1,0.00
path-traversal,stop_prob,stop=0.90_min1,19,22,0,300,1,0.00
path-traversal,min_atoms,min=1,0,23,0,300,1,0.00
path-traversal,min_atoms,min=1,1,23,0,300,1,0.00
path-traversal,min_atoms,min=1,2,22,0,300,1,0.00
path-traversal,min_atoms,min=1,3,26,0,300,1,0.00
path-traversal,min_atoms,min=1,4,22,0,300,1,0.00
path-traversal,min_atoms,min=1,5,23,0,300,1,0.00
path-traversal,min_atoms,min=1,6,23,0,300,1,0.00
path-traversal,min_atoms,min=1,7,27,0,300,1,0.00
path-traversal,min_atoms,min=1,8,23,0,300,1,0.00
path-traversal,min_atoms,min=1,9,23,0,300,1,0.00
path-traversal,min_atoms,min=1,10,23,0,300,1,0.00
path-traversal,min_atoms,min=1,11,23,0,300,1,0.00
path-traversal,min_atoms,min=1,12,28,0,300,1,0.00
path-traversal,min_atoms,min=1,13,25,0,300,1,0.00
path-traversal,min_atoms,min=1,14,23,0,300,1,0.00
path-traversal,min_atoms,min=1,15,23,0,300,1,0.00
path-traversal,min_atoms,min=1,16,26,0,300,1,0.00
path-traversal,min_atoms,min=1,17,24,0,300,1,0.00
path-traversal,min_atoms,min=1,18,24,0,300,1,0.00
path-traversal,min_atoms,min=1,19,27,0,300,1,0.00
path-traversal,min_atoms,min=2,0,24,0,300,1,0.00
path-traversal,min_atoms,min=2,1,28,0,300,1,0.00
path-traversal,min_atoms,min=2,2,24,0,300,1,0.00
path-traversal,min_atoms,min=2,3,28,0,300,1,0.00
path-traversal,min_atoms,min=2,4,27,0,300,1,0.00
path-traversal,min_atoms,min=2,5,31,0,300,1,0.00
path-traversal,min_atoms,min=2,6,34,0,300,1,0.00
path-traversal,min_atoms,min=2,7,25,0,300,1,0.00
path-traversal,min_atoms,min=2,8,32,0,300,1,0.00
path-traversal,min_atoms,min=2,9,27,0,300,1,0.00
path-traversal,min_atoms,min=2,10,24,0,300,1,0.00
path-traversal,min_atoms,min=2,11,25,0,300,1,0.00
path-traversal,min_atoms,min=2,12,34,0,300,1,0.00
path-traversal,min_atoms,min=2,13,26,0,300,1,0.00
path-traversal,min_atoms,min=2,14,24,0,300,1,0.00
path-traversal,min_atoms,min=2,15,23,0,300,1,0.00
path-traversal,min_atoms,min=2,16,28,0,300,1,0.00
path-traversal,min_atoms,min=2,17,33,0,300,1,0.00
path-traversal,min_atoms,min=2,18,24,0,300,1,0.00
path-traversal,min_atoms,min=2,19,23,0,300,1,0.00
path-traversal,min_atoms,min=3,0,23,0,300,1,0.00
path-traversal,min_atoms,min=3,1,24,0,300,1,0.00
path-traversal,min_atoms,min=3,2,25,0,300,1,0.00
path-traversal,min_atoms,min=3,3,25,0,300,1,0.00
path-traversal,min_atoms,min=3,4,24,0,300,1,0.00
path-traversal,min_atoms,min=3,5,24,0,300,1,0.00
path-traversal,min_atoms,min=3,6,24,0,300,1,0.00
path-traversal,min_atoms,min=3,7,25,0,300,1,0.00
path-traversal,min_atoms,min=3,8,25,0,300,1,0.00
path-traversal,min_atoms,min=3,9,24,0,300,1,0.00
path-traversal,min_atoms,min=3,10,24,0,300,1,0.00
path-traversal,min_atoms,min=3,11,30,0,300,1,0.00
path-traversal,min_atoms,min=3,12,25,0,300,1,0.00
path-traversal,min_atoms,min=3,13,24,0,300,1,0.00
path-traversal,min_atoms,min=3,14,24,0,300,1,0.00
path-traversal,min_atoms,min=3,15,29,0,300,1,0.00
path-traversal,min_atoms,min=3,16,25,0,300,1,0.00
path-traversal,min_atoms,min=3,17,24,0,300,1,0.00
path-traversal,min_atoms,min=3,18,24,0,300,1,0.00
path-traversal,min_atoms,min=3,19,27,0,300,1,0.00
path-traversal,min_atoms,min=4,0,25,0,300,1,0.00
path-traversal,min_atoms,min=4,1,24,0,300,1,0.00
path-traversal,min_atoms,min=4,2,33,0,300,1,0.00
path-traversal,min_atoms,min=4,3,26,0,300,1,0.00
path-traversal,min_atoms,min=4,4,24,0,300,1,0.00
path-traversal,min_atoms,min=4,5,25,0,300,1,0.00
path-traversal,min_atoms,min=4,6,28,0,300,1,0.00
path-traversal,min_atoms,min=4,7,25,0,300,1,0.00
path-traversal,min_atoms,min=4,8,24,0,300,1,0.00
path-traversal,min_atoms,min=4,9,25,0,300,1,0.00
path-traversal,min_atoms,min=4,10,26,0,300,1,0.00
path-traversal,min_atoms,min=4,11,30,0,300,1,0.00
path-traversal,min_atoms,min=4,12,25,0,300,1,0.00
path-traversal,min_atoms,min=4,13,24,0,300,1,0.00
path-traversal,min_atoms,min=4,14,24,0,300,1,0.00
path-traversal,min_atoms,min=4,15,30,0,300,1,0.00
path-traversal,min_atoms,min=4,16,25,0,300,1,0.00
path-traversal,min_atoms,min=4,17,29,0,300,1,0.00
path-traversal,min_atoms,min=4,18,36,0,300,1,0.00
path-traversal,min_atoms,min=4,19,31,0,300,1,0.00
path-traversal,vocab,vocab=default,0,28,0,300,1,0.00
path-traversal,vocab,vocab=default,1,24,0,300,1,0.00
path-traversal,vocab,vocab=default,2,23,0,300,1,0.00
path-traversal,vocab,vocab=default,3,24,0,300,1,0.00
path-traversal,vocab,vocab=default,4,24,0,300,1,0.00
path-traversal,vocab,vocab=default,5,25,0,300,1,0.00
path-traversal,vocab,vocab=default,6,24,0,300,1,0.00
path-traversal,vocab,vocab=default,7,34,0,300,1,0.00
path-traversal,vocab,vocab=default,8,26,0,300,1,0.00
path-traversal,vocab,vocab=default,9,26,0,300,1,0.00
path-traversal,vocab,vocab=default,10,24,0,300,1,0.00
path-traversal,vocab,vocab=default,11,29,0,300,1,0.00
path-traversal,vocab,vocab=default,12,27,0,300,1,0.00
path-traversal,vocab,vocab=default,13,24,0,300,1,0.00
path-traversal,vocab,vocab=default,14,24,0,300,1,0.00
path-traversal,vocab,vocab=default,15,25,0,300,1,0.00
path-traversal,vocab,vocab=default,16,28,0,300,1,0.00
path-traversal,vocab,vocab=default,17,24,0,300,1,0.00
path-traversal,vocab,vocab=default,18,24,0,300,1,0.00
path-traversal,vocab,vocab=default,19,23,0,300,1,0.00
path-traversal,vocab,vocab=xss+,0,25,0,300,1,0.00
path-traversal,vocab,vocab=xss+,1,25,0,300,1,0.00
path-traversal,vocab,vocab=xss+,2,24,0,300,1,0.00
path-traversal,vocab,vocab=xss+,3,27,0,300,1,0.00
path-traversal,vocab,vocab=xss+,4,34,0,300,1,0.00
path-traversal,vocab,vocab=xss+,5,26,0,300,1,0.00
path-traversal,vocab,vocab=xss+,6,24,0,300,1,0.00
path-traversal,vocab,vocab=xss+,7,24,0,300,1,0.00
path-traversal,vocab,vocab=xss+,8,29,0,300,1,0.00
path-traversal,vocab,vocab=xss+,9,25,0,300,1,0.00
path-traversal,vocab,vocab=xss+,10,24,0,300,1,0.00
path-traversal,vocab,vocab=xss+,11,24,0,300,1,0.00
path-traversal,vocab,vocab=xss+,12,25,0,300,1,0.00
path-traversal,vocab,vocab=xss+,13,24,0,300,1,0.00
path-traversal,vocab,vocab=xss+,14,24,0,300,1,0.00
path-traversal,vocab,vocab=xss+,15,24,0,300,1,0.00
path-traversal,vocab,vocab=xss+,16,33,0,300,1,0.00
path-traversal,vocab,vocab=xss+,17,27,0,300,1,0.00
path-traversal,vocab,vocab=xss+,18,24,0,300,1,0.00
path-traversal,vocab,vocab=xss+,19,24,0,300,1,0.00
path-traversal,vocab,vocab=sqli+,0,23,0,300,1,0.00
path-traversal,vocab,vocab=sqli+,1,24,0,300,1,0.00
path-traversal,vocab,vocab=sqli+,2,24,0,300,1,0.00
path-traversal,vocab,vocab=sqli+,3,24,0,300,1,0.00
path-traversal,vocab,vocab=sqli+,4,24,0,300,1,0.00
path-traversal,vocab,vocab=sqli+,5,24,0,300,1,0.00
path-traversal,vocab,vocab=sqli+,6,24,0,300,1,0.00
path-traversal,vocab,vocab=sqli+,7,24,0,300,1,0.00
path-traversal,vocab,vocab=sqli+,8,23,0,300,1,0.00
path-traversal,vocab,vocab=sqli+,9,29,0,300,1,0.00
path-traversal,vocab,vocab=sqli+,10,34,0,300,1,0.00
path-traversal,vocab,vocab=sqli+,11,26,0,300,1,0.00
path-traversal,vocab,vocab=sqli+,12,24,0,300,1,0.00
path-traversal,vocab,vocab=sqli+,13,24,0,300,1,0.00
path-traversal,vocab,vocab=sqli+,14,25,0,300,1,0.00
path-traversal,vocab,vocab=sqli+,15,29,0,300,1,0.00
path-traversal,vocab,vocab=sqli+,16,23,0,300,1,0.00
path-traversal,vocab,vocab=sqli+,17,27,0,300,1,0.00
path-traversal,vocab,vocab=sqli+,18,30,0,300,1,0.00
path-traversal,vocab,vocab=sqli+,19,24,0,300,1,0.00
path-traversal,vocab,vocab=ssti+,0,25,0,300,1,0.00
path-traversal,vocab,vocab=ssti+,1,32,0,300,1,0.00
path-traversal,vocab,vocab=ssti+,2,28,0,300,1,0.00
path-traversal,vocab,vocab=ssti+,3,26,0,300,1,0.00
path-traversal,vocab,vocab=ssti+,4,25,0,300,1,0.00
path-traversal,vocab,vocab=ssti+,5,24,0,300,1,0.00
path-traversal,vocab,vocab=ssti+,6,28,0,300,1,0.00
path-traversal,vocab,vocab=ssti+,7,25,0,300,1,0.00
path-traversal,vocab,vocab=ssti+,8,24,0,300,1,0.00
path-traversal,vocab,vocab=ssti+,9,24,0,300,1,0.00
path-traversal,vocab,vocab=ssti+,10,26,0,300,1,0.00
path-traversal,vocab,vocab=ssti+,11,25,0,300,1,0.00
path-traversal,vocab,vocab=ssti+,12,25,0,300,1,0.00
path-traversal,vocab,vocab=ssti+,13,24,0,300,1,0.00
path-traversal,vocab,vocab=ssti+,14,24,0,300,1,0.00
path-traversal,vocab,vocab=ssti+,15,24,0,300,1,0.00
path-traversal,vocab,vocab=ssti+,16,24,0,300,1,0.00
path-traversal,vocab,vocab=ssti+,17,26,0,300,1,0.00
path-traversal,vocab,vocab=ssti+,18,25,0,300,1,0.00
path-traversal,vocab,vocab=ssti+,19,25,0,300,1,0.00
waf-blocked,gen_ratio,gen=0.0,0,21,0,300,1,0.00
waf-blocked,gen_ratio,gen=0.0,1,21,0,300,1,0.00
waf-blocked,gen_ratio,gen=0.0,2,20,0,300,1,0.00
waf-blocked,gen_ratio,gen=0.0,3,21,0,300,1,0.00
waf-blocked,gen_ratio,gen=0.0,4,21,0,300,1,0.00
waf-blocked,gen_ratio,gen=0.0,5,21,0,300,1,0.00
waf-blocked,gen_ratio,gen=0.0,6,21,0,300,1,0.00
waf-blocked,gen_ratio,gen=0.0,7,20,0,300,1,0.00
waf-blocked,gen_ratio,gen=0.0,8,24,0,300,1,0.00
waf-blocked,gen_ratio,gen=0.0,9,27,0,300,1,0.00
waf-blocked,gen_ratio,gen=0.0,10,22,0,300,1,0.00
waf-blocked,gen_ratio,gen=0.0,11,21,0,300,1,0.00
waf-blocked,gen_ratio,gen=0.0,12,20,0,300,1,0.00
waf-blocked,gen_ratio,gen=0.0,13,21,0,300,1,0.00
waf-blocked,gen_ratio,gen=0.0,14,24,0,300,1,0.00
waf-blocked,gen_ratio,gen=0.0,15,22,0,300,1,0.00
waf-blocked,gen_ratio,gen=0.0,16,21,0,300,1,0.00
waf-blocked,gen_ratio,gen=0.0,17,21,0,300,1,0.00
waf-blocked,gen_ratio,gen=0.0,18,21,0,300,1,0.00
waf-blocked,gen_ratio,gen=0.0,19,20,0,300,1,0.00
waf-blocked,gen_ratio,gen=0.1,0,23,0,300,1,0.00
waf-blocked,gen_ratio,gen=0.1,1,21,0,300,1,0.00
waf-blocked,gen_ratio,gen=0.1,2,21,0,300,1,0.00
waf-blocked,gen_ratio,gen=0.1,3,22,0,300,1,0.00
waf-blocked,gen_ratio,gen=0.1,4,27,0,300,1,0.00
waf-blocked,gen_ratio,gen=0.1,5,23,0,300,1,0.00
waf-blocked,gen_ratio,gen=0.1,6,21,0,300,1,0.00
waf-blocked,gen_ratio,gen=0.1,7,21,0,300,1,0.00
waf-blocked,gen_ratio,gen=0.1,8,21,0,300,1,0.00
waf-blocked,gen_ratio,gen=0.1,9,29,0,300,1,0.00
waf-blocked,gen_ratio,gen=0.1,10,23,0,300,1,0.00
waf-blocked,gen_ratio,gen=0.1,11,21,0,300,1,0.00
waf-blocked,gen_ratio,gen=0.1,12,21,0,300,1,0.00
waf-blocked,gen_ratio,gen=0.1,13,29,0,300,1,0.00
waf-blocked,gen_ratio,gen=0.1,14,23,0,300,1,0.00
waf-blocked,gen_ratio,gen=0.1,15,21,0,300,1,0.00
waf-blocked,gen_ratio,gen=0.1,16,20,0,300,1,0.00
waf-blocked,gen_ratio,gen=0.1,17,21,0,300,1,0.00
waf-blocked,gen_ratio,gen=0.1,18,24,0,300,1,0.00
waf-blocked,gen_ratio,gen=0.1,19,27,0,300,1,0.00
waf-blocked,gen_ratio,gen=0.2,0,26,0,300,1,0.00
waf-blocked,gen_ratio,gen=0.2,1,24,0,300,1,0.00
waf-blocked,gen_ratio,gen=0.2,2,30,0,300,1,0.00
waf-blocked,gen_ratio,gen=0.2,3,27,0,300,1,0.00
waf-blocked,gen_ratio,gen=0.2,4,27,0,300,1,0.00
waf-blocked,gen_ratio,gen=0.2,5,26,0,300,1,0.00
waf-blocked,gen_ratio,gen=0.2,6,28,0,300,1,0.00
waf-blocked,gen_ratio,gen=0.2,7,24,0,300,1,0.00
waf-blocked,gen_ratio,gen=0.2,8,30,0,300,1,0.00
waf-blocked,gen_ratio,gen=0.2,9,22,0,300,1,0.00
waf-blocked,gen_ratio,gen=0.2,10,21,0,300,1,0.00
waf-blocked,gen_ratio,gen=0.2,11,21,0,300,1,0.00
waf-blocked,gen_ratio,gen=0.2,12,21,0,300,1,0.00
waf-blocked,gen_ratio,gen=0.2,13,21,0,300,1,0.00
waf-blocked,gen_ratio,gen=0.2,14,21,0,300,1,0.00
waf-blocked,gen_ratio,gen=0.2,15,21,0,300,1,0.00
waf-blocked,gen_ratio,gen=0.2,16,21,0,300,1,0.00
waf-blocked,gen_ratio,gen=0.2,17,21,0,300,1,0.00
waf-blocked,gen_ratio,gen=0.2,18,21,0,300,1,0.00
waf-blocked,gen_ratio,gen=0.2,19,21,0,300,1,0.00
waf-blocked,gen_ratio,gen=0.3,0,21,0,300,1,0.00
waf-blocked,gen_ratio,gen=0.3,1,22,0,300,1,0.00
waf-blocked,gen_ratio,gen=0.3,2,21,0,300,1,0.00
waf-blocked,gen_ratio,gen=0.3,3,20,0,300,1,0.00
waf-blocked,gen_ratio,gen=0.3,4,20,0,300,1,0.00
waf-blocked,gen_ratio,gen=0.3,5,21,0,300,1,0.00
waf-blocked,gen_ratio,gen=0.3,6,22,0,300,1,0.00
waf-blocked,gen_ratio,gen=0.3,7,22,0,300,1,0.00
waf-blocked,gen_ratio,gen=0.3,8,22,0,300,1,0.00
waf-blocked,gen_ratio,gen=0.3,9,21,0,300,1,0.00
waf-blocked,gen_ratio,gen=0.3,10,25,0,300,1,0.00
waf-blocked,gen_ratio,gen=0.3,11,26,0,300,1,0.00
waf-blocked,gen_ratio,gen=0.3,12,22,0,300,1,0.00
waf-blocked,gen_ratio,gen=0.3,13,22,0,300,1,0.00
waf-blocked,gen_ratio,gen=0.3,14,21,0,300,1,0.00
waf-blocked,gen_ratio,gen=0.3,15,21,0,300,1,0.00
waf-blocked,gen_ratio,gen=0.3,16,22,0,300,1,0.00
waf-blocked,gen_ratio,gen=0.3,17,21,0,300,1,0.00
waf-blocked,gen_ratio,gen=0.3,18,21,0,300,1,0.00
waf-blocked,gen_ratio,gen=0.3,19,21,0,300,1,0.00
waf-blocked,gen_ratio,gen=0.4,0,22,0,300,1,0.00
waf-blocked,gen_ratio,gen=0.4,1,22,0,300,1,0.00
waf-blocked,gen_ratio,gen=0.4,2,24,0,300,1,0.00
waf-blocked,gen_ratio,gen=0.4,3,25,0,300,1,0.00
waf-blocked,gen_ratio,gen=0.4,4,27,0,300,1,0.00
waf-blocked,gen_ratio,gen=0.4,5,24,0,300,1,0.00
waf-blocked,gen_ratio,gen=0.4,6,22,0,300,1,0.00
waf-blocked,gen_ratio,gen=0.4,7,21,0,300,1,0.00
waf-blocked,gen_ratio,gen=0.4,8,25,0,300,1,0.00
waf-blocked,gen_ratio,gen=0.4,9,26,0,300,1,0.00
waf-blocked,gen_ratio,gen=0.4,10,23,0,300,1,0.00
waf-blocked,gen_ratio,gen=0.4,11,31,0,300,1,0.00
waf-blocked,gen_ratio,gen=0.4,12,30,0,300,1,0.00
waf-blocked,gen_ratio,gen=0.4,13,22,0,300,1,0.00
waf-blocked,gen_ratio,gen=0.4,14,30,0,300,1,0.00
waf-blocked,gen_ratio,gen=0.4,15,29,0,300,1,0.00
waf-blocked,gen_ratio,gen=0.4,16,25,0,300,1,0.00
waf-blocked,gen_ratio,gen=0.4,17,29,0,300,1,0.00
waf-blocked,gen_ratio,gen=0.4,18,22,0,300,1,0.00
waf-blocked,gen_ratio,gen=0.4,19,22,0,300,1,0.00
waf-blocked,gen_ratio,gen=0.5,0,22,0,300,1,0.00
waf-blocked,gen_ratio,gen=0.5,1,22,0,300,1,0.00
waf-blocked,gen_ratio,gen=0.5,2,31,0,300,1,0.00
waf-blocked,gen_ratio,gen=0.5,3,31,0,300,1,0.00
waf-blocked,gen_ratio,gen=0.5,4,22,0,300,1,0.00
waf-blocked,gen_ratio,gen=0.5,5,26,0,300,1,0.00
waf-blocked,gen_ratio,gen=0.5,6,30,0,300,1,0.00
waf-blocked,gen_ratio,gen=0.5,7,23,0,300,1,0.00
waf-blocked,gen_ratio,gen=0.5,8,25,0,300,1,0.00
waf-blocked,gen_ratio,gen=0.5,9,31,0,300,1,0.00
waf-blocked,gen_ratio,gen=0.5,10,27,0,300,1,0.00
waf-blocked,gen_ratio,gen=0.5,11,24,0,300,1,0.00
waf-blocked,gen_ratio,gen=0.5,12,21,0,300,1,0.00
waf-blocked,gen_ratio,gen=0.5,13,21,0,300,1,0.00
waf-blocked,gen_ratio,gen=0.5,14,23,0,300,1,0.00
waf-blocked,gen_ratio,gen=0.5,15,22,0,300,1,0.00
waf-blocked,gen_ratio,gen=0.5,16,22,0,300,1,0.00
waf-blocked,gen_ratio,gen=0.5,17,21,0,300,1,0.00
waf-blocked,gen_ratio,gen=0.5,18,21,0,300,1,0.00
waf-blocked,gen_ratio,gen=0.5,19,21,0,300,1,0.00
waf-blocked,gen_ratio,gen=0.6,0,23,0,300,1,0.00
waf-blocked,gen_ratio,gen=0.6,1,22,0,300,1,0.00
waf-blocked,gen_ratio,gen=0.6,2,22,0,300,1,0.00
waf-blocked,gen_ratio,gen=0.6,3,22,0,300,1,0.00
waf-blocked,gen_ratio,gen=0.6,4,22,0,300,1,0.00
waf-blocked,gen_ratio,gen=0.6,5,23,0,300,1,0.00
waf-blocked,gen_ratio,gen=0.6,6,22,0,300,1,0.00
waf-blocked,gen_ratio,gen=0.6,7,22,0,300,1,0.00
waf-blocked,gen_ratio,gen=0.6,8,22,0,300,1,0.00
waf-blocked,gen_ratio,gen=0.6,9,29,0,300,1,0.00
waf-blocked,gen_ratio,gen=0.6,10,25,0,300,1,0.00
waf-blocked,gen_ratio,gen=0.6,11,22,0,300,1,0.00
waf-blocked,gen_ratio,gen=0.6,12,22,0,300,1,0.00
waf-blocked,gen_ratio,gen=0.6,13,22,0,300,1,0.00
waf-blocked,gen_ratio,gen=0.6,14,21,0,300,1,0.00
waf-blocked,gen_ratio,gen=0.6,15,22,0,300,1,0.00
waf-blocked,gen_ratio,gen=0.6,16,22,0,300,1,0.00
waf-blocked,gen_ratio,gen=0.6,17,22,0,300,1,0.00
waf-blocked,gen_ratio,gen=0.6,18,21,0,300,1,0.00
waf-blocked,gen_ratio,gen=0.6,19,22,0,300,1,0.00
waf-blocked,gen_ratio,gen=0.7,0,22,0,300,1,0.00
waf-blocked,gen_ratio,gen=0.7,1,22,0,300,1,0.00
waf-blocked,gen_ratio,gen=0.7,2,22,0,300,1,0.00
waf-blocked,gen_ratio,gen=0.7,3,22,0,300,1,0.00
waf-blocked,gen_ratio,gen=0.7,4,22,0,300,1,0.00
waf-blocked,gen_ratio,gen=0.7,5,22,0,300,1,0.00
waf-blocked,gen_ratio,gen=0.7,6,22,0,300,1,0.00
waf-blocked,gen_ratio,gen=0.7,7,23,0,300,1,0.00
waf-blocked,gen_ratio,gen=0.7,8,28,0,300,1,0.00
waf-blocked,gen_ratio,gen=0.7,9,28,0,300,1,0.00
waf-blocked,gen_ratio,gen=0.7,10,26,0,300,1,0.00
waf-blocked,gen_ratio,gen=0.7,11,30,0,300,1,0.00
waf-blocked,gen_ratio,gen=0.7,12,35,0,300,1,0.00
waf-blocked,gen_ratio,gen=0.7,13,34,0,300,1,0.00
waf-blocked,gen_ratio,gen=0.7,14,33,0,300,1,0.00
waf-blocked,gen_ratio,gen=0.7,15,32,0,300,1,0.00
waf-blocked,gen_ratio,gen=0.7,16,31,0,300,1,0.00
waf-blocked,gen_ratio,gen=0.7,17,28,0,300,1,0.00
waf-blocked,gen_ratio,gen=0.7,18,33,0,300,1,0.00
waf-blocked,gen_ratio,gen=0.7,19,28,0,300,1,0.00
waf-blocked,gen_ratio,gen=0.8,0,23,0,300,1,0.00
waf-blocked,gen_ratio,gen=0.8,1,22,0,300,1,0.00
waf-blocked,gen_ratio,gen=0.8,2,22,0,300,1,0.00
waf-blocked,gen_ratio,gen=0.8,3,23,0,300,1,0.00
waf-blocked,gen_ratio,gen=0.8,4,23,0,300,1,0.00
waf-blocked,gen_ratio,gen=0.8,5,22,0,300,1,0.00
waf-blocked,gen_ratio,gen=0.8,6,22,0,300,1,0.00
waf-blocked,gen_ratio,gen=0.8,7,22,0,300,1,0.00
waf-blocked,gen_ratio,gen=0.8,8,22,0,300,1,0.00
waf-blocked,gen_ratio,gen=0.8,9,24,0,300,1,0.00
waf-blocked,gen_ratio,gen=0.8,10,23,0,300,1,0.00
waf-blocked,gen_ratio,gen=0.8,11,22,0,300,1,0.00
waf-blocked,gen_ratio,gen=0.8,12,23,0,300,1,0.00
waf-blocked,gen_ratio,gen=0.8,13,28,0,300,1,0.00
waf-blocked,gen_ratio,gen=0.8,14,24,0,300,1,0.00
waf-blocked,gen_ratio,gen=0.8,15,22,0,300,1,0.00
waf-blocked,gen_ratio,gen=0.8,16,22,0,300,1,0.00
waf-blocked,gen_ratio,gen=0.8,17,24,0,300,1,0.00
waf-blocked,gen_ratio,gen=0.8,18,23,0,300,1,0.00
waf-blocked,gen_ratio,gen=0.8,19,22,0,300,1,0.00
waf-blocked,gen_ratio,gen=0.9,0,22,0,300,1,0.00
waf-blocked,gen_ratio,gen=0.9,1,23,0,300,1,0.00
waf-blocked,gen_ratio,gen=0.9,2,25,0,300,1,0.00
waf-blocked,gen_ratio,gen=0.9,3,30,0,300,1,0.00
waf-blocked,gen_ratio,gen=0.9,4,22,0,300,1,0.00
waf-blocked,gen_ratio,gen=0.9,5,24,0,300,1,0.00
waf-blocked,gen_ratio,gen=0.9,6,23,0,300,1,0.00
waf-blocked,gen_ratio,gen=0.9,7,23,0,300,1,0.00
waf-blocked,gen_ratio,gen=0.9,8,22,0,300,1,0.00
waf-blocked,gen_ratio,gen=0.9,9,22,0,300,1,0.00
waf-blocked,gen_ratio,gen=0.9,10,22,0,300,1,0.00
waf-blocked,gen_ratio,gen=0.9,11,23,0,300,1,0.00
waf-blocked,gen_ratio,gen=0.9,12,23,0,300,1,0.00
waf-blocked,gen_ratio,gen=0.9,13,29,0,300,1,0.00
waf-blocked,gen_ratio,gen=0.9,14,23,0,300,1,0.00
waf-blocked,gen_ratio,gen=0.9,15,31,0,300,1,0.00
waf-blocked,gen_ratio,gen=0.9,16,23,0,300,1,0.00
waf-blocked,gen_ratio,gen=0.9,17,22,0,300,1,0.00
waf-blocked,gen_ratio,gen=0.9,18,22,0,300,1,0.00
waf-blocked,gen_ratio,gen=0.9,19,22,0,300,1,0.00
waf-blocked,gen_ratio,gen=1.0,0,23,0,300,1,0.00
waf-blocked,gen_ratio,gen=1.0,1,23,0,300,1,0.00
waf-blocked,gen_ratio,gen=1.0,2,22,0,300,1,0.00
waf-blocked,gen_ratio,gen=1.0,3,22,0,300,1,0.00
waf-blocked,gen_ratio,gen=1.0,4,22,0,300,1,0.00
waf-blocked,gen_ratio,gen=1.0,5,27,0,300,1,0.00
waf-blocked,gen_ratio,gen=1.0,6,23,0,300,1,0.00
waf-blocked,gen_ratio,gen=1.0,7,22,0,300,1,0.00
waf-blocked,gen_ratio,gen=1.0,8,22,0,300,1,0.00
waf-blocked,gen_ratio,gen=1.0,9,30,0,300,1,0.00
waf-blocked,gen_ratio,gen=1.0,10,29,0,300,1,0.00
waf-blocked,gen_ratio,gen=1.0,11,26,0,300,1,0.00
waf-blocked,gen_ratio,gen=1.0,12,22,0,300,1,0.00
waf-blocked,gen_ratio,gen=1.0,13,23,0,300,1,0.00
waf-blocked,gen_ratio,gen=1.0,14,25,0,300,1,0.00
waf-blocked,gen_ratio,gen=1.0,15,28,0,300,1,0.00
waf-blocked,gen_ratio,gen=1.0,16,26,0,300,1,0.00
waf-blocked,gen_ratio,gen=1.0,17,32,0,300,1,0.00
waf-blocked,gen_ratio,gen=1.0,18,27,0,300,1,0.00
waf-blocked,gen_ratio,gen=1.0,19,22,0,300,1,0.00
waf-blocked,length,len=short,0,20,0,300,1,0.00
waf-blocked,length,len=short,1,21,0,300,1,0.00
waf-blocked,length,len=short,2,21,0,300,1,0.00
waf-blocked,length,len=short,3,21,0,300,1,0.00
waf-blocked,length,len=short,4,21,0,300,1,0.00
waf-blocked,length,len=short,5,28,0,300,1,0.00
waf-blocked,length,len=short,6,22,0,300,1,0.00
waf-blocked,length,len=short,7,30,0,300,1,0.00
waf-blocked,length,len=short,8,22,0,300,1,0.00
waf-blocked,length,len=short,9,24,0,300,1,0.00
waf-blocked,length,len=short,10,21,0,300,1,0.00
waf-blocked,length,len=short,11,21,0,300,1,0.00
waf-blocked,length,len=short,12,21,0,300,1,0.00
waf-blocked,length,len=short,13,21,0,300,1,0.00
waf-blocked,length,len=short,14,24,0,300,1,0.00
waf-blocked,length,len=short,15,27,0,300,1,0.00
waf-blocked,length,len=short,16,21,0,300,1,0.00
waf-blocked,length,len=short,17,27,0,300,1,0.00
waf-blocked,length,len=short,18,23,0,300,1,0.00
waf-blocked,length,len=short,19,21,0,300,1,0.00
waf-blocked,length,len=medium,0,22,0,300,1,0.00
waf-blocked,length,len=medium,1,22,0,300,1,0.00
waf-blocked,length,len=medium,2,23,0,300,1,0.00
waf-blocked,length,len=medium,3,22,0,300,1,0.00
waf-blocked,length,len=medium,4,22,0,300,1,0.00
waf-blocked,length,len=medium,5,22,0,300,1,0.00
waf-blocked,length,len=medium,6,29,0,300,1,0.00
waf-blocked,length,len=medium,7,23,0,300,1,0.00
waf-blocked,length,len=medium,8,22,0,300,1,0.00
waf-blocked,length,len=medium,9,22,0,300,1,0.00
waf-blocked,length,len=medium,10,22,0,300,1,0.00
waf-blocked,length,len=medium,11,23,0,300,1,0.00
waf-blocked,length,len=medium,12,22,0,300,1,0.00
waf-blocked,length,len=medium,13,25,0,300,1,0.00
waf-blocked,length,len=medium,14,32,0,300,1,0.00
waf-blocked,length,len=medium,15,24,0,300,1,0.00
waf-blocked,length,len=medium,16,22,0,300,1,0.00
waf-blocked,length,len=medium,17,22,0,300,1,0.00
waf-blocked,length,len=medium,18,28,0,300,1,0.00
waf-blocked,length,len=medium,19,28,0,300,1,0.00
waf-blocked,length,len=long,0,27,0,300,1,0.00
waf-blocked,length,len=long,1,26,0,300,1,0.00
waf-blocked,length,len=long,2,30,0,300,1,0.00
waf-blocked,length,len=long,3,26,0,300,1,0.00
waf-blocked,length,len=long,4,25,0,300,1,0.00
waf-blocked,length,len=long,5,26,0,300,1,0.00
waf-blocked,length,len=long,6,26,0,300,1,0.00
waf-blocked,length,len=long,7,27,0,300,1,0.00
waf-blocked,length,len=long,8,26,0,300,1,0.00
waf-blocked,length,len=long,9,29,0,300,1,0.00
waf-blocked,length,len=long,10,28,0,300,1,0.00
waf-blocked,length,len=long,11,29,0,300,1,0.00
waf-blocked,length,len=long,12,32,0,300,1,0.00
waf-blocked,length,len=long,13,37,0,300,1,0.00
waf-blocked,length,len=long,14,38,0,300,1,0.00
waf-blocked,length,len=long,15,27,0,300,1,0.00
waf-blocked,length,len=long,16,27,0,300,1,0.00
waf-blocked,length,len=long,17,34,0,300,1,0.00
waf-blocked,length,len=long,18,27,0,300,1,0.00
waf-blocked,length,len=long,19,25,0,300,1,0.00
waf-blocked,havoc,havoc=default,0,24,0,300,1,0.00
waf-blocked,havoc,havoc=default,1,22,0,300,1,0.00
waf-blocked,havoc,havoc=default,2,26,0,300,1,0.00
waf-blocked,havoc,havoc=default,3,23,0,300,1,0.00
waf-blocked,havoc,havoc=default,4,22,0,300,1,0.00
waf-blocked,havoc,havoc=default,5,22,0,300,1,0.00
waf-blocked,havoc,havoc=default,6,29,0,300,1,0.00
waf-blocked,havoc,havoc=default,7,32,0,300,1,0.00
waf-blocked,havoc,havoc=default,8,23,0,300,1,0.00
waf-blocked,havoc,havoc=default,9,22,0,300,1,0.00
waf-blocked,havoc,havoc=default,10,25,0,300,1,0.00
waf-blocked,havoc,havoc=default,11,23,0,300,1,0.00
waf-blocked,havoc,havoc=default,12,22,0,300,1,0.00
waf-blocked,havoc,havoc=default,13,22,0,300,1,0.00
waf-blocked,havoc,havoc=default,14,22,0,300,1,0.00
waf-blocked,havoc,havoc=default,15,23,0,300,1,0.00
waf-blocked,havoc,havoc=default,16,24,0,300,1,0.00
waf-blocked,havoc,havoc=default,17,22,0,300,1,0.00
waf-blocked,havoc,havoc=default,18,22,0,300,1,0.00
waf-blocked,havoc,havoc=default,19,22,0,300,1,0.00
waf-blocked,havoc,havoc=structural,0,21,0,300,1,0.00
waf-blocked,havoc,havoc=structural,1,22,0,300,1,0.00
waf-blocked,havoc,havoc=structural,2,22,0,300,1,0.00
waf-blocked,havoc,havoc=structural,3,22,0,300,1,0.00
waf-blocked,havoc,havoc=structural,4,22,0,300,1,0.00
waf-blocked,havoc,havoc=structural,5,21,0,300,1,0.00
waf-blocked,havoc,havoc=structural,6,22,0,300,1,0.00
waf-blocked,havoc,havoc=structural,7,22,0,300,1,0.00
waf-blocked,havoc,havoc=structural,8,22,0,300,1,0.00
waf-blocked,havoc,havoc=structural,9,26,0,300,1,0.00
waf-blocked,havoc,havoc=structural,10,29,0,300,1,0.00
waf-blocked,havoc,havoc=structural,11,22,0,300,1,0.00
waf-blocked,havoc,havoc=structural,12,21,0,300,1,0.00
waf-blocked,havoc,havoc=structural,13,24,0,300,1,0.00
waf-blocked,havoc,havoc=structural,14,26,0,300,1,0.00
waf-blocked,havoc,havoc=structural,15,23,0,300,1,0.00
waf-blocked,havoc,havoc=structural,16,27,0,300,1,0.00
waf-blocked,havoc,havoc=structural,17,22,0,300,1,0.00
waf-blocked,havoc,havoc=structural,18,22,0,300,1,0.00
waf-blocked,havoc,havoc=structural,19,23,0,300,1,0.00
waf-blocked,havoc,havoc=destructive,0,23,0,300,1,0.00
waf-blocked,havoc,havoc=destructive,1,24,0,300,1,0.00
waf-blocked,havoc,havoc=destructive,2,23,0,300,1,0.00
waf-blocked,havoc,havoc=destructive,3,23,0,300,1,0.00
waf-blocked,havoc,havoc=destructive,4,26,0,300,1,0.00
waf-blocked,havoc,havoc=destructive,5,24,0,300,1,0.00
waf-blocked,havoc,havoc=destructive,6,24,0,300,1,0.00
waf-blocked,havoc,havoc=destructive,7,23,0,300,1,0.00
waf-blocked,havoc,havoc=destructive,8,33,0,300,1,0.00
waf-blocked,havoc,havoc=destructive,9,23,0,300,1,0.00
waf-blocked,havoc,havoc=destructive,10,23,0,300,1,0.00
waf-blocked,havoc,havoc=destructive,11,24,0,300,1,0.00
waf-blocked,havoc,havoc=destructive,12,29,0,300,1,0.00
waf-blocked,havoc,havoc=destructive,13,26,0,300,1,0.00
waf-blocked,havoc,havoc=destructive,14,23,0,300,1,0.00
waf-blocked,havoc,havoc=destructive,15,23,0,300,1,0.00
waf-blocked,havoc,havoc=destructive,16,24,0,300,1,0.00
waf-blocked,havoc,havoc=destructive,17,24,0,300,1,0.00
waf-blocked,havoc,havoc=destructive,18,25,0,300,1,0.00
waf-blocked,havoc,havoc=destructive,19,25,0,300,1,0.00
waf-blocked,havoc,havoc=encoding,0,22,0,300,1,0.00
waf-blocked,havoc,havoc=encoding,1,22,0,300,1,0.00
waf-blocked,havoc,havoc=encoding,2,40,0,300,1,0.00
waf-blocked,havoc,havoc=encoding,3,29,0,300,1,0.00
waf-blocked,havoc,havoc=encoding,4,23,0,300,1,0.00
waf-blocked,havoc,havoc=encoding,5,30,0,300,1,0.00
waf-blocked,havoc,havoc=encoding,6,28,0,300,1,0.00
waf-blocked,havoc,havoc=encoding,7,22,0,300,1,0.00
waf-blocked,havoc,havoc=encoding,8,22,0,300,1,0.00
waf-blocked,havoc,havoc=encoding,9,27,0,300,1,0.00
waf-blocked,havoc,havoc=encoding,10,24,0,300,1,0.00
waf-blocked,havoc,havoc=encoding,11,23,0,300,1,0.00
waf-blocked,havoc,havoc=encoding,12,22,0,300,1,0.00
waf-blocked,havoc,havoc=encoding,13,22,0,300,1,0.00
waf-blocked,havoc,havoc=encoding,14,29,0,300,1,0.00
waf-blocked,havoc,havoc=encoding,15,26,0,300,1,0.00
waf-blocked,havoc,havoc=encoding,16,28,0,300,1,0.00
waf-blocked,havoc,havoc=encoding,17,30,0,300,1,0.00
waf-blocked,havoc,havoc=encoding,18,24,0,300,1,0.00
waf-blocked,havoc,havoc=encoding,19,22,0,300,1,0.00
waf-blocked,placement,place=a0.0_p0.5,0,21,0,300,1,0.00
waf-blocked,placement,place=a0.0_p0.5,1,22,0,300,1,0.00
waf-blocked,placement,place=a0.0_p0.5,2,26,0,300,1,0.00
waf-blocked,placement,place=a0.0_p0.5,3,22,0,300,1,0.00
waf-blocked,placement,place=a0.0_p0.5,4,22,0,300,1,0.00
waf-blocked,placement,place=a0.0_p0.5,5,22,0,300,1,0.00
waf-blocked,placement,place=a0.0_p0.5,6,27,0,300,1,0.00
waf-blocked,placement,place=a0.0_p0.5,7,22,0,300,1,0.00
waf-blocked,placement,place=a0.0_p0.5,8,22,0,300,1,0.00
waf-blocked,placement,place=a0.0_p0.5,9,21,0,300,1,0.00
waf-blocked,placement,place=a0.0_p0.5,10,21,0,300,1,0.00
waf-blocked,placement,place=a0.0_p0.5,11,24,0,300,1,0.00
waf-blocked,placement,place=a0.0_p0.5,12,22,0,300,1,0.00
waf-blocked,placement,place=a0.0_p0.5,13,22,0,300,1,0.00
waf-blocked,placement,place=a0.0_p0.5,14,22,0,300,1,0.00
waf-blocked,placement,place=a0.0_p0.5,15,21,0,300,1,0.00
waf-blocked,placement,place=a0.0_p0.5,16,22,0,300,1,0.00
waf-blocked,placement,place=a0.0_p0.5,17,22,0,300,1,0.00
waf-blocked,placement,place=a0.0_p0.5,18,22,0,300,1,0.00
waf-blocked,placement,place=a0.0_p0.5,19,21,0,300,1,0.00
waf-blocked,placement,place=a0.0_p1.0,0,21,0,300,1,0.00
waf-blocked,placement,place=a0.0_p1.0,1,24,0,300,1,0.00
waf-blocked,placement,place=a0.0_p1.0,2,22,0,300,1,0.00
waf-blocked,placement,place=a0.0_p1.0,3,22,0,300,1,0.00
waf-blocked,placement,place=a0.0_p1.0,4,21,0,300,1,0.00
waf-blocked,placement,place=a0.0_p1.0,5,24,0,300,1,0.00
waf-blocked,placement,place=a0.0_p1.0,6,25,0,300,1,0.00
waf-blocked,placement,place=a0.0_p1.0,7,24,0,300,1,0.00
waf-blocked,placement,place=a0.0_p1.0,8,25,0,300,1,0.00
waf-blocked,placement,place=a0.0_p1.0,9,26,0,300,1,0.00
waf-blocked,placement,place=a0.0_p1.0,10,32,0,300,1,0.00
waf-blocked,placement,place=a0.0_p1.0,11,28,0,300,1,0.00
waf-blocked,placement,place=a0.0_p1.0,12,21,0,300,1,0.00
waf-blocked,placement,place=a0.0_p1.0,13,22,0,300,1,0.00
waf-blocked,placement,place=a0.0_p1.0,14,26,0,300,1,0.00
waf-blocked,placement,place=a0.0_p1.0,15,26,0,300,1,0.00
waf-blocked,placement,place=a0.0_p1.0,16,23,0,300,1,0.00
waf-blocked,placement,place=a0.0_p1.0,17,30,0,300,1,0.00
waf-blocked,placement,place=a0.0_p1.0,18,30,0,300,1,0.00
waf-blocked,placement,place=a0.0_p1.0,19,32,0,300,1,0.00
waf-blocked,placement,place=a0.0_p2.0,0,23,0,300,1,0.00
waf-blocked,placement,place=a0.0_p2.0,1,22,0,300,1,0.00
waf-blocked,placement,place=a0.0_p2.0,2,22,0,300,1,0.00
waf-blocked,placement,place=a0.0_p2.0,3,31,0,300,1,0.00
waf-blocked,placement,place=a0.0_p2.0,4,24,0,300,1,0.00
waf-blocked,placement,place=a0.0_p2.0,5,26,0,300,1,0.00
waf-blocked,placement,place=a0.0_p2.0,6,22,0,300,1,0.00
waf-blocked,placement,place=a0.0_p2.0,7,21,0,300,1,0.00
waf-blocked,placement,place=a0.0_p2.0,8,21,0,300,1,0.00
waf-blocked,placement,place=a0.0_p2.0,9,21,0,300,1,0.00
waf-blocked,placement,place=a0.0_p2.0,10,21,0,300,1,0.00
waf-blocked,placement,place=a0.0_p2.0,11,22,0,300,1,0.00
waf-blocked,placement,place=a0.0_p2.0,12,21,0,300,1,0.00
waf-blocked,placement,place=a0.0_p2.0,13,22,0,300,1,0.00
waf-blocked,placement,place=a0.0_p2.0,14,22,0,300,1,0.00
waf-blocked,placement,place=a0.0_p2.0,15,21,0,300,1,0.00
waf-blocked,placement,place=a0.0_p2.0,16,21,0,300,1,0.00
waf-blocked,placement,place=a0.0_p2.0,17,21,0,300,1,0.00
waf-blocked,placement,place=a0.0_p2.0,18,22,0,300,1,0.00
waf-blocked,placement,place=a0.0_p2.0,19,22,0,300,1,0.00
waf-blocked,placement,place=a0.0_p4.0,0,22,0,300,1,0.00
waf-blocked,placement,place=a0.0_p4.0,1,22,0,300,1,0.00
waf-blocked,placement,place=a0.0_p4.0,2,21,0,300,1,0.00
waf-blocked,placement,place=a0.0_p4.0,3,21,0,300,1,0.00
waf-blocked,placement,place=a0.0_p4.0,4,23,0,300,1,0.00
waf-blocked,placement,place=a0.0_p4.0,5,22,0,300,1,0.00
waf-blocked,placement,place=a0.0_p4.0,6,22,0,300,1,0.00
waf-blocked,placement,place=a0.0_p4.0,7,22,0,300,1,0.00
waf-blocked,placement,place=a0.0_p4.0,8,26,0,300,1,0.00
waf-blocked,placement,place=a0.0_p4.0,9,24,0,300,1,0.00
waf-blocked,placement,place=a0.0_p4.0,10,21,0,300,1,0.00
waf-blocked,placement,place=a0.0_p4.0,11,22,0,300,1,0.00
waf-blocked,placement,place=a0.0_p4.0,12,25,0,300,1,0.00
waf-blocked,placement,place=a0.0_p4.0,13,27,0,300,1,0.00
waf-blocked,placement,place=a0.0_p4.0,14,22,0,300,1,0.00
waf-blocked,placement,place=a0.0_p4.0,15,21,0,300,1,0.00
waf-blocked,placement,place=a0.0_p4.0,16,22,0,300,1,0.00
waf-blocked,placement,place=a0.0_p4.0,17,25,0,300,1,0.00
waf-blocked,placement,place=a0.0_p4.0,18,23,0,300,1,0.00
waf-blocked,placement,place=a0.0_p4.0,19,21,0,300,1,0.00
waf-blocked,placement,place=a0.5_p0.0,0,21,0,300,1,0.00
waf-blocked,placement,place=a0.5_p0.0,1,22,0,300,1,0.00
waf-blocked,placement,place=a0.5_p0.0,2,24,0,300,1,0.00
waf-blocked,placement,place=a0.5_p0.0,3,25,0,300,1,0.00
waf-blocked,placement,place=a0.5_p0.0,4,21,0,300,1,0.00
waf-blocked,placement,place=a0.5_p0.0,5,23,0,300,1,0.00
waf-blocked,placement,place=a0.5_p0.0,6,27,0,300,1,0.00
waf-blocked,placement,place=a0.5_p0.0,7,23,0,300,1,0.00
waf-blocked,placement,place=a0.5_p0.0,8,21,0,300,1,0.00
waf-blocked,placement,place=a0.5_p0.0,9,22,0,300,1,0.00
waf-blocked,placement,place=a0.5_p0.0,10,26,0,300,1,0.00
waf-blocked,placement,place=a0.5_p0.0,11,30,0,300,1,0.00
waf-blocked,placement,place=a0.5_p0.0,12,24,0,300,1,0.00
waf-blocked,placement,place=a0.5_p0.0,13,25,0,300,1,0.00
waf-blocked,placement,place=a0.5_p0.0,14,31,0,300,1,0.00
waf-blocked,placement,place=a0.5_p0.0,15,25,0,300,1,0.00
waf-blocked,placement,place=a0.5_p0.0,16,22,0,300,1,0.00
waf-blocked,placement,place=a0.5_p0.0,17,25,0,300,1,0.00
waf-blocked,placement,place=a0.5_p0.0,18,31,0,300,1,0.00
waf-blocked,placement,place=a0.5_p0.0,19,27,0,300,1,0.00
waf-blocked,placement,place=a0.5_p0.5,0,21,0,300,1,0.00
waf-blocked,placement,place=a0.5_p0.5,1,22,0,300,1,0.00
waf-blocked,placement,place=a0.5_p0.5,2,22,0,300,1,0.00
waf-blocked,placement,place=a0.5_p0.5,3,29,0,300,1,0.00
waf-blocked,placement,place=a0.5_p0.5,4,28,0,300,1,0.00
waf-blocked,placement,place=a0.5_p0.5,5,22,0,300,1,0.00
waf-blocked,placement,place=a0.5_p0.5,6,22,0,300,1,0.00
waf-blocked,placement,place=a0.5_p0.5,7,24,0,300,1,0.00
waf-blocked,placement,place=a0.5_p0.5,8,27,0,300,1,0.00
waf-blocked,placement,place=a0.5_p0.5,9,22,0,300,1,0.00
waf-blocked,placement,place=a0.5_p0.5,10,21,0,300,1,0.00
waf-blocked,placement,place=a0.5_p0.5,11,24,0,300,1,0.00
waf-blocked,placement,place=a0.5_p0.5,12,25,0,300,1,0.00
waf-blocked,placement,place=a0.5_p0.5,13,23,0,300,1,0.00
waf-blocked,placement,place=a0.5_p0.5,14,21,0,300,1,0.00
waf-blocked,placement,place=a0.5_p0.5,15,21,0,300,1,0.00
waf-blocked,placement,place=a0.5_p0.5,16,21,0,300,1,0.00
waf-blocked,placement,place=a0.5_p0.5,17,22,0,300,1,0.00
waf-blocked,placement,place=a0.5_p0.5,18,22,0,300,1,0.00
waf-blocked,placement,place=a0.5_p0.5,19,21,0,300,1,0.00
waf-blocked,placement,place=a0.5_p1.0,0,21,0,300,1,0.00
waf-blocked,placement,place=a0.5_p1.0,1,23,0,300,1,0.00
waf-blocked,placement,place=a0.5_p1.0,2,23,0,300,1,0.00
waf-blocked,placement,place=a0.5_p1.0,3,25,0,300,1,0.00
waf-blocked,placement,place=a0.5_p1.0,4,23,0,300,1,0.00
waf-blocked,placement,place=a0.5_p1.0,5,22,0,300,1,0.00
waf-blocked,placement,place=a0.5_p1.0,6,22,0,300,1,0.00
waf-blocked,placement,place=a0.5_p1.0,7,22,0,300,1,0.00
waf-blocked,placement,place=a0.5_p1.0,8,22,0,300,1,0.00
waf-blocked,placement,place=a0.5_p1.0,9,22,0,300,1,0.00
waf-blocked,placement,place=a0.5_p1.0,10,21,0,300,1,0.00
waf-blocked,placement,place=a0.5_p1.0,11,22,0,300,1,0.00
waf-blocked,placement,place=a0.5_p1.0,12,23,0,300,1,0.00
waf-blocked,placement,place=a0.5_p1.0,13,22,0,300,1,0.00
waf-blocked,placement,place=a0.5_p1.0,14,22,0,300,1,0.00
waf-blocked,placement,place=a0.5_p1.0,15,25,0,300,1,0.00
waf-blocked,placement,place=a0.5_p1.0,16,27,0,300,1,0.00
waf-blocked,placement,place=a0.5_p1.0,17,22,0,300,1,0.00
waf-blocked,placement,place=a0.5_p1.0,18,22,0,300,1,0.00
waf-blocked,placement,place=a0.5_p1.0,19,21,0,300,1,0.00
waf-blocked,placement,place=a0.5_p2.0,0,25,0,300,1,0.00
waf-blocked,placement,place=a0.5_p2.0,1,22,0,300,1,0.00
waf-blocked,placement,place=a0.5_p2.0,2,22,0,300,1,0.00
waf-blocked,placement,place=a0.5_p2.0,3,21,0,300,1,0.00
waf-blocked,placement,place=a0.5_p2.0,4,21,0,300,1,0.00
waf-blocked,placement,place=a0.5_p2.0,5,28,0,300,1,0.00
waf-blocked,placement,place=a0.5_p2.0,6,31,0,300,1,0.00
waf-blocked,placement,place=a0.5_p2.0,7,30,0,300,1,0.00
waf-blocked,placement,place=a0.5_p2.0,8,21,0,300,1,0.00
waf-blocked,placement,place=a0.5_p2.0,9,29,0,300,1,0.00
waf-blocked,placement,place=a0.5_p2.0,10,21,0,300,1,0.00
waf-blocked,placement,place=a0.5_p2.0,11,22,0,300,1,0.00
waf-blocked,placement,place=a0.5_p2.0,12,27,0,300,1,0.00
waf-blocked,placement,place=a0.5_p2.0,13,31,0,300,1,0.00
waf-blocked,placement,place=a0.5_p2.0,14,22,0,300,1,0.00
waf-blocked,placement,place=a0.5_p2.0,15,26,0,300,1,0.00
waf-blocked,placement,place=a0.5_p2.0,16,31,0,300,1,0.00
waf-blocked,placement,place=a0.5_p2.0,17,24,0,300,1,0.00
waf-blocked,placement,place=a0.5_p2.0,18,22,0,300,1,0.00
waf-blocked,placement,place=a0.5_p2.0,19,22,0,300,1,0.00
waf-blocked,placement,place=a0.5_p4.0,0,26,0,300,1,0.00
waf-blocked,placement,place=a0.5_p4.0,1,31,0,300,1,0.00
waf-blocked,placement,place=a0.5_p4.0,2,30,0,300,1,0.00
waf-blocked,placement,place=a0.5_p4.0,3,27,0,300,1,0.00
waf-blocked,placement,place=a0.5_p4.0,4,21,0,300,1,0.00
waf-blocked,placement,place=a0.5_p4.0,5,30,0,300,1,0.00
waf-blocked,placement,place=a0.5_p4.0,6,23,0,300,1,0.00
waf-blocked,placement,place=a0.5_p4.0,7,21,0,300,1,0.00
waf-blocked,placement,place=a0.5_p4.0,8,21,0,300,1,0.00
waf-blocked,placement,place=a0.5_p4.0,9,25,0,300,1,0.00
waf-blocked,placement,place=a0.5_p4.0,10,22,0,300,1,0.00
waf-blocked,placement,place=a0.5_p4.0,11,22,0,300,1,0.00
waf-blocked,placement,place=a0.5_p4.0,12,21,0,300,1,0.00
waf-blocked,placement,place=a0.5_p4.0,13,21,0,300,1,0.00
waf-blocked,placement,place=a0.5_p4.0,14,22,0,300,1,0.00
waf-blocked,placement,place=a0.5_p4.0,15,22,0,300,1,0.00
waf-blocked,placement,place=a0.5_p4.0,16,22,0,300,1,0.00
waf-blocked,placement,place=a0.5_p4.0,17,21,0,300,1,0.00
waf-blocked,placement,place=a0.5_p4.0,18,22,0,300,1,0.00
waf-blocked,placement,place=a0.5_p4.0,19,26,0,300,1,0.00
waf-blocked,placement,place=a1.0_p0.0,0,26,0,300,1,0.00
waf-blocked,placement,place=a1.0_p0.0,1,22,0,300,1,0.00
waf-blocked,placement,place=a1.0_p0.0,2,22,0,300,1,0.00
waf-blocked,placement,place=a1.0_p0.0,3,23,0,300,1,0.00
waf-blocked,placement,place=a1.0_p0.0,4,23,0,300,1,0.00
waf-blocked,placement,place=a1.0_p0.0,5,22,0,300,1,0.00
waf-blocked,placement,place=a1.0_p0.0,6,23,0,300,1,0.00
waf-blocked,placement,place=a1.0_p0.0,7,23,0,300,1,0.00
waf-blocked,placement,place=a1.0_p0.0,8,31,0,300,1,0.00
waf-blocked,placement,place=a1.0_p0.0,9,23,0,300,1,0.00
waf-blocked,placement,place=a1.0_p0.0,10,21,0,300,1,0.00
waf-blocked,placement,place=a1.0_p0.0,11,22,0,300,1,0.00
waf-blocked,placement,place=a1.0_p0.0,12,21,0,300,1,0.00
waf-blocked,placement,place=a1.0_p0.0,13,23,0,300,1,0.00
waf-blocked,placement,place=a1.0_p0.0,14,22,0,300,1,0.00
waf-blocked,placement,place=a1.0_p0.0,15,21,0,300,1,0.00
waf-blocked,placement,place=a1.0_p0.0,16,21,0,300,1,0.00
waf-blocked,placement,place=a1.0_p0.0,17,21,0,300,1,0.00
waf-blocked,placement,place=a1.0_p0.0,18,24,0,300,1,0.00
waf-blocked,placement,place=a1.0_p0.0,19,22,0,300,1,0.00
waf-blocked,placement,place=a1.0_p0.5,0,21,0,300,1,0.00
waf-blocked,placement,place=a1.0_p0.5,1,26,0,300,1,0.00
waf-blocked,placement,place=a1.0_p0.5,2,30,0,300,1,0.00
waf-blocked,placement,place=a1.0_p0.5,3,21,0,300,1,0.00
waf-blocked,placement,place=a1.0_p0.5,4,25,0,300,1,0.00
waf-blocked,placement,place=a1.0_p0.5,5,31,0,300,1,0.00
waf-blocked,placement,place=a1.0_p0.5,6,27,0,300,1,0.00
waf-blocked,placement,place=a1.0_p0.5,7,31,0,300,1,0.00
waf-blocked,placement,place=a1.0_p0.5,8,31,0,300,1,0.00
waf-blocked,placement,place=a1.0_p0.5,9,31,0,300,1,0.00
waf-blocked,placement,place=a1.0_p0.5,10,30,0,300,1,0.00
waf-blocked,placement,place=a1.0_p0.5,11,22,0,300,1,0.00
waf-blocked,placement,place=a1.0_p0.5,12,22,0,300,1,0.00
waf-blocked,placement,place=a1.0_p0.5,13,26,0,300,1,0.00
waf-blocked,placement,place=a1.0_p0.5,14,24,0,300,1,0.00
waf-blocked,placement,place=a1.0_p0.5,15,22,0,300,1,0.00
waf-blocked,placement,place=a1.0_p0.5,16,21,0,300,1,0.00
waf-blocked,placement,place=a1.0_p0.5,17,21,0,300,1,0.00
waf-blocked,placement,place=a1.0_p0.5,18,25,0,300,1,0.00
waf-blocked,placement,place=a1.0_p0.5,19,23,0,300,1,0.00
waf-blocked,placement,place=a1.0_p1.0,0,21,0,300,1,0.00
waf-blocked,placement,place=a1.0_p1.0,1,22,0,300,1,0.00
waf-blocked,placement,place=a1.0_p1.0,2,22,0,300,1,0.00
waf-blocked,placement,place=a1.0_p1.0,3,22,0,300,1,0.00
waf-blocked,placement,place=a1.0_p1.0,4,21,0,300,1,0.00
waf-blocked,placement,place=a1.0_p1.0,5,21,0,300,1,0.00
waf-blocked,placement,place=a1.0_p1.0,6,22,0,300,1,0.00
waf-blocked,placement,place=a1.0_p1.0,7,21,0,300,1,0.00
waf-blocked,placement,place=a1.0_p1.0,8,21,0,300,1,0.00
waf-blocked,placement,place=a1.0_p1.0,9,22,0,300,1,0.00
waf-blocked,placement,place=a1.0_p1.0,10,22,0,300,1,0.00
waf-blocked,placement,place=a1.0_p1.0,11,22,0,300,1,0.00
waf-blocked,placement,place=a1.0_p1.0,12,21,0,300,1,0.00
waf-blocked,placement,place=a1.0_p1.0,13,30,0,300,1,0.00
waf-blocked,placement,place=a1.0_p1.0,14,24,0,300,1,0.00
waf-blocked,placement,place=a1.0_p1.0,15,21,0,300,1,0.00
waf-blocked,placement,place=a1.0_p1.0,16,22,0,300,1,0.00
waf-blocked,placement,place=a1.0_p1.0,17,24,0,300,1,0.00
waf-blocked,placement,place=a1.0_p1.0,18,23,0,300,1,0.00
waf-blocked,placement,place=a1.0_p1.0,19,22,0,300,1,0.00
waf-blocked,placement,place=a1.0_p2.0,0,21,0,300,1,0.00
waf-blocked,placement,place=a1.0_p2.0,1,26,0,300,1,0.00
waf-blocked,placement,place=a1.0_p2.0,2,22,0,300,1,0.00
waf-blocked,placement,place=a1.0_p2.0,3,21,0,300,1,0.00
waf-blocked,placement,place=a1.0_p2.0,4,21,0,300,1,0.00
waf-blocked,placement,place=a1.0_p2.0,5,25,0,300,1,0.00
waf-blocked,placement,place=a1.0_p2.0,6,23,0,300,1,0.00
waf-blocked,placement,place=a1.0_p2.0,7,21,0,300,1,0.00
waf-blocked,placement,place=a1.0_p2.0,8,21,0,300,1,0.00
waf-blocked,placement,place=a1.0_p2.0,9,22,0,300,1,0.00
waf-blocked,placement,place=a1.0_p2.0,10,24,0,300,1,0.00
waf-blocked,placement,place=a1.0_p2.0,11,31,0,300,1,0.00
waf-blocked,placement,place=a1.0_p2.0,12,23,0,300,1,0.00
waf-blocked,placement,place=a1.0_p2.0,13,21,0,300,1,0.00
waf-blocked,placement,place=a1.0_p2.0,14,23,0,300,1,0.00
waf-blocked,placement,place=a1.0_p2.0,15,29,0,300,1,0.00
waf-blocked,placement,place=a1.0_p2.0,16,29,0,300,1,0.00
waf-blocked,placement,place=a1.0_p2.0,17,25,0,300,1,0.00
waf-blocked,placement,place=a1.0_p2.0,18,29,0,300,1,0.00
waf-blocked,placement,place=a1.0_p2.0,19,26,0,300,1,0.00
waf-blocked,placement,place=a1.0_p4.0,0,22,0,300,1,0.00
waf-blocked,placement,place=a1.0_p4.0,1,22,0,300,1,0.00
waf-blocked,placement,place=a1.0_p4.0,2,24,0,300,1,0.00
waf-blocked,placement,place=a1.0_p4.0,3,26,0,300,1,0.00
waf-blocked,placement,place=a1.0_p4.0,4,30,0,300,1,0.00
waf-blocked,placement,place=a1.0_p4.0,5,25,0,300,1,0.00
waf-blocked,placement,place=a1.0_p4.0,6,25,0,300,1,0.00
waf-blocked,placement,place=a1.0_p4.0,7,21,0,300,1,0.00
waf-blocked,placement,place=a1.0_p4.0,8,21,0,300,1,0.00
waf-blocked,placement,place=a1.0_p4.0,9,26,0,300,1,0.00
waf-blocked,placement,place=a1.0_p4.0,10,21,0,300,1,0.00
waf-blocked,placement,place=a1.0_p4.0,11,22,0,300,1,0.00
waf-blocked,placement,place=a1.0_p4.0,12,22,0,300,1,0.00
waf-blocked,placement,place=a1.0_p4.0,13,23,0,300,1,0.00
waf-blocked,placement,place=a1.0_p4.0,14,26,0,300,1,0.00
waf-blocked,placement,place=a1.0_p4.0,15,26,0,300,1,0.00
waf-blocked,placement,place=a1.0_p4.0,16,21,0,300,1,0.00
waf-blocked,placement,place=a1.0_p4.0,17,27,0,300,1,0.00
waf-blocked,placement,place=a1.0_p4.0,18,28,0,300,1,0.00
waf-blocked,placement,place=a1.0_p4.0,19,24,0,300,1,0.00
waf-blocked,placement,place=a2.0_p0.0,0,26,0,300,1,0.00
waf-blocked,placement,place=a2.0_p0.0,1,22,0,300,1,0.00
waf-blocked,placement,place=a2.0_p0.0,2,25,0,300,1,0.00
waf-blocked,placement,place=a2.0_p0.0,3,22,0,300,1,0.00
waf-blocked,placement,place=a2.0_p0.0,4,21,0,300,1,0.00
waf-blocked,placement,place=a2.0_p0.0,5,21,0,300,1,0.00
waf-blocked,placement,place=a2.0_p0.0,6,22,0,300,1,0.00
waf-blocked,placement,place=a2.0_p0.0,7,22,0,300,1,0.00
waf-blocked,placement,place=a2.0_p0.0,8,21,0,300,1,0.00
waf-blocked,placement,place=a2.0_p0.0,9,21,0,300,1,0.00
waf-blocked,placement,place=a2.0_p0.0,10,21,0,300,1,0.00
waf-blocked,placement,place=a2.0_p0.0,11,22,0,300,1,0.00
waf-blocked,placement,place=a2.0_p0.0,12,22,0,300,1,0.00
waf-blocked,placement,place=a2.0_p0.0,13,26,0,300,1,0.00
waf-blocked,placement,place=a2.0_p0.0,14,22,0,300,1,0.00
waf-blocked,placement,place=a2.0_p0.0,15,21,0,300,1,0.00
waf-blocked,placement,place=a2.0_p0.0,16,24,0,300,1,0.00
waf-blocked,placement,place=a2.0_p0.0,17,22,0,300,1,0.00
waf-blocked,placement,place=a2.0_p0.0,18,23,0,300,1,0.00
waf-blocked,placement,place=a2.0_p0.0,19,24,0,300,1,0.00
waf-blocked,placement,place=a2.0_p0.5,0,25,0,300,1,0.00
waf-blocked,placement,place=a2.0_p0.5,1,30,0,300,1,0.00
waf-blocked,placement,place=a2.0_p0.5,2,23,0,300,1,0.00
waf-blocked,placement,place=a2.0_p0.5,3,21,0,300,1,0.00
waf-blocked,placement,place=a2.0_p0.5,4,21,0,300,1,0.00
waf-blocked,placement,place=a2.0_p0.5,5,25,0,300,1,0.00
waf-blocked,placement,place=a2.0_p0.5,6,23,0,300,1,0.00
waf-blocked,placement,place=a2.0_p0.5,7,21,0,300,1,0.00
waf-blocked,placement,place=a2.0_p0.5,8,21,0,300,1,0.00
waf-blocked,placement,place=a2.0_p0.5,9,21,0,300,1,0.00
waf-blocked,placement,place=a2.0_p0.5,10,22,0,300,1,0.00
waf-blocked,placement,place=a2.0_p0.5,11,23,0,300,1,0.00
waf-blocked,placement,place=a2.0_p0.5,12,22,0,300,1,0.00
waf-blocked,placement,place=a2.0_p0.5,13,21,0,300,1,0.00
waf-blocked,placement,place=a2.0_p0.5,14,22,0,300,1,0.00
waf-blocked,placement,place=a2.0_p0.5,15,31,0,300,1,0.00
waf-blocked,placement,place=a2.0_p0.5,16,25,0,300,1,0.00
waf-blocked,placement,place=a2.0_p0.5,17,21,0,300,1,0.00
waf-blocked,placement,place=a2.0_p0.5,18,21,0,300,1,0.00
waf-blocked,placement,place=a2.0_p0.5,19,21,0,300,1,0.00
waf-blocked,placement,place=a2.0_p1.0,0,22,0,300,1,0.00
waf-blocked,placement,place=a2.0_p1.0,1,23,0,300,1,0.00
waf-blocked,placement,place=a2.0_p1.0,2,22,0,300,1,0.00
waf-blocked,placement,place=a2.0_p1.0,3,21,0,300,1,0.00
waf-blocked,placement,place=a2.0_p1.0,4,27,0,300,1,0.00
waf-blocked,placement,place=a2.0_p1.0,5,26,0,300,1,0.00
waf-blocked,placement,place=a2.0_p1.0,6,23,0,300,1,0.00
waf-blocked,placement,place=a2.0_p1.0,7,26,0,300,1,0.00
waf-blocked,placement,place=a2.0_p1.0,8,21,0,300,1,0.00
waf-blocked,placement,place=a2.0_p1.0,9,26,0,300,1,0.00
waf-blocked,placement,place=a2.0_p1.0,10,30,0,300,1,0.00
waf-blocked,placement,place=a2.0_p1.0,11,23,0,300,1,0.00
waf-blocked,placement,place=a2.0_p1.0,12,21,0,300,1,0.00
waf-blocked,placement,place=a2.0_p1.0,13,21,0,300,1,0.00
waf-blocked,placement,place=a2.0_p1.0,14,25,0,300,1,0.00
waf-blocked,placement,place=a2.0_p1.0,15,28,0,300,1,0.00
waf-blocked,placement,place=a2.0_p1.0,16,27,0,300,1,0.00
waf-blocked,placement,place=a2.0_p1.0,17,26,0,300,1,0.00
waf-blocked,placement,place=a2.0_p1.0,18,23,0,300,1,0.00
waf-blocked,placement,place=a2.0_p1.0,19,23,0,300,1,0.00
waf-blocked,placement,place=a2.0_p2.0,0,26,0,300,1,0.00
waf-blocked,placement,place=a2.0_p2.0,1,24,0,300,1,0.00
waf-blocked,placement,place=a2.0_p2.0,2,23,0,300,1,0.00
waf-blocked,placement,place=a2.0_p2.0,3,22,0,300,1,0.00
waf-blocked,placement,place=a2.0_p2.0,4,21,0,300,1,0.00
waf-blocked,placement,place=a2.0_p2.0,5,21,0,300,1,0.00
waf-blocked,placement,place=a2.0_p2.0,6,23,0,300,1,0.00
waf-blocked,placement,place=a2.0_p2.0,7,31,0,300,1,0.00
waf-blocked,placement,place=a2.0_p2.0,8,28,0,300,1,0.00
waf-blocked,placement,place=a2.0_p2.0,9,21,0,300,1,0.00
waf-blocked,placement,place=a2.0_p2.0,10,21,0,300,1,0.00
waf-blocked,placement,place=a2.0_p2.0,11,29,0,300,1,0.00
waf-blocked,placement,place=a2.0_p2.0,12,28,0,300,1,0.00
waf-blocked,placement,place=a2.0_p2.0,13,28,0,300,1,0.00
waf-blocked,placement,place=a2.0_p2.0,14,21,0,300,1,0.00
waf-blocked,placement,place=a2.0_p2.0,15,21,0,300,1,0.00
waf-blocked,placement,place=a2.0_p2.0,16,26,0,300,1,0.00
waf-blocked,placement,place=a2.0_p2.0,17,22,0,300,1,0.00
waf-blocked,placement,place=a2.0_p2.0,18,21,0,300,1,0.00
waf-blocked,placement,place=a2.0_p2.0,19,21,0,300,1,0.00
waf-blocked,placement,place=a2.0_p4.0,0,27,0,300,1,0.00
waf-blocked,placement,place=a2.0_p4.0,1,22,0,300,1,0.00
waf-blocked,placement,place=a2.0_p4.0,2,22,0,300,1,0.00
waf-blocked,placement,place=a2.0_p4.0,3,21,0,300,1,0.00
waf-blocked,placement,place=a2.0_p4.0,4,21,0,300,1,0.00
waf-blocked,placement,place=a2.0_p4.0,5,22,0,300,1,0.00
waf-blocked,placement,place=a2.0_p4.0,6,22,0,300,1,0.00
waf-blocked,placement,place=a2.0_p4.0,7,21,0,300,1,0.00
waf-blocked,placement,place=a2.0_p4.0,8,22,0,300,1,0.00
waf-blocked,placement,place=a2.0_p4.0,9,22,0,300,1,0.00
waf-blocked,placement,place=a2.0_p4.0,10,22,0,300,1,0.00
waf-blocked,placement,place=a2.0_p4.0,11,26,0,300,1,0.00
waf-blocked,placement,place=a2.0_p4.0,12,21,0,300,1,0.00
waf-blocked,placement,place=a2.0_p4.0,13,22,0,300,1,0.00
waf-blocked,placement,place=a2.0_p4.0,14,22,0,300,1,0.00
waf-blocked,placement,place=a2.0_p4.0,15,22,0,300,1,0.00
waf-blocked,placement,place=a2.0_p4.0,16,22,0,300,1,0.00
waf-blocked,placement,place=a2.0_p4.0,17,22,0,300,1,0.00
waf-blocked,placement,place=a2.0_p4.0,18,21,0,300,1,0.00
waf-blocked,placement,place=a2.0_p4.0,19,22,0,300,1,0.00
waf-blocked,placement,place=a4.0_p0.0,0,23,0,300,1,0.00
waf-blocked,placement,place=a4.0_p0.0,1,22,0,300,1,0.00
waf-blocked,placement,place=a4.0_p0.0,2,21,0,300,1,0.00
waf-blocked,placement,place=a4.0_p0.0,3,21,0,300,1,0.00
waf-blocked,placement,place=a4.0_p0.0,4,29,0,300,1,0.00
waf-blocked,placement,place=a4.0_p0.0,5,30,0,300,1,0.00
waf-blocked,placement,place=a4.0_p0.0,6,27,0,300,1,0.00
waf-blocked,placement,place=a4.0_p0.0,7,23,0,300,1,0.00
waf-blocked,placement,place=a4.0_p0.0,8,21,0,300,1,0.00
waf-blocked,placement,place=a4.0_p0.0,9,22,0,300,1,0.00
waf-blocked,placement,place=a4.0_p0.0,10,22,0,300,1,0.00
waf-blocked,placement,place=a4.0_p0.0,11,23,0,300,1,0.00
waf-blocked,placement,place=a4.0_p0.0,12,22,0,300,1,0.00
waf-blocked,placement,place=a4.0_p0.0,13,28,0,300,1,0.00
waf-blocked,placement,place=a4.0_p0.0,14,29,0,300,1,0.00
waf-blocked,placement,place=a4.0_p0.0,15,22,0,300,1,0.00
waf-blocked,placement,place=a4.0_p0.0,16,21,0,300,1,0.00
waf-blocked,placement,place=a4.0_p0.0,17,24,0,300,1,0.00
waf-blocked,placement,place=a4.0_p0.0,18,30,0,300,1,0.00
waf-blocked,placement,place=a4.0_p0.0,19,27,0,300,1,0.00
waf-blocked,placement,place=a4.0_p0.5,0,31,0,300,1,0.00
waf-blocked,placement,place=a4.0_p0.5,1,28,0,300,1,0.00
waf-blocked,placement,place=a4.0_p0.5,2,22,0,300,1,0.00
waf-blocked,placement,place=a4.0_p0.5,3,21,0,300,1,0.00
waf-blocked,placement,place=a4.0_p0.5,4,21,0,300,1,0.00
waf-blocked,placement,place=a4.0_p0.5,5,21,0,300,1,0.00
waf-blocked,placement,place=a4.0_p0.5,6,22,0,300,1,0.00
waf-blocked,placement,place=a4.0_p0.5,7,21,0,300,1,0.00
waf-blocked,placement,place=a4.0_p0.5,8,21,0,300,1,0.00
waf-blocked,placement,place=a4.0_p0.5,9,21,0,300,1,0.00
waf-blocked,placement,place=a4.0_p0.5,10,21,0,300,1,0.00
waf-blocked,placement,place=a4.0_p0.5,11,22,0,300,1,0.00
waf-blocked,placement,place=a4.0_p0.5,12,21,0,300,1,0.00
waf-blocked,placement,place=a4.0_p0.5,13,22,0,300,1,0.00
waf-blocked,placement,place=a4.0_p0.5,14,23,0,300,1,0.00
waf-blocked,placement,place=a4.0_p0.5,15,25,0,300,1,0.00
waf-blocked,placement,place=a4.0_p0.5,16,22,0,300,1,0.00
waf-blocked,placement,place=a4.0_p0.5,17,21,0,300,1,0.00
waf-blocked,placement,place=a4.0_p0.5,18,22,0,300,1,0.00
waf-blocked,placement,place=a4.0_p0.5,19,22,0,300,1,0.00
waf-blocked,placement,place=a4.0_p1.0,0,22,0,300,1,0.00
waf-blocked,placement,place=a4.0_p1.0,1,24,0,300,1,0.00
waf-blocked,placement,place=a4.0_p1.0,2,30,0,300,1,0.00
waf-blocked,placement,place=a4.0_p1.0,3,22,0,300,1,0.00
waf-blocked,placement,place=a4.0_p1.0,4,24,0,300,1,0.00
waf-blocked,placement,place=a4.0_p1.0,5,29,0,300,1,0.00
waf-blocked,placement,place=a4.0_p1.0,6,22,0,300,1,0.00
waf-blocked,placement,place=a4.0_p1.0,7,21,0,300,1,0.00
waf-blocked,placement,place=a4.0_p1.0,8,24,0,300,1,0.00
waf-blocked,placement,place=a4.0_p1.0,9,23,0,300,1,0.00
waf-blocked,placement,place=a4.0_p1.0,10,22,0,300,1,0.00
waf-blocked,placement,place=a4.0_p1.0,11,22,0,300,1,0.00
waf-blocked,placement,place=a4.0_p1.0,12,23,0,300,1,0.00
waf-blocked,placement,place=a4.0_p1.0,13,21,0,300,1,0.00
waf-blocked,placement,place=a4.0_p1.0,14,23,0,300,1,0.00
waf-blocked,placement,place=a4.0_p1.0,15,22,0,300,1,0.00
waf-blocked,placement,place=a4.0_p1.0,16,22,0,300,1,0.00
waf-blocked,placement,place=a4.0_p1.0,17,26,0,300,1,0.00
waf-blocked,placement,place=a4.0_p1.0,18,22,0,300,1,0.00
waf-blocked,placement,place=a4.0_p1.0,19,21,0,300,1,0.00
waf-blocked,placement,place=a4.0_p2.0,0,21,0,300,1,0.00
waf-blocked,placement,place=a4.0_p2.0,1,26,0,300,1,0.00
waf-blocked,placement,place=a4.0_p2.0,2,30,0,300,1,0.00
waf-blocked,placement,place=a4.0_p2.0,3,27,0,300,1,0.00
waf-blocked,placement,place=a4.0_p2.0,4,21,0,300,1,0.00
waf-blocked,placement,place=a4.0_p2.0,5,22,0,300,1,0.00
waf-blocked,placement,place=a4.0_p2.0,6,22,0,300,1,0.00
waf-blocked,placement,place=a4.0_p2.0,7,23,0,300,1,0.00
waf-blocked,placement,place=a4.0_p2.0,8,21,0,300,1,0.00
waf-blocked,placement,place=a4.0_p2.0,9,22,0,300,1,0.00
waf-blocked,placement,place=a4.0_p2.0,10,31,0,300,1,0.00
waf-blocked,placement,place=a4.0_p2.0,11,24,0,300,1,0.00
waf-blocked,placement,place=a4.0_p2.0,12,22,0,300,1,0.00
waf-blocked,placement,place=a4.0_p2.0,13,25,0,300,1,0.00
waf-blocked,placement,place=a4.0_p2.0,14,26,0,300,1,0.00
waf-blocked,placement,place=a4.0_p2.0,15,29,0,300,1,0.00
waf-blocked,placement,place=a4.0_p2.0,16,22,0,300,1,0.00
waf-blocked,placement,place=a4.0_p2.0,17,21,0,300,1,0.00
waf-blocked,placement,place=a4.0_p2.0,18,24,0,300,1,0.00
waf-blocked,placement,place=a4.0_p2.0,19,31,0,300,1,0.00
waf-blocked,placement,place=a4.0_p4.0,0,24,0,300,1,0.00
waf-blocked,placement,place=a4.0_p4.0,1,22,0,300,1,0.00
waf-blocked,placement,place=a4.0_p4.0,2,27,0,300,1,0.00
waf-blocked,placement,place=a4.0_p4.0,3,26,0,300,1,0.00
waf-blocked,placement,place=a4.0_p4.0,4,22,0,300,1,0.00
waf-blocked,placement,place=a4.0_p4.0,5,21,0,300,1,0.00
waf-blocked,placement,place=a4.0_p4.0,6,22,0,300,1,0.00
waf-blocked,placement,place=a4.0_p4.0,7,23,0,300,1,0.00
waf-blocked,placement,place=a4.0_p4.0,8,22,0,300,1,0.00
waf-blocked,placement,place=a4.0_p4.0,9,22,0,300,1,0.00
waf-blocked,placement,place=a4.0_p4.0,10,21,0,300,1,0.00
waf-blocked,placement,place=a4.0_p4.0,11,22,0,300,1,0.00
waf-blocked,placement,place=a4.0_p4.0,12,22,0,300,1,0.00
waf-blocked,placement,place=a4.0_p4.0,13,22,0,300,1,0.00
waf-blocked,placement,place=a4.0_p4.0,14,21,0,300,1,0.00
waf-blocked,placement,place=a4.0_p4.0,15,21,0,300,1,0.00
waf-blocked,placement,place=a4.0_p4.0,16,27,0,300,1,0.00
waf-blocked,placement,place=a4.0_p4.0,17,23,0,300,1,0.00
waf-blocked,placement,place=a4.0_p4.0,18,22,0,300,1,0.00
waf-blocked,placement,place=a4.0_p4.0,19,21,0,300,1,0.00
waf-blocked,placement,place=default,0,21,0,300,1,0.00
waf-blocked,placement,place=default,1,24,0,300,1,0.00
waf-blocked,placement,place=default,2,24,0,300,1,0.00
waf-blocked,placement,place=default,3,22,0,300,1,0.00
waf-blocked,placement,place=default,4,22,0,300,1,0.00
waf-blocked,placement,place=default,5,23,0,300,1,0.00
waf-blocked,placement,place=default,6,25,0,300,1,0.00
waf-blocked,placement,place=default,7,27,0,300,1,0.00
waf-blocked,placement,place=default,8,22,0,300,1,0.00
waf-blocked,placement,place=default,9,22,0,300,1,0.00
waf-blocked,placement,place=default,10,22,0,300,1,0.00
waf-blocked,placement,place=default,11,23,0,300,1,0.00
waf-blocked,placement,place=default,12,22,0,300,1,0.00
waf-blocked,placement,place=default,13,22,0,300,1,0.00
waf-blocked,placement,place=default,14,22,0,300,1,0.00
waf-blocked,placement,place=default,15,21,0,300,1,0.00
waf-blocked,placement,place=default,16,22,0,300,1,0.00
waf-blocked,placement,place=default,17,22,0,300,1,0.00
waf-blocked,placement,place=default,18,22,0,300,1,0.00
waf-blocked,placement,place=default,19,21,0,300,1,0.00
waf-blocked,placement,place=wrap,0,23,0,300,1,0.00
waf-blocked,placement,place=wrap,1,25,0,300,1,0.00
waf-blocked,placement,place=wrap,2,24,0,300,1,0.00
waf-blocked,placement,place=wrap,3,23,0,300,1,0.00
waf-blocked,placement,place=wrap,4,24,0,300,1,0.00
waf-blocked,placement,place=wrap,5,24,0,300,1,0.00
waf-blocked,placement,place=wrap,6,35,0,300,1,0.00
waf-blocked,placement,place=wrap,7,24,0,300,1,0.00
waf-blocked,placement,place=wrap,8,23,0,300,1,0.00
waf-blocked,placement,place=wrap,9,25,0,300,1,0.00
waf-blocked,placement,place=wrap,10,24,0,300,1,0.00
waf-blocked,placement,place=wrap,11,25,0,300,1,0.00
waf-blocked,placement,place=wrap,12,23,0,300,1,0.00
waf-blocked,placement,place=wrap,13,23,0,300,1,0.00
waf-blocked,placement,place=wrap,14,24,0,300,1,0.00
waf-blocked,placement,place=wrap,15,24,0,300,1,0.00
waf-blocked,placement,place=wrap,16,25,0,300,1,0.00
waf-blocked,placement,place=wrap,17,24,0,300,1,0.00
waf-blocked,placement,place=wrap,18,23,0,300,1,0.00
waf-blocked,placement,place=wrap,19,23,0,300,1,0.00
waf-blocked,placement,place=wrap+b,0,23,0,300,1,0.00
waf-blocked,placement,place=wrap+b,1,23,0,300,1,0.00
waf-blocked,placement,place=wrap+b,2,22,0,300,1,0.00
waf-blocked,placement,place=wrap+b,3,23,0,300,1,0.00
waf-blocked,placement,place=wrap+b,4,23,0,300,1,0.00
waf-blocked,placement,place=wrap+b,5,23,0,300,1,0.00
waf-blocked,placement,place=wrap+b,6,23,0,300,1,0.00
waf-blocked,placement,place=wrap+b,7,23,0,300,1,0.00
waf-blocked,placement,place=wrap+b,8,24,0,300,1,0.00
waf-blocked,placement,place=wrap+b,9,24,0,300,1,0.00
waf-blocked,placement,place=wrap+b,10,22,0,300,1,0.00
waf-blocked,placement,place=wrap+b,11,23,0,300,1,0.00
waf-blocked,placement,place=wrap+b,12,22,0,300,1,0.00
waf-blocked,placement,place=wrap+b,13,24,0,300,1,0.00
waf-blocked,placement,place=wrap+b,14,22,0,300,1,0.00
waf-blocked,placement,place=wrap+b,15,22,0,300,1,0.00
waf-blocked,placement,place=wrap+b,16,26,0,300,1,0.00
waf-blocked,placement,place=wrap+b,17,24,0,300,1,0.00
waf-blocked,placement,place=wrap+b,18,23,0,300,1,0.00
waf-blocked,placement,place=wrap+b,19,22,0,300,1,0.00
waf-blocked,ops,ops=1,0,25,0,300,1,0.00
waf-blocked,ops,ops=1,1,22,0,300,1,0.00
waf-blocked,ops,ops=1,2,22,0,300,1,0.00
waf-blocked,ops,ops=1,3,21,0,300,1,0.00
waf-blocked,ops,ops=1,4,21,0,300,1,0.00
waf-blocked,ops,ops=1,5,21,0,300,1,0.00
waf-blocked,ops,ops=1,6,21,0,300,1,0.00
waf-blocked,ops,ops=1,7,23,0,300,1,0.00
waf-blocked,ops,ops=1,8,23,0,300,1,0.00
waf-blocked,ops,ops=1,9,24,0,300,1,0.00
waf-blocked,ops,ops=1,10,26,0,300,1,0.00
waf-blocked,ops,ops=1,11,26,0,300,1,0.00
waf-blocked,ops,ops=1,12,22,0,300,1,0.00
waf-blocked,ops,ops=1,13,22,0,300,1,0.00
waf-blocked,ops,ops=1,14,22,0,300,1,0.00
waf-blocked,ops,ops=1,15,22,0,300,1,0.00
waf-blocked,ops,ops=1,16,23,0,300,1,0.00
waf-blocked,ops,ops=1,17,22,0,300,1,0.00
waf-blocked,ops,ops=1,18,21,0,300,1,0.00
waf-blocked,ops,ops=1,19,21,0,300,1,0.00
waf-blocked,ops,ops=2,0,21,0,300,1,0.00
waf-blocked,ops,ops=2,1,22,0,300,1,0.00
waf-blocked,ops,ops=2,2,22,0,300,1,0.00
waf-blocked,ops,ops=2,3,21,0,300,1,0.00
waf-blocked,ops,ops=2,4,28,0,300,1,0.00
waf-blocked,ops,ops=2,5,33,0,300,1,0.00
waf-blocked,ops,ops=2,6,29,0,300,1,0.00
waf-blocked,ops,ops=2,7,26,0,300,1,0.00
waf-blocked,ops,ops=2,8,30,0,300,1,0.00
waf-blocked,ops,ops=2,9,23,0,300,1,0.00
waf-blocked,ops,ops=2,10,22,0,300,1,0.00
waf-blocked,ops,ops=2,11,29,0,300,1,0.00
waf-blocked,ops,ops=2,12,32,0,300,1,0.00
waf-blocked,ops,ops=2,13,23,0,300,1,0.00
waf-blocked,ops,ops=2,14,22,0,300,1,0.00
waf-blocked,ops,ops=2,15,21,0,300,1,0.00
waf-blocked,ops,ops=2,16,28,0,300,1,0.00
waf-blocked,ops,ops=2,17,28,0,300,1,0.00
waf-blocked,ops,ops=2,18,21,0,300,1,0.00
waf-blocked,ops,ops=2,19,21,0,300,1,0.00
waf-blocked,ops,ops=4,0,25,0,300,1,0.00
waf-blocked,ops,ops=4,1,32,0,300,1,0.00
waf-blocked,ops,ops=4,2,22,0,300,1,0.00
waf-blocked,ops,ops=4,3,22,0,300,1,0.00
waf-blocked,ops,ops=4,4,22,0,300,1,0.00
waf-blocked,ops,ops=4,5,22,0,300,1,0.00
waf-blocked,ops,ops=4,6,23,0,300,1,0.00
waf-blocked,ops,ops=4,7,22,0,300,1,0.00
waf-blocked,ops,ops=4,8,21,0,300,1,0.00
waf-blocked,ops,ops=4,9,22,0,300,1,0.00
waf-blocked,ops,ops=4,10,23,0,300,1,0.00
waf-blocked,ops,ops=4,11,25,0,300,1,0.00
waf-blocked,ops,ops=4,12,23,0,300,1,0.00
waf-blocked,ops,ops=4,13,22,0,300,1,0.00
waf-blocked,ops,ops=4,14,31,0,300,1,0.00
waf-blocked,ops,ops=4,15,26,0,300,1,0.00
waf-blocked,ops,ops=4,16,22,0,300,1,0.00
waf-blocked,ops,ops=4,17,22,0,300,1,0.00
waf-blocked,ops,ops=4,18,22,0,300,1,0.00
waf-blocked,ops,ops=4,19,22,0,300,1,0.00
waf-blocked,ops,ops=8,0,24,0,300,1,0.00
waf-blocked,ops,ops=8,1,23,0,300,1,0.00
waf-blocked,ops,ops=8,2,22,0,300,1,0.00
waf-blocked,ops,ops=8,3,22,0,300,1,0.00
waf-blocked,ops,ops=8,4,24,0,300,1,0.00
waf-blocked,ops,ops=8,5,23,0,300,1,0.00
waf-blocked,ops,ops=8,6,23,0,300,1,0.00
waf-blocked,ops,ops=8,7,23,0,300,1,0.00
waf-blocked,ops,ops=8,8,22,0,300,1,0.00
waf-blocked,ops,ops=8,9,26,0,300,1,0.00
waf-blocked,ops,ops=8,10,25,0,300,1,0.00
waf-blocked,ops,ops=8,11,22,0,300,1,0.00
waf-blocked,ops,ops=8,12,26,0,300,1,0.00
waf-blocked,ops,ops=8,13,25,0,300,1,0.00
waf-blocked,ops,ops=8,14,23,0,300,1,0.00
waf-blocked,ops,ops=8,15,23,0,300,1,0.00
waf-blocked,ops,ops=8,16,22,0,300,1,0.00
waf-blocked,ops,ops=8,17,23,0,300,1,0.00
waf-blocked,ops,ops=8,18,27,0,300,1,0.00
waf-blocked,ops,ops=8,19,23,0,300,1,0.00
waf-blocked,ops,ops=16,0,23,0,300,1,0.00
waf-blocked,ops,ops=16,1,24,0,300,1,0.00
waf-blocked,ops,ops=16,2,23,0,300,1,0.00
waf-blocked,ops,ops=16,3,24,0,300,1,0.00
waf-blocked,ops,ops=16,4,24,0,300,1,0.00
waf-blocked,ops,ops=16,5,24,0,300,1,0.00
waf-blocked,ops,ops=16,6,24,0,300,1,0.00
waf-blocked,ops,ops=16,7,25,0,300,1,0.00
waf-blocked,ops,ops=16,8,24,0,300,1,0.00
waf-blocked,ops,ops=16,9,25,0,300,1,0.00
waf-blocked,ops,ops=16,10,24,0,300,1,0.00
waf-blocked,ops,ops=16,11,25,0,300,1,0.00
waf-blocked,ops,ops=16,12,25,0,300,1,0.00
waf-blocked,ops,ops=16,13,34,0,300,1,0.00
waf-blocked,ops,ops=16,14,38,0,300,1,0.00
waf-blocked,ops,ops=16,15,29,0,300,1,0.00
waf-blocked,ops,ops=16,16,24,0,300,1,0.00
waf-blocked,ops,ops=16,17,29,0,300,1,0.00
waf-blocked,ops,ops=16,18,30,0,300,1,0.00
waf-blocked,ops,ops=16,19,25,0,300,1,0.00
waf-blocked,feedback,fb=default,0,22,0,300,1,0.00
waf-blocked,feedback,fb=default,1,23,0,300,1,0.00
waf-blocked,feedback,fb=default,2,26,0,300,1,0.00
waf-blocked,feedback,fb=default,3,22,0,300,1,0.00
waf-blocked,feedback,fb=default,4,22,0,300,1,0.00
waf-blocked,feedback,fb=default,5,22,0,300,1,0.00
waf-blocked,feedback,fb=default,6,22,0,300,1,0.00
waf-blocked,feedback,fb=default,7,22,0,300,1,0.00
waf-blocked,feedback,fb=default,8,22,0,300,1,0.00
waf-blocked,feedback,fb=default,9,22,0,300,1,0.00
waf-blocked,feedback,fb=default,10,21,0,300,1,0.00
waf-blocked,feedback,fb=default,11,22,0,300,1,0.00
waf-blocked,feedback,fb=default,12,25,0,300,1,0.00
waf-blocked,feedback,fb=default,13,23,0,300,1,0.00
waf-blocked,feedback,fb=default,14,22,0,300,1,0.00
waf-blocked,feedback,fb=default,15,22,0,300,1,0.00
waf-blocked,feedback,fb=default,16,22,0,300,1,0.00
waf-blocked,feedback,fb=default,17,26,0,300,1,0.00
waf-blocked,feedback,fb=default,18,22,0,300,1,0.00
waf-blocked,feedback,fb=default,19,21,0,300,1,0.00
waf-blocked,feedback,fb=flat3,0,22,0,300,1,0.00
waf-blocked,feedback,fb=flat3,1,24,0,300,1,0.00
waf-blocked,feedback,fb=flat3,2,23,0,300,1,0.00
waf-blocked,feedback,fb=flat3,3,22,0,300,1,0.00
waf-blocked,feedback,fb=flat3,4,22,0,300,1,0.00
waf-blocked,feedback,fb=flat3,5,22,0,300,1,0.00
waf-blocked,feedback,fb=flat3,6,23,0,300,1,0.00
waf-blocked,feedback,fb=flat3,7,22,0,300,1,0.00
waf-blocked,feedback,fb=flat3,8,22,0,300,1,0.00
waf-blocked,feedback,fb=flat3,9,22,0,300,1,0.00
waf-blocked,feedback,fb=flat3,10,22,0,300,1,0.00
waf-blocked,feedback,fb=flat3,11,23,0,300,1,0.00
waf-blocked,feedback,fb=flat3,12,22,0,300,1,0.00
waf-blocked,feedback,fb=flat3,13,22,0,300,1,0.00
waf-blocked,feedback,fb=flat3,14,22,0,300,1,0.00
waf-blocked,feedback,fb=flat3,15,24,0,300,1,0.00
waf-blocked,feedback,fb=flat3,16,27,0,300,1,0.00
waf-blocked,feedback,fb=flat3,17,25,0,300,1,0.00
waf-blocked,feedback,fb=flat3,18,22,0,300,1,0.00
waf-blocked,feedback,fb=flat3,19,21,0,300,1,0.00
waf-blocked,feedback,fb=flat6,0,22,0,300,1,0.00
waf-blocked,feedback,fb=flat6,1,22,0,300,1,0.00
waf-blocked,feedback,fb=flat6,2,22,0,300,1,0.00
waf-blocked,feedback,fb=flat6,3,24,0,300,1,0.00
waf-blocked,feedback,fb=flat6,4,32,0,300,1,0.00
waf-blocked,feedback,fb=flat6,5,27,0,300,1,0.00
waf-blocked,feedback,fb=flat6,6,33,0,300,1,0.00
waf-blocked,feedback,fb=flat6,7,22,0,300,1,0.00
waf-blocked,feedback,fb=flat6,8,27,0,300,1,0.00
waf-blocked,feedback,fb=flat6,9,25,0,300,1,0.00
waf-blocked,feedback,fb=flat6,10,31,0,300,1,0.00
waf-blocked,feedback,fb=flat6,11,33,0,300,1,0.00
waf-blocked,feedback,fb=flat6,12,25,0,300,1,0.00
waf-blocked,feedback,fb=flat6,13,22,0,300,1,0.00
waf-blocked,feedback,fb=flat6,14,22,0,300,1,0.00
waf-blocked,feedback,fb=flat6,15,22,0,300,1,0.00
waf-blocked,feedback,fb=flat6,16,29,0,300,1,0.00
waf-blocked,feedback,fb=flat6,17,26,0,300,1,0.00
waf-blocked,feedback,fb=flat6,18,22,0,300,1,0.00
waf-blocked,feedback,fb=flat6,19,21,0,300,1,0.00
waf-blocked,feedback,fb=compressed,0,24,0,300,1,0.00
waf-blocked,feedback,fb=compressed,1,27,0,300,1,0.00
waf-blocked,feedback,fb=compressed,2,22,0,300,1,0.00
waf-blocked,feedback,fb=compressed,3,22,0,300,1,0.00
waf-blocked,feedback,fb=compressed,4,22,0,300,1,0.00
waf-blocked,feedback,fb=compressed,5,22,0,300,1,0.00
waf-blocked,feedback,fb=compressed,6,24,0,300,1,0.00
waf-blocked,feedback,fb=compressed,7,22,0,300,1,0.00
waf-blocked,feedback,fb=compressed,8,21,0,300,1,0.00
waf-blocked,feedback,fb=compressed,9,22,0,300,1,0.00
waf-blocked,feedback,fb=compressed,10,21,0,300,1,0.00
waf-blocked,feedback,fb=compressed,11,23,0,300,1,0.00
waf-blocked,feedback,fb=compressed,12,22,0,300,1,0.00
waf-blocked,feedback,fb=compressed,13,22,0,300,1,0.00
waf-blocked,feedback,fb=compressed,14,22,0,300,1,0.00
waf-blocked,feedback,fb=compressed,15,22,0,300,1,0.00
waf-blocked,feedback,fb=compressed,16,23,0,300,1,0.00
waf-blocked,feedback,fb=compressed,17,23,0,300,1,0.00
waf-blocked,feedback,fb=compressed,18,22,0,300,1,0.00
waf-blocked,feedback,fb=compressed,19,22,0,300,1,0.00
waf-blocked,feedback,fb=expanded,0,23,0,300,1,0.00
waf-blocked,feedback,fb=expanded,1,22,0,300,1,0.00
waf-blocked,feedback,fb=expanded,2,22,0,300,1,0.00
waf-blocked,feedback,fb=expanded,3,22,0,300,1,0.00
waf-blocked,feedback,fb=expanded,4,22,0,300,1,0.00
waf-blocked,feedback,fb=expanded,5,23,0,300,1,0.00
waf-blocked,feedback,fb=expanded,6,22,0,300,1,0.00
waf-blocked,feedback,fb=expanded,7,22,0,300,1,0.00
waf-blocked,feedback,fb=expanded,8,22,0,300,1,0.00
waf-blocked,feedback,fb=expanded,9,22,0,300,1,0.00
waf-blocked,feedback,fb=expanded,10,24,0,300,1,0.00
waf-blocked,feedback,fb=expanded,11,22,0,300,1,0.00
waf-blocked,feedback,fb=expanded,12,22,0,300,1,0.00
waf-blocked,feedback,fb=expanded,13,22,0,300,1,0.00
waf-blocked,feedback,fb=expanded,14,22,0,300,1,0.00
waf-blocked,feedback,fb=expanded,15,23,0,300,1,0.00
waf-blocked,feedback,fb=expanded,16,22,0,300,1,0.00
waf-blocked,feedback,fb=expanded,17,22,0,300,1,0.00
waf-blocked,feedback,fb=expanded,18,23,0,300,1,0.00
waf-blocked,feedback,fb=expanded,19,27,0,300,1,0.00
waf-blocked,feedback,fb=status>error,0,22,0,300,1,0.00
waf-blocked,feedback,fb=status>error,1,22,0,300,1,0.00
waf-blocked,feedback,fb=status>error,2,22,0,300,1,0.00
waf-blocked,feedback,fb=status>error,3,23,0,300,1,0.00
waf-blocked,feedback,fb=status>error,4,27,0,300,1,0.00
waf-blocked,feedback,fb=status>error,5,24,0,300,1,0.00
waf-blocked,feedback,fb=status>error,6,22,0,300,1,0.00
waf-blocked,feedback,fb=status>error,7,22,0,300,1,0.00
waf-blocked,feedback,fb=status>error,8,22,0,300,1,0.00
waf-blocked,feedback,fb=status>error,9,22,0,300,1,0.00
waf-blocked,feedback,fb=status>error,10,22,0,300,1,0.00
waf-blocked,feedback,fb=status>error,11,22,0,300,1,0.00
waf-blocked,feedback,fb=status>error,12,30,0,300,1,0.00
waf-blocked,feedback,fb=status>error,13,26,0,300,1,0.00
waf-blocked,feedback,fb=status>error,14,22,0,300,1,0.00
waf-blocked,feedback,fb=status>error,15,22,0,300,1,0.00
waf-blocked,feedback,fb=status>error,16,26,0,300,1,0.00
waf-blocked,feedback,fb=status>error,17,32,0,300,1,0.00
waf-blocked,feedback,fb=status>error,18,24,0,300,1,0.00
waf-blocked,feedback,fb=status>error,19,27,0,300,1,0.00
waf-blocked,feedback,fb=bodydiff+,0,26,0,300,1,0.00
waf-blocked,feedback,fb=bodydiff+,1,23,0,300,1,0.00
waf-blocked,feedback,fb=bodydiff+,2,23,0,300,1,0.00
waf-blocked,feedback,fb=bodydiff+,3,22,0,300,1,0.00
waf-blocked,feedback,fb=bodydiff+,4,23,0,300,1,0.00
waf-blocked,feedback,fb=bodydiff+,5,27,0,300,1,0.00
waf-blocked,feedback,fb=bodydiff+,6,23,0,300,1,0.00
waf-blocked,feedback,fb=bodydiff+,7,22,0,300,1,0.00
waf-blocked,feedback,fb=bodydiff+,8,21,0,300,1,0.00
waf-blocked,feedback,fb=bodydiff+,9,22,0,300,1,0.00
waf-blocked,feedback,fb=bodydiff+,10,22,0,300,1,0.00
waf-blocked,feedback,fb=bodydiff+,11,22,0,300,1,0.00
waf-blocked,feedback,fb=bodydiff+,12,22,0,300,1,0.00
waf-blocked,feedback,fb=bodydiff+,13,22,0,300,1,0.00
waf-blocked,feedback,fb=bodydiff+,14,22,0,300,1,0.00
waf-blocked,feedback,fb=bodydiff+,15,24,0,300,1,0.00
waf-blocked,feedback,fb=bodydiff+,16,29,0,300,1,0.00
waf-blocked,feedback,fb=bodydiff+,17,23,0,300,1,0.00
waf-blocked,feedback,fb=bodydiff+,18,22,0,300,1,0.00
waf-blocked,feedback,fb=bodydiff+,19,21,0,300,1,0.00
waf-blocked,feedback,fb=strict,0,22,0,300,1,0.00
waf-blocked,feedback,fb=strict,1,23,0,300,1,0.00
waf-blocked,feedback,fb=strict,2,22,0,300,1,0.00
waf-blocked,feedback,fb=strict,3,22,0,300,1,0.00
waf-blocked,feedback,fb=strict,4,22,0,300,1,0.00
waf-blocked,feedback,fb=strict,5,22,0,300,1,0.00
waf-blocked,feedback,fb=strict,6,24,0,300,1,0.00
waf-blocked,feedback,fb=strict,7,22,0,300,1,0.00
waf-blocked,feedback,fb=strict,8,22,0,300,1,0.00
waf-blocked,feedback,fb=strict,9,22,0,300,1,0.00
waf-blocked,feedback,fb=strict,10,22,0,300,1,0.00
waf-blocked,feedback,fb=strict,11,22,0,300,1,0.00
waf-blocked,feedback,fb=strict,12,22,0,300,1,0.00
waf-blocked,feedback,fb=strict,13,22,0,300,1,0.00
waf-blocked,feedback,fb=strict,14,25,0,300,1,0.00
waf-blocked,feedback,fb=strict,15,23,0,300,1,0.00
waf-blocked,feedback,fb=strict,16,22,0,300,1,0.00
waf-blocked,feedback,fb=strict,17,22,0,300,1,0.00
waf-blocked,feedback,fb=strict,18,22,0,300,1,0.00
waf-blocked,feedback,fb=strict,19,24,0,300,1,0.00
waf-blocked,min_score,minscore=1,0,23,0,300,1,0.00
waf-blocked,min_score,minscore=1,1,22,0,300,1,0.00
waf-blocked,min_score,minscore=1,2,22,0,300,1,0.00
waf-blocked,min_score,minscore=1,3,22,0,300,1,0.00
waf-blocked,min_score,minscore=1,4,25,0,300,1,0.00
waf-blocked,min_score,minscore=1,5,27,0,300,1,0.00
waf-blocked,min_score,minscore=1,6,24,0,300,1,0.00
waf-blocked,min_score,minscore=1,7,23,0,300,1,0.00
waf-blocked,min_score,minscore=1,8,32,0,300,1,0.00
waf-blocked,min_score,minscore=1,9,31,0,300,1,0.00
waf-blocked,min_score,minscore=1,10,31,0,300,1,0.00
waf-blocked,min_score,minscore=1,11,27,0,300,1,0.00
waf-blocked,min_score,minscore=1,12,22,0,300,1,0.00
waf-blocked,min_score,minscore=1,13,22,0,300,1,0.00
waf-blocked,min_score,minscore=1,14,22,0,300,1,0.00
waf-blocked,min_score,minscore=1,15,22,0,300,1,0.00
waf-blocked,min_score,minscore=1,16,23,0,300,1,0.00
waf-blocked,min_score,minscore=1,17,22,0,300,1,0.00
waf-blocked,min_score,minscore=1,18,22,0,300,1,0.00
waf-blocked,min_score,minscore=1,19,23,0,300,1,0.00
waf-blocked,min_score,minscore=2,0,33,0,300,1,0.00
waf-blocked,min_score,minscore=2,1,31,0,300,1,0.00
waf-blocked,min_score,minscore=2,2,22,0,300,1,0.00
waf-blocked,min_score,minscore=2,3,22,0,300,1,0.00
waf-blocked,min_score,minscore=2,4,26,0,300,1,0.00
waf-blocked,min_score,minscore=2,5,23,0,300,1,0.00
waf-blocked,min_score,minscore=2,6,22,0,300,1,0.00
waf-blocked,min_score,minscore=2,7,22,0,300,1,0.00
waf-blocked,min_score,minscore=2,8,21,0,300,1,0.00
waf-blocked,min_score,minscore=2,9,23,0,300,1,0.00
waf-blocked,min_score,minscore=2,10,22,0,300,1,0.00
waf-blocked,min_score,minscore=2,11,22,0,300,1,0.00
waf-blocked,min_score,minscore=2,12,22,0,300,1,0.00
waf-blocked,min_score,minscore=2,13,22,0,300,1,0.00
waf-blocked,min_score,minscore=2,14,22,0,300,1,0.00
waf-blocked,min_score,minscore=2,15,23,0,300,1,0.00
waf-blocked,min_score,minscore=2,16,22,0,300,1,0.00
waf-blocked,min_score,minscore=2,17,22,0,300,1,0.00
waf-blocked,min_score,minscore=2,18,22,0,300,1,0.00
waf-blocked,min_score,minscore=2,19,22,0,300,1,0.00
waf-blocked,min_score,minscore=3,0,22,0,300,1,0.00
waf-blocked,min_score,minscore=3,1,22,0,300,1,0.00
waf-blocked,min_score,minscore=3,2,22,0,300,1,0.00
waf-blocked,min_score,minscore=3,3,25,0,300,1,0.00
waf-blocked,min_score,minscore=3,4,25,0,300,1,0.00
waf-blocked,min_score,minscore=3,5,31,0,300,1,0.00
waf-blocked,min_score,minscore=3,6,24,0,300,1,0.00
waf-blocked,min_score,minscore=3,7,22,0,300,1,0.00
waf-blocked,min_score,minscore=3,8,23,0,300,1,0.00
waf-blocked,min_score,minscore=3,9,23,0,300,1,0.00
waf-blocked,min_score,minscore=3,10,22,0,300,1,0.00
waf-blocked,min_score,minscore=3,11,23,0,300,1,0.00
waf-blocked,min_score,minscore=3,12,22,0,300,1,0.00
waf-blocked,min_score,minscore=3,13,23,0,300,1,0.00
waf-blocked,min_score,minscore=3,14,22,0,300,1,0.00
waf-blocked,min_score,minscore=3,15,22,0,300,1,0.00
waf-blocked,min_score,minscore=3,16,22,0,300,1,0.00
waf-blocked,min_score,minscore=3,17,22,0,300,1,0.00
waf-blocked,min_score,minscore=3,18,23,0,300,1,0.00
waf-blocked,min_score,minscore=3,19,22,0,300,1,0.00
waf-blocked,min_score,minscore=4,0,22,0,300,1,0.00
waf-blocked,min_score,minscore=4,1,22,0,300,1,0.00
waf-blocked,min_score,minscore=4,2,22,0,300,1,0.00
waf-blocked,min_score,minscore=4,3,22,0,300,1,0.00
waf-blocked,min_score,minscore=4,4,21,0,300,1,0.00
waf-blocked,min_score,minscore=4,5,22,0,300,1,0.00
waf-blocked,min_score,minscore=4,6,27,0,300,1,0.00
waf-blocked,min_score,minscore=4,7,30,0,300,1,0.00
waf-blocked,min_score,minscore=4,8,24,0,300,1,0.00
waf-blocked,min_score,minscore=4,9,23,0,300,1,0.00
waf-blocked,min_score,minscore=4,10,22,0,300,1,0.00
waf-blocked,min_score,minscore=4,11,23,0,300,1,0.00
waf-blocked,min_score,minscore=4,12,23,0,300,1,0.00
waf-blocked,min_score,minscore=4,13,22,0,300,1,0.00
waf-blocked,min_score,minscore=4,14,22,0,300,1,0.00
waf-blocked,min_score,minscore=4,15,22,0,300,1,0.00
waf-blocked,min_score,minscore=4,16,22,0,300,1,0.00
waf-blocked,min_score,minscore=4,17,22,0,300,1,0.00
waf-blocked,min_score,minscore=4,18,22,0,300,1,0.00
waf-blocked,min_score,minscore=4,19,21,0,300,1,0.00
waf-blocked,min_score,minscore=5,0,29,0,300,1,0.00
waf-blocked,min_score,minscore=5,1,29,0,300,1,0.00
waf-blocked,min_score,minscore=5,2,22,0,300,1,0.00
waf-blocked,min_score,minscore=5,3,22,0,300,1,0.00
waf-blocked,min_score,minscore=5,4,23,0,300,1,0.00
waf-blocked,min_score,minscore=5,5,31,0,300,1,0.00
waf-blocked,min_score,minscore=5,6,27,0,300,1,0.00
waf-blocked,min_score,minscore=5,7,25,0,300,1,0.00
waf-blocked,min_score,minscore=5,8,22,0,300,1,0.00
waf-blocked,min_score,minscore=5,9,23,0,300,1,0.00
waf-blocked,min_score,minscore=5,10,23,0,300,1,0.00
waf-blocked,min_score,minscore=5,11,22,0,300,1,0.00
waf-blocked,min_score,minscore=5,12,22,0,300,1,0.00
waf-blocked,min_score,minscore=5,13,22,0,300,1,0.00
waf-blocked,min_score,minscore=5,14,22,0,300,1,0.00
waf-blocked,min_score,minscore=5,15,22,0,300,1,0.00
waf-blocked,min_score,minscore=5,16,22,0,300,1,0.00
waf-blocked,min_score,minscore=5,17,23,0,300,1,0.00
waf-blocked,min_score,minscore=5,18,22,0,300,1,0.00
waf-blocked,min_score,minscore=5,19,21,0,300,1,0.00
waf-blocked,min_score,minscore=6,0,22,0,300,1,0.00
waf-blocked,min_score,minscore=6,1,22,0,300,1,0.00
waf-blocked,min_score,minscore=6,2,22,0,300,1,0.00
waf-blocked,min_score,minscore=6,3,23,0,300,1,0.00
waf-blocked,min_score,minscore=6,4,22,0,300,1,0.00
waf-blocked,min_score,minscore=6,5,22,0,300,1,0.00
waf-blocked,min_score,minscore=6,6,22,0,300,1,0.00
waf-blocked,min_score,minscore=6,7,22,0,300,1,0.00
waf-blocked,min_score,minscore=6,8,23,0,300,1,0.00
waf-blocked,min_score,minscore=6,9,22,0,300,1,0.00
waf-blocked,min_score,minscore=6,10,22,0,300,1,0.00
waf-blocked,min_score,minscore=6,11,22,0,300,1,0.00
waf-blocked,min_score,minscore=6,12,25,0,300,1,0.00
waf-blocked,min_score,minscore=6,13,25,0,300,1,0.00
waf-blocked,min_score,minscore=6,14,22,0,300,1,0.00
waf-blocked,min_score,minscore=6,15,22,0,300,1,0.00
waf-blocked,min_score,minscore=6,16,27,0,300,1,0.00
waf-blocked,min_score,minscore=6,17,23,0,300,1,0.00
waf-blocked,min_score,minscore=6,18,23,0,300,1,0.00
waf-blocked,min_score,minscore=6,19,22,0,300,1,0.00
waf-blocked,stop_prob,stop=0.10_min1,0,25,0,300,1,0.00
waf-blocked,stop_prob,stop=0.10_min1,1,25,0,300,1,0.00
waf-blocked,stop_prob,stop=0.10_min1,2,25,0,300,1,0.00
waf-blocked,stop_prob,stop=0.10_min1,3,25,0,300,1,0.00
waf-blocked,stop_prob,stop=0.10_min1,4,25,0,300,1,0.00
waf-blocked,stop_prob,stop=0.10_min1,5,33,0,300,1,0.00
waf-blocked,stop_prob,stop=0.10_min1,6,24,0,300,1,0.00
waf-blocked,stop_prob,stop=0.10_min1,7,24,0,300,1,0.00
waf-blocked,stop_prob,stop=0.10_min1,8,24,0,300,1,0.00
waf-blocked,stop_prob,stop=0.10_min1,9,25,0,300,1,0.00
waf-blocked,stop_prob,stop=0.10_min1,10,27,0,300,1,0.00
waf-blocked,stop_prob,stop=0.10_min1,11,30,0,300,1,0.00
waf-blocked,stop_prob,stop=0.10_min1,12,26,0,300,1,0.00
waf-blocked,stop_prob,stop=0.10_min1,13,36,0,300,1,0.00
waf-blocked,stop_prob,stop=0.10_min1,14,28,0,300,1,0.00
waf-blocked,stop_prob,stop=0.10_min1,15,25,0,300,1,0.00
waf-blocked,stop_prob,stop=0.10_min1,16,29,0,300,1,0.00
waf-blocked,stop_prob,stop=0.10_min1,17,29,0,300,1,0.00
waf-blocked,stop_prob,stop=0.10_min1,18,28,0,300,1,0.00
waf-blocked,stop_prob,stop=0.10_min1,19,25,0,300,1,0.00
waf-blocked,stop_prob,stop=0.25_min1,0,21,0,300,1,0.00
waf-blocked,stop_prob,stop=0.25_min1,1,29,0,300,1,0.00
waf-blocked,stop_prob,stop=0.25_min1,2,25,0,300,1,0.00
waf-blocked,stop_prob,stop=0.25_min1,3,22,0,300,1,0.00
waf-blocked,stop_prob,stop=0.25_min1,4,21,0,300,1,0.00
waf-blocked,stop_prob,stop=0.25_min1,5,25,0,300,1,0.00
waf-blocked,stop_prob,stop=0.25_min1,6,23,0,300,1,0.00
waf-blocked,stop_prob,stop=0.25_min1,7,22,0,300,1,0.00
waf-blocked,stop_prob,stop=0.25_min1,8,21,0,300,1,0.00
waf-blocked,stop_prob,stop=0.25_min1,9,21,0,300,1,0.00
waf-blocked,stop_prob,stop=0.25_min1,10,22,0,300,1,0.00
waf-blocked,stop_prob,stop=0.25_min1,11,22,0,300,1,0.00
waf-blocked,stop_prob,stop=0.25_min1,12,21,0,300,1,0.00
waf-blocked,stop_prob,stop=0.25_min1,13,22,0,300,1,0.00
waf-blocked,stop_prob,stop=0.25_min1,14,25,0,300,1,0.00
waf-blocked,stop_prob,stop=0.25_min1,15,22,0,300,1,0.00
waf-blocked,stop_prob,stop=0.25_min1,16,23,0,300,1,0.00
waf-blocked,stop_prob,stop=0.25_min1,17,21,0,300,1,0.00
waf-blocked,stop_prob,stop=0.25_min1,18,21,0,300,1,0.00
waf-blocked,stop_prob,stop=0.25_min1,19,22,0,300,1,0.00
waf-blocked,stop_prob,stop=0.50_min1,0,22,0,300,1,0.00
waf-blocked,stop_prob,stop=0.50_min1,1,21,0,300,1,0.00
waf-blocked,stop_prob,stop=0.50_min1,2,20,0,300,1,0.00
waf-blocked,stop_prob,stop=0.50_min1,3,23,0,300,1,0.00
waf-blocked,stop_prob,stop=0.50_min1,4,21,0,300,1,0.00
waf-blocked,stop_prob,stop=0.50_min1,5,21,0,300,1,0.00
waf-blocked,stop_prob,stop=0.50_min1,6,21,0,300,1,0.00
waf-blocked,stop_prob,stop=0.50_min1,7,20,0,300,1,0.00
waf-blocked,stop_prob,stop=0.50_min1,8,20,0,300,1,0.00
waf-blocked,stop_prob,stop=0.50_min1,9,21,0,300,1,0.00
waf-blocked,stop_prob,stop=0.50_min1,10,21,0,300,1,0.00
waf-blocked,stop_prob,stop=0.50_min1,11,21,0,300,1,0.00
waf-blocked,stop_prob,stop=0.50_min1,12,20,0,300,1,0.00
waf-blocked,stop_prob,stop=0.50_min1,13,21,0,300,1,0.00
waf-blocked,stop_prob,stop=0.50_min1,14,22,0,300,1,0.00
waf-blocked,stop_prob,stop=0.50_min1,15,24,0,300,1,0.00
waf-blocked,stop_prob,stop=0.50_min1,16,20,0,300,1,0.00
waf-blocked,stop_prob,stop=0.50_min1,17,20,0,300,1,0.00
waf-blocked,stop_prob,stop=0.50_min1,18,26,0,300,1,0.00
waf-blocked,stop_prob,stop=0.50_min1,19,24,0,300,1,0.00
waf-blocked,stop_prob,stop=0.75_min1,0,21,0,300,1,0.00
waf-blocked,stop_prob,stop=0.75_min1,1,22,0,300,1,0.00
waf-blocked,stop_prob,stop=0.75_min1,2,20,0,300,1,0.00
waf-blocked,stop_prob,stop=0.75_min1,3,21,0,300,1,0.00
waf-blocked,stop_prob,stop=0.75_min1,4,22,0,300,1,0.00
waf-blocked,stop_prob,stop=0.75_min1,5,20,0,300,1,0.00
waf-blocked,stop_prob,stop=0.75_min1,6,21,0,300,1,0.00
waf-blocked,stop_prob,stop=0.75_min1,7,29,0,300,1,0.00
waf-blocked,stop_prob,stop=0.75_min1,8,31,0,300,1,0.00
waf-blocked,stop_prob,stop=0.75_min1,9,25,0,300,1,0.00
waf-blocked,stop_prob,stop=0.75_min1,10,21,0,300,1,0.00
waf-blocked,stop_prob,stop=0.75_min1,11,21,0,300,1,0.00
waf-blocked,stop_prob,stop=0.75_min1,12,23,0,300,1,0.00
waf-blocked,stop_prob,stop=0.75_min1,13,24,0,300,1,0.00
waf-blocked,stop_prob,stop=0.75_min1,14,20,0,300,1,0.00
waf-blocked,stop_prob,stop=0.75_min1,15,20,0,300,1,0.00
waf-blocked,stop_prob,stop=0.75_min1,16,20,0,300,1,0.00
waf-blocked,stop_prob,stop=0.75_min1,17,21,0,300,1,0.00
waf-blocked,stop_prob,stop=0.75_min1,18,24,0,300,1,0.00
waf-blocked,stop_prob,stop=0.75_min1,19,20,0,300,1,0.00
waf-blocked,stop_prob,stop=0.90_min1,0,23,0,300,1,0.00
waf-blocked,stop_prob,stop=0.90_min1,1,30,0,300,1,0.00
waf-blocked,stop_prob,stop=0.90_min1,2,23,0,300,1,0.00
waf-blocked,stop_prob,stop=0.90_min1,3,20,0,300,1,0.00
waf-blocked,stop_prob,stop=0.90_min1,4,22,0,300,1,0.00
waf-blocked,stop_prob,stop=0.90_min1,5,29,0,300,1,0.00
waf-blocked,stop_prob,stop=0.90_min1,6,23,0,300,1,0.00
waf-blocked,stop_prob,stop=0.90_min1,7,21,0,300,1,0.00
waf-blocked,stop_prob,stop=0.90_min1,8,20,0,300,1,0.00
waf-blocked,stop_prob,stop=0.90_min1,9,21,0,300,1,0.00
waf-blocked,stop_prob,stop=0.90_min1,10,22,0,300,1,0.00
waf-blocked,stop_prob,stop=0.90_min1,11,20,0,300,1,0.00
waf-blocked,stop_prob,stop=0.90_min1,12,20,0,300,1,0.00
waf-blocked,stop_prob,stop=0.90_min1,13,21,0,300,1,0.00
waf-blocked,stop_prob,stop=0.90_min1,14,21,0,300,1,0.00
waf-blocked,stop_prob,stop=0.90_min1,15,21,0,300,1,0.00
waf-blocked,stop_prob,stop=0.90_min1,16,21,0,300,1,0.00
waf-blocked,stop_prob,stop=0.90_min1,17,20,0,300,1,0.00
waf-blocked,stop_prob,stop=0.90_min1,18,21,0,300,1,0.00
waf-blocked,stop_prob,stop=0.90_min1,19,21,0,300,1,0.00
waf-blocked,min_atoms,min=1,0,25,0,300,1,0.00
waf-blocked,min_atoms,min=1,1,23,0,300,1,0.00
waf-blocked,min_atoms,min=1,2,21,0,300,1,0.00
waf-blocked,min_atoms,min=1,3,28,0,300,1,0.00
waf-blocked,min_atoms,min=1,4,24,0,300,1,0.00
waf-blocked,min_atoms,min=1,5,22,0,300,1,0.00
waf-blocked,min_atoms,min=1,6,22,0,300,1,0.00
waf-blocked,min_atoms,min=1,7,21,0,300,1,0.00
waf-blocked,min_atoms,min=1,8,23,0,300,1,0.00
waf-blocked,min_atoms,min=1,9,26,0,300,1,0.00
waf-blocked,min_atoms,min=1,10,21,0,300,1,0.00
waf-blocked,min_atoms,min=1,11,22,0,300,1,0.00
waf-blocked,min_atoms,min=1,12,22,0,300,1,0.00
waf-blocked,min_atoms,min=1,13,22,0,300,1,0.00
waf-blocked,min_atoms,min=1,14,23,0,300,1,0.00
waf-blocked,min_atoms,min=1,15,22,0,300,1,0.00
waf-blocked,min_atoms,min=1,16,21,0,300,1,0.00
waf-blocked,min_atoms,min=1,17,22,0,300,1,0.00
waf-blocked,min_atoms,min=1,18,23,0,300,1,0.00
waf-blocked,min_atoms,min=1,19,23,0,300,1,0.00
waf-blocked,min_atoms,min=2,0,26,0,300,1,0.00
waf-blocked,min_atoms,min=2,1,30,0,300,1,0.00
waf-blocked,min_atoms,min=2,2,29,0,300,1,0.00
waf-blocked,min_atoms,min=2,3,30,0,300,1,0.00
waf-blocked,min_atoms,min=2,4,22,0,300,1,0.00
waf-blocked,min_atoms,min=2,5,23,0,300,1,0.00
waf-blocked,min_atoms,min=2,6,27,0,300,1,0.00
waf-blocked,min_atoms,min=2,7,24,0,300,1,0.00
waf-blocked,min_atoms,min=2,8,28,0,300,1,0.00
waf-blocked,min_atoms,min=2,9,23,0,300,1,0.00
waf-blocked,min_atoms,min=2,10,32,0,300,1,0.00
waf-blocked,min_atoms,min=2,11,27,0,300,1,0.00
waf-blocked,min_atoms,min=2,12,22,0,300,1,0.00
waf-blocked,min_atoms,min=2,13,23,0,300,1,0.00
waf-blocked,min_atoms,min=2,14,27,0,300,1,0.00
waf-blocked,min_atoms,min=2,15,30,0,300,1,0.00
waf-blocked,min_atoms,min=2,16,27,0,300,1,0.00
waf-blocked,min_atoms,min=2,17,30,0,300,1,0.00
waf-blocked,min_atoms,min=2,18,26,0,300,1,0.00
waf-blocked,min_atoms,min=2,19,29,0,300,1,0.00
waf-blocked,min_atoms,min=3,0,31,0,300,1,0.00
waf-blocked,min_atoms,min=3,1,32,0,300,1,0.00
waf-blocked,min_atoms,min=3,2,32,0,300,1,0.00
waf-blocked,min_atoms,min=3,3,27,0,300,1,0.00
waf-blocked,min_atoms,min=3,4,22,0,300,1,0.00
waf-blocked,min_atoms,min=3,5,24,0,300,1,0.00
waf-blocked,min_atoms,min=3,6,33,0,300,1,0.00
waf-blocked,min_atoms,min=3,7,30,0,300,1,0.00
waf-blocked,min_atoms,min=3,8,25,0,300,1,0.00
waf-blocked,min_atoms,min=3,9,25,0,300,1,0.00
waf-blocked,min_atoms,min=3,10,31,0,300,1,0.00
waf-blocked,min_atoms,min=3,11,27,0,300,1,0.00
waf-blocked,min_atoms,min=3,12,22,0,300,1,0.00
waf-blocked,min_atoms,min=3,13,23,0,300,1,0.00
waf-blocked,min_atoms,min=3,14,29,0,300,1,0.00
waf-blocked,min_atoms,min=3,15,23,0,300,1,0.00
waf-blocked,min_atoms,min=3,16,22,0,300,1,0.00
waf-blocked,min_atoms,min=3,17,23,0,300,1,0.00
waf-blocked,min_atoms,min=3,18,30,0,300,1,0.00
waf-blocked,min_atoms,min=3,19,28,0,300,1,0.00
waf-blocked,min_atoms,min=4,0,25,0,300,1,0.00
waf-blocked,min_atoms,min=4,1,33,0,300,1,0.00
waf-blocked,min_atoms,min=4,2,32,0,300,1,0.00
waf-blocked,min_atoms,min=4,3,24,0,300,1,0.00
waf-blocked,min_atoms,min=4,4,23,0,300,1,0.00
waf-blocked,min_atoms,min=4,5,27,0,300,1,0.00
waf-blocked,min_atoms,min=4,6,28,0,300,1,0.00
waf-blocked,min_atoms,min=4,7,23,0,300,1,0.00
waf-blocked,min_atoms,min=4,8,23,0,300,1,0.00
waf-blocked,min_atoms,min=4,9,25,0,300,1,0.00
waf-blocked,min_atoms,min=4,10,27,0,300,1,0.00
waf-blocked,min_atoms,min=4,11,30,0,300,1,0.00
waf-blocked,min_atoms,min=4,12,23,0,300,1,0.00
waf-blocked,min_atoms,min=4,13,23,0,300,1,0.00
waf-blocked,min_atoms,min=4,14,26,0,300,1,0.00
waf-blocked,min_atoms,min=4,15,23,0,300,1,0.00
waf-blocked,min_atoms,min=4,16,23,0,300,1,0.00
waf-blocked,min_atoms,min=4,17,27,0,300,1,0.00
waf-blocked,min_atoms,min=4,18,30,0,300,1,0.00
waf-blocked,min_atoms,min=4,19,28,0,300,1,0.00
waf-blocked,vocab,vocab=default,0,23,0,300,1,0.00
waf-blocked,vocab,vocab=default,1,22,0,300,1,0.00
waf-blocked,vocab,vocab=default,2,27,0,300,1,0.00
waf-blocked,vocab,vocab=default,3,26,0,300,1,0.00
waf-blocked,vocab,vocab=default,4,24,0,300,1,0.00
waf-blocked,vocab,vocab=default,5,23,0,300,1,0.00
waf-blocked,vocab,vocab=default,6,42,0,300,1,0.00
waf-blocked,vocab,vocab=default,7,35,0,300,1,0.00
waf-blocked,vocab,vocab=default,8,31,0,300,1,0.00
waf-blocked,vocab,vocab=default,9,31,0,300,1,0.00
waf-blocked,vocab,vocab=default,10,31,0,300,1,0.00
waf-blocked,vocab,vocab=default,11,25,0,300,1,0.00
waf-blocked,vocab,vocab=default,12,26,0,300,1,0.00
waf-blocked,vocab,vocab=default,13,31,0,300,1,0.00
waf-blocked,vocab,vocab=default,14,23,0,300,1,0.00
waf-blocked,vocab,vocab=default,15,25,0,300,1,0.00
waf-blocked,vocab,vocab=default,16,25,0,300,1,0.00
waf-blocked,vocab,vocab=default,17,32,0,300,1,0.00
waf-blocked,vocab,vocab=default,18,24,0,300,1,0.00
waf-blocked,vocab,vocab=default,19,25,0,300,1,0.00
waf-blocked,vocab,vocab=xss+,0,26,0,300,1,0.00
waf-blocked,vocab,vocab=xss+,1,31,0,300,1,0.00
waf-blocked,vocab,vocab=xss+,2,32,0,300,1,0.00
waf-blocked,vocab,vocab=xss+,3,26,0,300,1,0.00
waf-blocked,vocab,vocab=xss+,4,23,0,300,1,0.00
waf-blocked,vocab,vocab=xss+,5,28,0,300,1,0.00
waf-blocked,vocab,vocab=xss+,6,29,0,300,1,0.00
waf-blocked,vocab,vocab=xss+,7,28,0,300,1,0.00
waf-blocked,vocab,vocab=xss+,8,32,0,300,1,0.00
waf-blocked,vocab,vocab=xss+,9,23,0,300,1,0.00
waf-blocked,vocab,vocab=xss+,10,26,0,300,1,0.00
waf-blocked,vocab,vocab=xss+,11,23,0,300,1,0.00
waf-blocked,vocab,vocab=xss+,12,23,0,300,1,0.00
waf-blocked,vocab,vocab=xss+,13,28,0,300,1,0.00
waf-blocked,vocab,vocab=xss+,14,29,0,300,1,0.00
waf-blocked,vocab,vocab=xss+,15,25,0,300,1,0.00
waf-blocked,vocab,vocab=xss+,16,23,0,300,1,0.00
waf-blocked,vocab,vocab=xss+,17,23,0,300,1,0.00
waf-blocked,vocab,vocab=xss+,18,24,0,300,1,0.00
waf-blocked,vocab,vocab=xss+,19,23,0,300,1,0.00
waf-blocked,vocab,vocab=sqli+,0,23,0,300,1,0.00
waf-blocked,vocab,vocab=sqli+,1,25,0,300,1,0.00
waf-blocked,vocab,vocab=sqli+,2,22,0,300,1,0.00
waf-blocked,vocab,vocab=sqli+,3,23,0,300,1,0.00
waf-blocked,vocab,vocab=sqli+,4,23,0,300,1,0.00
waf-blocked,vocab,vocab=sqli+,5,23,0,300,1,0.00
waf-blocked,vocab,vocab=sqli+,6,23,0,300,1,0.00
waf-blocked,vocab,vocab=sqli+,7,27,0,300,1,0.00
waf-blocked,vocab,vocab=sqli+,8,25,0,300,1,0.00
waf-blocked,vocab,vocab=sqli+,9,30,0,300,1,0.00
waf-blocked,vocab,vocab=sqli+,10,29,0,300,1,0.00
waf-blocked,vocab,vocab=sqli+,11,28,0,300,1,0.00
waf-blocked,vocab,vocab=sqli+,12,24,0,300,1,0.00
waf-blocked,vocab,vocab=sqli+,13,31,0,300,1,0.00
waf-blocked,vocab,vocab=sqli+,14,31,0,300,1,0.00
waf-blocked,vocab,vocab=sqli+,15,31,0,300,1,0.00
waf-blocked,vocab,vocab=sqli+,16,23,0,300,1,0.00
waf-blocked,vocab,vocab=sqli+,17,23,0,300,1,0.00
waf-blocked,vocab,vocab=sqli+,18,33,0,300,1,0.00
waf-blocked,vocab,vocab=sqli+,19,32,0,300,1,0.00
waf-blocked,vocab,vocab=ssti+,0,24,0,300,1,0.00
waf-blocked,vocab,vocab=ssti+,1,24,0,300,1,0.00
waf-blocked,vocab,vocab=ssti+,2,25,0,300,1,0.00
waf-blocked,vocab,vocab=ssti+,3,29,0,300,1,0.00
waf-blocked,vocab,vocab=ssti+,4,23,0,300,1,0.00
waf-blocked,vocab,vocab=ssti+,5,25,0,300,1,0.00
waf-blocked,vocab,vocab=ssti+,6,23,0,300,1,0.00
waf-blocked,vocab,vocab=ssti+,7,31,0,300,1,0.00
waf-blocked,vocab,vocab=ssti+,8,32,0,300,1,0.00
waf-blocked,vocab,vocab=ssti+,9,30,0,300,1,0.00
waf-blocked,vocab,vocab=ssti+,10,26,0,300,1,0.00
waf-blocked,vocab,vocab=ssti+,11,31,0,300,1,0.00
waf-blocked,vocab,vocab=ssti+,12,31,0,300,1,0.00
waf-blocked,vocab,vocab=ssti+,13,27,0,300,1,0.00
waf-blocked,vocab,vocab=ssti+,14,25,0,300,1,0.00
waf-blocked,vocab,vocab=ssti+,15,26,0,300,1,0.00
waf-blocked,vocab,vocab=ssti+,16,23,0,300,1,0.00
waf-blocked,vocab,vocab=ssti+,17,24,0,300,1,0.00
waf-blocked,vocab,vocab=ssti+,18,23,0,300,1,0.00
waf-blocked,vocab,vocab=ssti+,19,25,0,300,1,0.00
